{
    "uvs": [[0.45451098680496216, 0.40714389085769653, 0.45451101660728455, 0.07665453851222992, 0.6887114644050598, 0.07665453851222992, 0.6887113451957703, 0.40714389085769653, 0.6978318095207214, 0.07665447890758514, 0.6978316903114319, 0.40714389085769653, 0.7069520950317383, 0.07665453851222992, 0.7069520950317383, 0.40714389085769653, 0.7160724997520447, 0.07665453851222992, 0.7160724997520447, 0.40714389085769653, 0.7251927256584167, 0.07665453851222992, 0.7251927256584167, 0.4071440100669861, 0.9593932032585144, 0.0766545981168747, 0.9593932032585144, 0.40714389085769653, 0.9593932032585144, 0.0766545981168747, 0.9593932032585144, 0.40714389085769653, 0.7251927256584167, 0.07665453851222992, 0.7251927256584167, 0.4071440100669861, 0.7160724997520447, 0.07665453851222992, 0.7160724997520447, 0.40714389085769653, 0.7069520950317383, 0.07665453851222992, 0.7069520950317383, 0.40714389085769653, 0.6978318095207214, 0.07665447890758514, 0.6978316903114319, 0.40714389085769653, 0.6887114644050598, 0.07665453851222992, 0.6887113451957703, 0.40714389085769653, 0.45451101660728455, 0.07665453851222992, 0.45451098680496216, 0.40714389085769653]], 
    "faces": [41, 0, 1, 3, 2, 0, 1, 2, 3, 0, 1, 2, 3, 41, 2, 3, 5, 4, 3, 2, 4, 5, 3, 2, 4, 5, 41, 4, 5, 7, 6, 5, 4, 6, 7, 5, 4, 6, 7, 41, 6, 7, 9, 8, 7, 6, 8, 9, 7, 6, 8, 9, 41, 8, 9, 11, 10, 9, 8, 10, 11, 9, 8, 10, 11, 41, 10, 11, 13, 12, 11, 10, 12, 13, 11, 10, 12, 13, 41, 12, 13, 15, 14, 13, 12, 14, 15, 14, 15, 16, 17, 41, 14, 15, 17, 16, 15, 14, 16, 17, 18, 19, 20, 21, 41, 16, 17, 19, 18, 17, 16, 18, 19, 21, 20, 22, 23, 41, 18, 19, 21, 20, 19, 18, 20, 21, 23, 22, 24, 25, 41, 20, 21, 23, 22, 21, 20, 22, 23, 25, 24, 26, 27, 41, 22, 23, 25, 24, 23, 22, 24, 25, 27, 26, 28, 29, 41, 24, 25, 27, 26, 25, 24, 26, 27, 29, 28, 30, 31, 41, 26, 27, 1, 0, 27, 26, 1, 0, 32, 33, 34, 35, 41, 1, 27, 25, 3, 1, 26, 24, 2, 36, 37, 38, 39, 41, 3, 25, 23, 5, 2, 24, 22, 4, 39, 38, 40, 41, 41, 5, 23, 21, 7, 4, 22, 20, 6, 41, 40, 42, 43, 41, 7, 21, 19, 9, 6, 20, 18, 8, 43, 42, 44, 45, 41, 9, 19, 17, 11, 8, 18, 16, 10, 45, 44, 46, 47, 41, 11, 17, 15, 13, 10, 16, 14, 12, 47, 46, 48, 49, 41, 26, 0, 2, 24, 27, 0, 3, 25, 50, 51, 52, 53, 41, 24, 2, 4, 22, 25, 3, 5, 23, 53, 52, 54, 55, 41, 22, 4, 6, 20, 23, 5, 7, 21, 55, 54, 56, 57, 41, 20, 6, 8, 18, 21, 7, 9, 19, 57, 56, 58, 59, 41, 18, 8, 10, 16, 19, 9, 11, 17, 59, 58, 60, 61, 41, 16, 10, 12, 14, 17, 11, 13, 15, 61, 60, 62, 63], 
    "vertices": [-1.17717755, 2.98795033, 1.30405962, -3.89810133, 2.98795033, 0.04050457, -2.04664183, 3.01568127, 3.17635345, -4.76756573, 3.01568127, 1.91279829, -2.07735872, 2.97273397, 3.24249887, -4.79828262, 2.97273397, 1.97894382, -2.08784485, 2.92652202, 3.26507902, -4.80876827, 2.92652202, 2.00152421, -2.07735872, 2.8803103, 3.24249887, -4.79828262, 2.8803103, 1.97894382, -2.04664183, 2.83736324, 3.17635345, -4.76756573, 2.83736324, 1.91279829, -1.17717755, 2.86509395, 1.30405962, -3.89810133, 2.86509395, 0.04050457, -1.1727736, 2.91137719, 1.29457641, -3.89369726, 2.91137719, 0.03102136, -2.0103693, 2.90031409, 3.09824467, -4.7312932, 2.90031409, 1.83468962, -2.03775835, 2.90030551, 3.1572237, -4.75868225, 2.90030551, 1.89366865, -2.05396843, 2.92652202, 3.19213033, -4.77489185, 2.92652202, 1.92857516, -2.03775835, 2.95273852, 3.1572237, -4.75868225, 2.95273852, 1.89366865, -2.0103693, 2.95273018, 3.09824467, -4.7312932, 2.95273018, 1.83468962, -1.1727736, 2.94166708, 1.29457641, -3.89369726, 2.94166708, 0.03102136], 
    "materials": [], 
    "normals": [0.00565743, 0.99990976, -0.01218257, 0.00565743, 0.99990976, -0.01218257, -0.00299857, 0.99997461, 0.00645715, -0.00299858, 0.99997461, 0.00645716, -0.28371397, 0.73908871, 0.61094534, -0.28371406, 0.73908859, 0.61094552, -0.42118523, -5.1e-07, 0.90697455, -0.4211852, -5.1e-07, 0.90697467, -0.28371313, -0.73909026, 0.61094391, -0.28371319, -0.73909003, 0.61094403, -0.00299859, -0.99997461, 0.00645713, -0.00299859, -0.99997461, 0.00645714, 0.00565739, -0.99990976, -0.01218249, 0.00565739, -0.99990976, -0.01218249, 0.41083217, -0.2203566, -0.88468063, 0.4108322, -0.22035661, -0.88468063, 0.4108322, -0.2203566, -0.88468063, 0.41083217, -0.2203566, -0.88468069, -0.00234305, 0.9999845, 0.00504548, -0.00234305, 0.9999845, 0.00504548, -0.00227062, 0.99998546, 0.00488953, -0.00227062, 0.9999854, 0.00488953, 0.10337343, 0.9694131, -0.22260304, 0.10337368, 0.96941304, -0.22260357, 0.42118508, -3e-07, -0.90697467, 0.42118511, -2.4e-07, -0.90697473, 0.10337437, -0.96941274, -0.22260417, 0.10337462, -0.96941262, -0.22260468, -0.00227057, -0.99998546, 0.00488949, -0.00227057, -0.99998552, 0.00488949, -0.00234305, -0.99998444, 0.00504552, -0.00234305, -0.99998444, 0.00504552, 0.4108282, 0.22035447, -0.88468295, 0.41082823, 0.2203545, -0.88468307, 0.41082826, 0.2203545, -0.88468307, 0.4108282, 0.2203545, -0.88468295, -0.90697455, 0.0, -0.42118531, -0.90697461, 0.0, -0.42118531, -0.90697461, 0.0, -0.42118528, -0.90697461, 0.0, -0.42118526, -0.90697491, -2.5e-06, -0.42118472, -0.90697545, -9.67e-06, -0.42118368, -0.90697592, 0.0, -0.42118222, -0.90697598, -0.0, -0.4211823, -0.90697527, -2.68e-06, -0.42118382, -0.90697581, 7.46e-06, -0.42118263, -0.90697515, -8.66e-06, -0.42118421, -0.90697503, -8.39e-06, -0.42118421, -0.90697503, -8.69e-06, -0.42118421, -0.90697515, -8.69e-06, -0.42118424, 0.90697545, -2.17e-06, 0.42118353, 0.90697545, -2.17e-06, 0.42118353, 0.90697539, -1.91e-06, 0.42118376, 0.90697539, -2.15e-06, 0.42118353, 0.90697533, -2.76e-06, 0.42118379, 0.90697473, -7.1e-07, 0.42118469, 0.90697509, -0.0, 0.42118442, 0.90697497, -0.0, 0.42118436, 0.90697467, 2.76e-06, 0.42118514, 0.90697503, 7.1e-07, 0.42118439, 0.90697587, 1.91e-06, 0.42118269, 0.90697592, 2.15e-06, 0.42118251, 0.90697592, 2.17e-06, 0.42118245, 0.90697592, 2.17e-06, 0.42118242], 
    "metadata": {
        "formatVersion": 3.1, 
        "generatedBy": "Maya Exporter"
    }
}