{
    "uvs": [[0.3114583492279053, 0.2627936601638794, 0.6073309183120728, 0.18248309195041656, 0.6073349714279175, 0.18248309195041656, 0.31146228313446045, 0.2627936601638794, 0.3305659890174866, 0.07513527572154999, 0.33056992292404175, 0.07513527572154999, 0.1873810738325119, 0.03696055710315704, 0.18738503754138947, 0.03696055710315704, 0.06765688955783844, 0.10786761343479156, 0.06766082346439362, 0.10786761343479156, 0.07580073177814484, 0.24449743330478668, 0.0758046954870224, 0.24449743330478668, 0.18970887362957, 0.3074861168861389, 0.18971283733844757, 0.3074861168861389, 0.20147083699703217, 0.17461825907230377, 0.20147477090358734, 0.17461825907230377]], 
    "faces": [41, 0, 1, 8, 7, 0, 1, 2, 3, 0, 1, 2, 3, 41, 1, 2, 9, 8, 1, 4, 5, 2, 1, 4, 5, 2, 41, 2, 3, 10, 9, 4, 6, 7, 5, 4, 6, 7, 5, 41, 3, 4, 11, 10, 6, 8, 9, 7, 6, 8, 9, 7, 41, 4, 5, 12, 11, 8, 10, 11, 9, 8, 10, 11, 9, 41, 5, 6, 13, 12, 10, 12, 13, 11, 10, 12, 13, 11, 41, 6, 0, 7, 13, 12, 0, 3, 13, 12, 0, 3, 13, 40, 1, 0, 14, 1, 0, 14, 1, 0, 14, 40, 2, 1, 14, 4, 1, 14, 4, 1, 14, 40, 3, 2, 14, 6, 4, 14, 6, 4, 14, 40, 4, 3, 14, 8, 6, 14, 8, 6, 14, 40, 5, 4, 14, 10, 8, 14, 10, 8, 14, 40, 6, 5, 14, 12, 10, 14, 12, 10, 14, 40, 0, 6, 14, 0, 12, 14, 0, 12, 14, 40, 7, 8, 15, 3, 2, 15, 3, 2, 15, 40, 8, 9, 15, 2, 5, 15, 2, 5, 15, 40, 9, 10, 15, 5, 7, 15, 5, 7, 15, 40, 10, 11, 15, 7, 9, 15, 7, 9, 15, 40, 11, 12, 15, 9, 11, 15, 9, 11, 15, 40, 12, 13, 15, 11, 13, 15, 11, 13, 15, 40, 13, 7, 15, 13, 3, 15, 13, 3, 15], 
    "vertices": [-0.30578911, 0.68017113, -0.83469272, -0.76020056, 0.38930583, -1.80918121, -0.33558744, -0.01230214, -0.89859533, -0.11229169, -0.15316962, -0.41973615, 0.07441729, 0.1084825, -0.01933742, 0.06171703, 0.61265641, -0.04657322, -0.11592197, 0.84508961, -0.42752105, -0.44285423, 0.68017119, -0.77077824, -0.89726579, 0.3893058, -1.74526668, -0.47265255, -0.01230214, -0.8346808, -0.24935684, -0.15316963, -0.35582167, -0.06264782, 0.10848249, 0.04457712, -0.07534814, 0.61265641, 0.01734126, -0.25298691, 0.84508967, -0.36360651, -0.13426448, 0.35479736, -0.46685696, -0.27132964, 0.35479736, -0.40294242], 
    "materials": [], 
    "normals": [0.71268493, 0.49607301, -0.49597561, 0.34886053, 0.07122186, -0.93446445, -0.94008458, 0.07122176, -0.33341923, -0.83804435, 0.4960731, 0.22714123, 0.72844684, -0.45096406, -0.5157485, -0.86332291, -0.450964, 0.22650607, 0.7428177, -0.61621273, -0.2617318, -0.6779722, -0.61621273, 0.40079337, 0.93304545, -0.30498326, 0.19081768, -0.45357513, -0.30498329, 0.8374095, 0.92642266, 0.33480269, 0.17218626, -0.46359062, 0.33480278, 0.82036012, 0.71337187, 0.64349037, -0.27752593, -0.67114365, 0.64349037, 0.36808443, 0.90630776, 2e-08, -0.42261827, -0.90630776, 3e-08, 0.4226183], 
    "metadata": {
        "formatVersion": 3.1, 
        "generatedBy": "Maya Exporter"
    }
}