{
    "uvs": [[0.5974202156066895, 0.03408878296613693, 0.4652310609817505, 0.003917515277862549, 0.3592236042022705, 0.08845570683479309, 0.3592236340045929, 0.22404436767101288, 0.46523112058639526, 0.30858248472213745, 0.5974202752113342, 0.2784111499786377, 0.65625, 0.15625, 0.375, 0.3125, 0.4107142984867096, 0.3125, 0.4464285969734192, 0.3125, 0.4821428954601288, 0.3125, 0.5178571939468384, 0.3125, 0.5535714626312256, 0.3125, 0.5892857313156128, 0.3125, 0.625, 0.3125, 0.375, 0.6884398460388184, 0.4107142984867096, 0.6884398460388184, 0.4464285969734192, 0.6884398460388184, 0.4821428954601288, 0.6884398460388184, 0.5178571939468384, 0.6884398460388184, 0.5535714626312256, 0.6884398460388184, 0.5892857313156128, 0.6884398460388184, 0.625, 0.6884398460388184, 0.5974202156066895, 0.7215887904167175, 0.4652310609817505, 0.6914175152778625, 0.3592236042022705, 0.7759556770324707, 0.3592236340045929, 0.9115443825721741, 0.46523112058639526, 0.9960824847221375, 0.5974202752113342, 0.9659111499786377, 0.65625, 0.84375, 0.5, 0.15000000596046448, 0.5, 0.8374999761581421]], 
    "faces": [41, 0, 1, 8, 7, 7, 8, 16, 15, 0, 1, 2, 3, 41, 1, 2, 9, 8, 8, 9, 17, 16, 4, 5, 6, 7, 41, 2, 3, 10, 9, 9, 10, 18, 17, 8, 9, 10, 11, 41, 3, 4, 11, 10, 10, 11, 19, 18, 12, 13, 14, 15, 41, 4, 5, 12, 11, 11, 12, 20, 19, 16, 17, 18, 19, 41, 5, 6, 13, 12, 12, 13, 21, 20, 20, 21, 22, 23, 41, 6, 0, 7, 13, 13, 14, 22, 21, 24, 25, 26, 27, 40, 1, 0, 14, 1, 0, 30, 28, 29, 30, 40, 2, 1, 14, 2, 1, 30, 31, 28, 30, 40, 3, 2, 14, 3, 2, 30, 32, 31, 30, 40, 4, 3, 14, 4, 3, 30, 33, 32, 30, 40, 5, 4, 14, 5, 4, 30, 34, 33, 30, 40, 6, 5, 14, 6, 5, 30, 35, 34, 30, 40, 0, 6, 14, 0, 6, 30, 29, 35, 30, 40, 7, 8, 15, 28, 27, 31, 36, 37, 38, 40, 8, 9, 15, 27, 26, 31, 37, 39, 38, 40, 9, 10, 15, 26, 25, 31, 39, 40, 38, 40, 10, 11, 15, 25, 24, 31, 40, 41, 38, 40, 11, 12, 15, 24, 23, 31, 41, 42, 38, 40, 12, 13, 15, 23, 29, 31, 42, 43, 38, 40, 13, 7, 15, 29, 28, 31, 43, 36, 38], 
    "vertices": [0.44285426, 0.68017113, -0.77077825, 0.90426526, 0.38381904, -1.76027723, 0.47265253, -0.01230214, -0.83468081, 0.24935684, -0.15316962, -0.35582168, 0.0626478, 0.1084825, 0.04457711, 0.07534811, 0.61265641, 0.01734124, 0.252987, 0.84508961, -0.36360653, 0.30578915, 0.68017119, -0.83469273, 0.76720021, 0.38381901, -1.82419188, 0.33558736, -0.01230214, -0.89859529, 0.11229167, -0.15316963, -0.41973616, -0.07441732, 0.10848249, -0.01933743, -0.061717, 0.61265641, -0.04657324, 0.11592189, 0.84508967, -0.42752107, 0.27132962, 0.35479736, -0.40294243, 0.1342645, 0.35479736, -0.46685697], 
    "materials": [], 
    "normals": [0.11070849, 0.96507931, -0.23741418, 0.11070849, 0.96507925, -0.23741417, 0.11070849, 0.96507937, -0.23741418, 0.11070851, 0.96507931, -0.2374142, 0.15282686, -0.9323262, -0.32773721, 0.15282683, -0.93232626, -0.32773724, 0.15282683, -0.93232626, -0.32773721, 0.15282683, -0.93232626, -0.32773721, 0.10887191, -0.9662481, -0.23347653, 0.10887192, -0.96624821, -0.23347653, 0.10887191, -0.96624815, -0.23347652, 0.10887192, -0.96624821, -0.23347653, -0.21536018, -0.86041975, 0.46184182, -0.21536016, -0.86041969, 0.46184179, -0.21536018, -0.86041975, 0.46184179, -0.21536018, -0.86041975, 0.46184182, -0.42186955, 0.05949974, 0.90470207, -0.42186952, 0.05949974, 0.90470207, -0.42186952, 0.05949974, 0.90470201, -0.42186949, 0.05949973, 0.90470201, -0.20451272, 0.87511289, 0.43857935, -0.20451272, 0.87511289, 0.43857935, -0.20451275, 0.87511295, 0.43857941, -0.20451275, 0.87511301, 0.43857944, 0.14563519, 0.93874907, -0.31231475, 0.1456352, 0.93874907, -0.31231478, 0.14563519, 0.93874907, -0.31231475, 0.1456352, 0.93874913, -0.31231478, 0.90630776, -1.1e-07, 0.42261821, 0.90630788, 4.6e-07, 0.42261827, 0.90630782, 2e-08, 0.42261824, 0.90630782, -4.4e-07, 0.42261839, 0.90630776, 2e-08, 0.42261827, 0.90630782, 1.3e-07, 0.42261827, 0.90630776, 3e-08, 0.42261827, 0.90630782, 1e-08, 0.42261818, -0.90630776, 5.4e-07, -0.4226183, -0.90630776, 0.0, -0.4226183, -0.90630776, 5e-08, -0.4226183, -0.90630782, -3.5e-07, -0.42261824, -0.9063077, 7e-08, -0.4226183, -0.9063077, 8e-08, -0.42261827, -0.90630776, 0.0, -0.42261824, -0.90630782, 7e-08, -0.4226183], 
    "metadata": {
        "formatVersion": 3.1, 
        "generatedBy": "Maya Exporter"
    }
}