{
    "uvs": [[0.5974202156066895, 0.03408878296613693, 0.4652310609817505, 0.003917515277862549, 0.3592236042022705, 0.08845570683479309, 0.3592236340045929, 0.22404436767101288, 0.46523112058639526, 0.30858248472213745, 0.5974202752113342, 0.2784111499786377, 0.65625, 0.15625, 0.375, 0.3125, 0.4107142984867096, 0.3125, 0.4464285969734192, 0.3125, 0.4821428954601288, 0.3125, 0.5178571939468384, 0.3125, 0.5535714626312256, 0.3125, 0.5892857313156128, 0.3125, 0.625, 0.3125, 0.375, 0.6884398460388184, 0.4107142984867096, 0.6884398460388184, 0.4464285969734192, 0.6884398460388184, 0.4821428954601288, 0.6884398460388184, 0.5178571939468384, 0.6884398460388184, 0.5535714626312256, 0.6884398460388184, 0.5892857313156128, 0.6884398460388184, 0.625, 0.6884398460388184, 0.5974202156066895, 0.7215887904167175, 0.4652310609817505, 0.6914175152778625, 0.3592236042022705, 0.7759556770324707, 0.3592236340045929, 0.9115443825721741, 0.46523112058639526, 0.9960824847221375, 0.5974202752113342, 0.9659111499786377, 0.65625, 0.84375, 0.5, 0.15000000596046448, 0.5, 0.8374999761581421]], 
    "faces": [41, 0, 1, 8, 7, 7, 8, 16, 15, 0, 1, 2, 3, 41, 1, 2, 9, 8, 8, 9, 17, 16, 4, 5, 6, 7, 41, 2, 3, 10, 9, 9, 10, 18, 17, 8, 9, 10, 11, 41, 3, 4, 11, 10, 10, 11, 19, 18, 12, 13, 14, 15, 41, 4, 5, 12, 11, 11, 12, 20, 19, 16, 17, 18, 19, 41, 5, 6, 13, 12, 12, 13, 21, 20, 20, 21, 22, 23, 41, 6, 0, 7, 13, 13, 14, 22, 21, 24, 25, 26, 27, 40, 1, 0, 14, 1, 0, 30, 28, 29, 30, 40, 2, 1, 14, 2, 1, 30, 31, 28, 30, 40, 3, 2, 14, 3, 2, 30, 32, 31, 30, 40, 4, 3, 14, 4, 3, 30, 33, 32, 30, 40, 5, 4, 14, 5, 4, 30, 34, 33, 30, 40, 6, 5, 14, 6, 5, 30, 35, 34, 30, 40, 0, 6, 14, 0, 6, 30, 29, 35, 30, 40, 7, 8, 15, 28, 27, 31, 36, 37, 38, 40, 8, 9, 15, 27, 26, 31, 37, 39, 38, 40, 9, 10, 15, 26, 25, 31, 39, 40, 38, 40, 10, 11, 15, 25, 24, 31, 40, 41, 38, 40, 11, 12, 15, 24, 23, 31, 41, 42, 38, 40, 12, 13, 15, 23, 29, 31, 42, 43, 38, 40, 13, 7, 15, 29, 28, 31, 43, 36, 38], 
    "vertices": [-0.30578912, 0.68017113, -0.83469273, -0.76020056, 0.38930583, -1.80918117, -0.33558745, -0.01230214, -0.89859529, -0.1122917, -0.15316962, -0.41973616, 0.07441729, 0.1084825, -0.01933743, 0.06171703, 0.61265641, -0.04657324, -0.11592192, 0.84508961, -0.42752107, -0.44285423, 0.68017119, -0.77077825, -0.89726574, 0.3893058, -1.74526663, -0.4726525, -0.01230214, -0.83468081, -0.24935681, -0.15316963, -0.35582168, -0.06264782, 0.10848249, 0.04457711, -0.07534814, 0.61265641, 0.01734124, -0.25298697, 0.84508967, -0.36360653, -0.13426447, 0.35479736, -0.46685697, -0.27132965, 0.35479736, -0.40294243], 
    "materials": [], 
    "normals": [-0.11035759, 0.96530396, -0.23666312, -0.11035758, 0.96530396, -0.23666312, -0.11035758, 0.96530396, -0.23666312, -0.11035758, 0.9653039, -0.23666312, -0.15686218, -0.92856586, -0.33639228, -0.1568622, -0.92856586, -0.33639225, -0.1568622, -0.92856586, -0.33639228, -0.15686218, -0.92856586, -0.33639228, -0.10887154, -0.96624815, -0.23347652, -0.10887153, -0.96624815, -0.23347652, -0.10887154, -0.96624815, -0.23347652, -0.10887153, -0.96624815, -0.23347653, 0.21536039, -0.86041975, 0.4618417, 0.21536039, -0.86041975, 0.4618417, 0.21536037, -0.86041981, 0.46184167, 0.21536037, -0.86041981, 0.46184167, 0.42186943, 0.05949968, 0.90470207, 0.42186943, 0.05949968, 0.90470207, 0.4218694, 0.05949968, 0.90470207, 0.42186943, 0.05949968, 0.90470207, 0.20451307, 0.87511295, 0.43857938, 0.20451307, 0.87511295, 0.43857935, 0.20451304, 0.87511283, 0.43857929, 0.20451306, 0.87511289, 0.43857932, -0.14563459, 0.93874902, -0.31231549, -0.14563458, 0.93874896, -0.31231543, -0.14563458, 0.93874896, -0.31231543, -0.14563458, 0.9387489, -0.31231543, 0.90630776, -2e-07, -0.42261821, 0.9063077, -4.2e-07, -0.42261833, 0.90630782, -1.1e-07, -0.42261827, 0.9063077, -6e-08, -0.42261827, 0.9063077, -7e-08, -0.4226183, 0.90630782, -1e-08, -0.42261818, 0.90630782, -6e-08, -0.42261821, 0.90630782, 9e-08, -0.42261818, -0.90630782, 5.3e-07, 0.42261824, -0.90630776, -2.5e-07, 0.42261824, -0.90630776, -1e-07, 0.42261821, -0.9063077, -7.5e-07, 0.42261821, -0.90630788, -1.2e-07, 0.42261821, -0.90630776, 0.0, 0.42261824, -0.90630776, 0.0, 0.42261824, -0.90630782, 2e-08, 0.42261824], 
    "metadata": {
        "formatVersion": 3.1, 
        "generatedBy": "Maya Exporter"
    }
}