{
    "uvs": [[0.0, 0.125, 0.10000000149011612, 0.125, 0.20000000298023224, 0.125, 0.30000001192092896, 0.125, 0.4000000059604645, 0.125, 0.5, 0.125, 0.6000000238418579, 0.125, 0.7000000476837158, 0.125, 0.8000000715255737, 0.125, 0.9000000953674316, 0.125, 1.0000001192092896, 0.125, 0.0, 0.25, 0.10000000149011612, 0.25, 0.20000000298023224, 0.25, 0.30000001192092896, 0.25, 0.4000000059604645, 0.25, 0.5, 0.25, 0.6000000238418579, 0.25, 0.7000000476837158, 0.25, 0.8000000715255737, 0.25, 0.9000000953674316, 0.25, 1.0000001192092896, 0.25, 0.0, 0.375, 0.10000000149011612, 0.375, 0.20000000298023224, 0.375, 0.30000001192092896, 0.375, 0.4000000059604645, 0.375, 0.5, 0.375, 0.6000000238418579, 0.375, 0.7000000476837158, 0.375, 0.8000000715255737, 0.375, 0.9000000953674316, 0.375, 1.0000001192092896, 0.375, 0.0, 0.5, 0.10000000149011612, 0.5, 0.20000000298023224, 0.5, 0.30000001192092896, 0.5, 0.4000000059604645, 0.5, 0.5, 0.5, 0.6000000238418579, 0.5, 0.7000000476837158, 0.5, 0.8000000715255737, 0.5, 0.9000000953674316, 0.5, 1.0000001192092896, 0.5, 0.0, 0.625, 0.10000000149011612, 0.625, 0.20000000298023224, 0.625, 0.30000001192092896, 0.625, 0.4000000059604645, 0.625, 0.5, 0.625, 0.6000000238418579, 0.625, 0.7000000476837158, 0.625, 0.8000000715255737, 0.625, 0.9000000953674316, 0.625, 1.0000001192092896, 0.625, 0.0, 0.75, 0.10000000149011612, 0.75, 0.20000000298023224, 0.75, 0.30000001192092896, 0.75, 0.4000000059604645, 0.75, 0.5, 0.75, 0.6000000238418579, 0.75, 0.7000000476837158, 0.75, 0.8000000715255737, 0.75, 0.9000000953674316, 0.75, 1.0000001192092896, 0.75, 0.0, 0.875, 0.10000000149011612, 0.875, 0.20000000298023224, 0.875, 0.30000001192092896, 0.875, 0.4000000059604645, 0.875, 0.5, 0.875, 0.6000000238418579, 0.875, 0.7000000476837158, 0.875, 0.8000000715255737, 0.875, 0.9000000953674316, 0.875, 1.0000001192092896, 0.875, 0.05000000074505806, 0.0, 0.15000000596046448, 0.0, 0.25, 0.0, 0.3499999940395355, 0.0, 0.45000001788139343, 0.0, 0.550000011920929, 0.0, 0.6500000357627869, 0.0, 0.75, 0.0, 0.8500000238418579, 0.0, 0.949999988079071, 0.0, 0.05000000074505806, 1.0, 0.15000000596046448, 1.0, 0.25, 1.0, 0.3499999940395355, 1.0, 0.45000001788139343, 1.0, 0.550000011920929, 1.0, 0.6500000357627869, 1.0, 0.75, 1.0, 0.8500000238418579, 1.0, 0.949999988079071, 1.0]], 
    "faces": [41, 0, 1, 11, 10, 0, 1, 12, 11, 0, 1, 2, 3, 41, 1, 2, 12, 11, 1, 2, 13, 12, 1, 4, 5, 2, 41, 2, 3, 13, 12, 2, 3, 14, 13, 4, 6, 7, 5, 41, 3, 4, 14, 13, 3, 4, 15, 14, 6, 8, 9, 7, 41, 4, 5, 15, 14, 4, 5, 16, 15, 8, 10, 11, 9, 41, 5, 6, 16, 15, 5, 6, 17, 16, 10, 12, 13, 11, 41, 6, 7, 17, 16, 6, 7, 18, 17, 12, 14, 15, 13, 41, 7, 8, 18, 17, 7, 8, 19, 18, 14, 16, 17, 15, 41, 8, 9, 19, 18, 8, 9, 20, 19, 16, 18, 19, 17, 41, 9, 0, 10, 19, 9, 10, 21, 20, 18, 0, 3, 19, 41, 10, 11, 21, 20, 11, 12, 23, 22, 3, 2, 20, 21, 41, 11, 12, 22, 21, 12, 13, 24, 23, 2, 5, 22, 20, 41, 12, 13, 23, 22, 13, 14, 25, 24, 5, 7, 23, 22, 41, 13, 14, 24, 23, 14, 15, 26, 25, 7, 9, 24, 23, 41, 14, 15, 25, 24, 15, 16, 27, 26, 9, 11, 25, 24, 41, 15, 16, 26, 25, 16, 17, 28, 27, 11, 13, 26, 25, 41, 16, 17, 27, 26, 17, 18, 29, 28, 13, 15, 27, 26, 41, 17, 18, 28, 27, 18, 19, 30, 29, 15, 17, 28, 27, 41, 18, 19, 29, 28, 19, 20, 31, 30, 17, 19, 29, 28, 41, 19, 10, 20, 29, 20, 21, 32, 31, 19, 3, 21, 29, 41, 20, 21, 31, 30, 22, 23, 34, 33, 21, 20, 30, 31, 41, 21, 22, 32, 31, 23, 24, 35, 34, 20, 22, 32, 30, 41, 22, 23, 33, 32, 24, 25, 36, 35, 22, 23, 33, 32, 41, 23, 24, 34, 33, 25, 26, 37, 36, 23, 24, 34, 33, 41, 24, 25, 35, 34, 26, 27, 38, 37, 24, 25, 35, 34, 41, 25, 26, 36, 35, 27, 28, 39, 38, 25, 26, 36, 35, 41, 26, 27, 37, 36, 28, 29, 40, 39, 26, 27, 37, 36, 41, 27, 28, 38, 37, 29, 30, 41, 40, 27, 28, 38, 37, 41, 28, 29, 39, 38, 30, 31, 42, 41, 28, 29, 39, 38, 41, 29, 20, 30, 39, 31, 32, 43, 42, 29, 21, 31, 39, 41, 30, 31, 41, 40, 33, 34, 45, 44, 31, 30, 40, 41, 41, 31, 32, 42, 41, 34, 35, 46, 45, 30, 32, 42, 40, 41, 32, 33, 43, 42, 35, 36, 47, 46, 32, 33, 43, 42, 41, 33, 34, 44, 43, 36, 37, 48, 47, 33, 34, 44, 43, 41, 34, 35, 45, 44, 37, 38, 49, 48, 34, 35, 45, 44, 41, 35, 36, 46, 45, 38, 39, 50, 49, 35, 36, 46, 45, 41, 36, 37, 47, 46, 39, 40, 51, 50, 36, 37, 47, 46, 41, 37, 38, 48, 47, 40, 41, 52, 51, 37, 38, 48, 47, 41, 38, 39, 49, 48, 41, 42, 53, 52, 38, 39, 49, 48, 41, 39, 30, 40, 49, 42, 43, 54, 53, 39, 31, 41, 49, 41, 40, 41, 51, 50, 44, 45, 56, 55, 41, 40, 50, 51, 41, 41, 42, 52, 51, 45, 46, 57, 56, 40, 42, 52, 50, 41, 42, 43, 53, 52, 46, 47, 58, 57, 42, 43, 53, 52, 41, 43, 44, 54, 53, 47, 48, 59, 58, 43, 44, 54, 53, 41, 44, 45, 55, 54, 48, 49, 60, 59, 44, 45, 55, 54, 41, 45, 46, 56, 55, 49, 50, 61, 60, 45, 46, 56, 55, 41, 46, 47, 57, 56, 50, 51, 62, 61, 46, 47, 57, 56, 41, 47, 48, 58, 57, 51, 52, 63, 62, 47, 48, 58, 57, 41, 48, 49, 59, 58, 52, 53, 64, 63, 48, 49, 59, 58, 41, 49, 40, 50, 59, 53, 54, 65, 64, 49, 41, 51, 59, 41, 50, 51, 61, 60, 55, 56, 67, 66, 51, 50, 60, 61, 41, 51, 52, 62, 61, 56, 57, 68, 67, 50, 52, 62, 60, 41, 52, 53, 63, 62, 57, 58, 69, 68, 52, 53, 63, 62, 41, 53, 54, 64, 63, 58, 59, 70, 69, 53, 54, 64, 63, 41, 54, 55, 65, 64, 59, 60, 71, 70, 54, 55, 65, 64, 41, 55, 56, 66, 65, 60, 61, 72, 71, 55, 56, 66, 65, 41, 56, 57, 67, 66, 61, 62, 73, 72, 56, 57, 67, 66, 41, 57, 58, 68, 67, 62, 63, 74, 73, 57, 58, 68, 67, 41, 58, 59, 69, 68, 63, 64, 75, 74, 58, 59, 69, 68, 41, 59, 50, 60, 69, 64, 65, 76, 75, 59, 51, 61, 69, 40, 1, 0, 70, 1, 0, 77, 1, 0, 70, 40, 2, 1, 70, 2, 1, 78, 4, 1, 70, 40, 3, 2, 70, 3, 2, 79, 6, 4, 70, 40, 4, 3, 70, 4, 3, 80, 8, 6, 70, 40, 5, 4, 70, 5, 4, 81, 10, 8, 70, 40, 6, 5, 70, 6, 5, 82, 12, 10, 70, 40, 7, 6, 70, 7, 6, 83, 14, 12, 70, 40, 8, 7, 70, 8, 7, 84, 16, 14, 70, 40, 9, 8, 70, 9, 8, 85, 18, 16, 70, 40, 0, 9, 70, 10, 9, 86, 0, 18, 70, 40, 60, 61, 71, 66, 67, 87, 61, 60, 71, 40, 61, 62, 71, 67, 68, 88, 60, 62, 71, 40, 62, 63, 71, 68, 69, 89, 62, 63, 71, 40, 63, 64, 71, 69, 70, 90, 63, 64, 71, 40, 64, 65, 71, 70, 71, 91, 64, 65, 71, 40, 65, 66, 71, 71, 72, 92, 65, 66, 71, 40, 66, 67, 71, 72, 73, 93, 66, 67, 71, 40, 67, 68, 71, 73, 74, 94, 67, 68, 71, 40, 68, 69, 71, 74, 75, 95, 68, 69, 71, 40, 69, 60, 71, 75, 76, 96, 69, 61, 71],