{
    "uvs": [[0.0, 0.25, 0.1666666716337204, 0.25, 0.3333333432674408, 0.25, 0.5, 0.25, 0.6666666865348816, 0.25, 0.8333333730697632, 0.25, 1.0, 0.25, 0.0, 0.5, 0.1666666716337204, 0.5, 0.3333333432674408, 0.5, 0.5, 0.5, 0.6666666865348816, 0.5, 0.8333333730697632, 0.5, 1.0, 0.5, 0.0, 0.75, 0.1666666716337204, 0.75, 0.3333333432674408, 0.75, 0.5, 0.75, 0.6666666865348816, 0.75, 0.8333333730697632, 0.75, 1.0, 0.75, 0.0833333358168602, 0.0, 0.25, 0.0, 0.4166666865348816, 0.0, 0.5833333730697632, 0.0, 0.75, 0.0, 0.9166666865348816, 0.0, 0.0833333358168602, 1.0, 0.25, 1.0, 0.4166666865348816, 1.0, 0.5833333730697632, 1.0, 0.75, 1.0, 0.9166666865348816, 1.0]], 
    "faces": [41, 0, 1, 7, 6, 0, 1, 8, 7, 0, 1, 2, 3, 41, 1, 2, 8, 7, 1, 2, 9, 8, 4, 5, 6, 7, 41, 2, 3, 9, 8, 2, 3, 10, 9, 8, 9, 10, 11, 41, 3, 4, 10, 9, 3, 4, 11, 10, 12, 13, 14, 15, 41, 4, 5, 11, 10, 4, 5, 12, 11, 16, 17, 18, 19, 41, 5, 0, 6, 11, 5, 6, 13, 12, 20, 21, 22, 23, 41, 6, 7, 13, 12, 7, 8, 15, 14, 24, 25, 26, 27, 41, 7, 8, 14, 13, 8, 9, 16, 15, 28, 29, 30, 31, 41, 8, 9, 15, 14, 9, 10, 17, 16, 32, 33, 34, 35, 41, 9, 10, 16, 15, 10, 11, 18, 17, 36, 37, 38, 39, 41, 10, 11, 17, 16, 11, 12, 19, 18, 40, 41, 42, 43, 41, 11, 6, 12, 17, 12, 13, 20, 19, 44, 45, 46, 47, 40, 1, 0, 18, 1, 0, 21, 48, 49, 50, 40, 2, 1, 18, 2, 1, 22, 51, 52, 53, 40, 3, 2, 18, 3, 2, 23, 54, 55, 56, 40, 4, 3, 18, 4, 3, 24, 57, 58, 59, 40, 5, 4, 18, 5, 4, 25, 60, 61, 62, 40, 0, 5, 18, 6, 5, 26, 63, 64, 65, 40, 12, 13, 19, 14, 15, 27, 66, 67, 68, 40, 13, 14, 19, 15, 16, 28, 69, 70, 71, 40, 14, 15, 19, 16, 17, 29, 72, 73, 74, 40, 15, 16, 19, 17, 18, 30, 75, 76, 77, 40, 16, 17, 19, 18, 19, 31, 78, 79, 80, 40, 17, 12, 19, 19, 20, 32, 81, 82, 83], 
    "vertices": [0.09145511, 0.20412454, -0.28008503, -0.21578857, 0.20412454, -0.28008512, -0.36941043, 0.20412454, -5e-08, -0.21578865, 0.20412454, 0.28008503, 0.09145503, 0.20412454, 0.28008509, 0.24507688, 0.20412454, -0.0, 0.28402415, 1.40798485, -0.45250863, -0.23644647, 1.47691214, -0.45250875, -0.49668184, 1.51137578, -8e-08, -0.23644662, 1.47691226, 0.45250869, 0.284024, 1.40798485, 0.45250872, 0.54425931, 1.37352121, 0.0, 0.27321124, 1.95617342, -0.31997195, -0.09303174, 2.00491238, -0.31997201, -0.27615333, 2.02928185, -6e-08, -0.09303185, 2.00491238, 0.31997195, 0.27321115, 1.95617342, 0.31997198, 0.45633265, 1.93180394, 0.0, -0.06216679, -0.06521872, -0.0, 0.10068066, 2.16137218, 0.0], 
    "materials": [], 
    "normals": [-0.01141848, -0.13712251, -0.99048829, -0.01141849, -0.13712253, -0.99048829, -0.01141848, -0.13712251, -0.99048817, -0.01141848, -0.13712251, -0.99048823, -0.86936736, -0.08240873, -0.4872466, -0.86936724, -0.08240873, -0.4872466, -0.8693673, -0.08240873, -0.48724657, -0.86936736, -0.08240874, -0.48724663, -0.86936748, -0.08240875, 0.48724636, -0.86936742, -0.08240873, 0.48724633, -0.86936742, -0.08240874, 0.4872463, -0.86936748, -0.08240875, 0.48724636, -0.01141883, -0.1371225, 0.99048829, -0.01141883, -0.1371225, 0.99048823, -0.01141883, -0.1371225, 0.99048829, -0.01141883, -0.13712248, 0.99048817, 0.84680009, -0.21093765, 0.48829791, 0.84680009, -0.21093765, 0.48829794, 0.84680009, -0.21093763, 0.48829788, 0.84680015, -0.21093766, 0.48829794, 0.84680021, -0.21093766, -0.48829773, 0.84680021, -0.21093763, -0.48829773, 0.84680021, -0.21093768, -0.48829776, 0.84680009, -0.21093765, -0.4882977, 0.0312392, 0.23541242, -0.97139341, 0.0312392, 0.23541242, -0.97139335, 0.03123921, 0.23541246, -0.97139341, 0.0312392, 0.23541243, -0.97139335, -0.80372649, 0.34142172, -0.4872933, -0.80372655, 0.34142175, -0.48729333, -0.80372649, 0.34142169, -0.48729327, -0.80372649, 0.34142169, -0.48729321, -0.80372667, 0.34142181, 0.48729303, -0.80372673, 0.34142184, 0.48729309, -0.80372667, 0.34142181, 0.48729303, -0.80372667, 0.34142181, 0.48729306, 0.03123897, 0.23541254, 0.97139335, 0.03123897, 0.23541258, 0.97139341, 0.03123897, 0.23541257, 0.97139341, 0.03123896, 0.23541254, 0.97139329, 0.86374861, 0.13522695, 0.4854399, 0.86374861, 0.13522695, 0.48543987, 0.86374867, 0.13522698, 0.48543996, 0.86374867, 0.13522695, 0.48543987, 0.86374867, 0.13522691, -0.48543966, 0.86374873, 0.13522692, -0.48543972, 0.86374873, 0.13522691, -0.48543966, 0.86374879, 0.13522692, -0.48543975, 1.9e-07, -0.72079355, -0.69314975, 1.9e-07, -0.72079355, -0.69314981, 1.9e-07, -0.72079349, -0.69314981, -0.61992788, -0.70716059, -0.34001979, -0.61992788, -0.70716059, -0.34001979, -0.6199277, -0.70716047, -0.3400197, -0.619928, -0.70716053, 0.34001967, -0.61992788, -0.70716041, 0.34001961, -0.61992794, -0.70716041, 0.34001964, -1.2e-07, -0.72079355, 0.69314975, -1.2e-07, -0.7207936, 0.69314981, -1.2e-07, -0.72079349, 0.69314975, 0.61992788, -0.70716053, 0.34001979, 0.61992782, -0.70716041, 0.34001973, 0.61992776, -0.70716041, 0.34001976, 0.61992794, -0.70716047, -0.34001967, 0.619928, -0.70716059, -0.3400197, 0.61992788, -0.70716047, -0.34001961, 0.11487252, 0.86319464, -0.49162915, 0.11487253, 0.8631947, -0.49162918, 0.11487252, 0.8631947, -0.49162915, -0.32005623, 0.91307276, -0.25270948, -0.32005623, 0.91307276, -0.25270948, -0.32005623, 0.91307276, -0.25270948, -0.32005632, 0.91307276, 0.25270948, -0.32005629, 0.91307271, 0.25270948, -0.32005629, 0.91307276, 0.25270945, 0.11487237, 0.8631947, 0.49162909, 0.11487238, 0.8631947, 0.49162912, 0.11487237, 0.8631947, 0.49162912, 0.52657217, 0.81577671, 0.23922816, 0.52657217, 0.81577677, 0.23922819, 0.52657211, 0.81577671, 0.23922814, 0.52657211, 0.81577671, -0.23922817, 0.52657211, 0.81577677, -0.23922817, 0.52657211, 0.81577671, -0.23922816], 
    "metadata": {
        "formatVersion": 3.1, 
        "generatedBy": "Maya Exporter"
    }
}