{
    "uvs": [[0.0, 0.25, 0.1666666716337204, 0.25, 0.3333333432674408, 0.25, 0.5, 0.25, 0.6666666865348816, 0.25, 0.8333333730697632, 0.25, 1.0, 0.25, 0.0, 0.5, 0.1666666716337204, 0.5, 0.3333333432674408, 0.5, 0.5, 0.5, 0.6666666865348816, 0.5, 0.8333333730697632, 0.5, 1.0, 0.5, 0.0, 0.75, 0.1666666716337204, 0.75, 0.3333333432674408, 0.75, 0.5, 0.75, 0.6666666865348816, 0.75, 0.8333333730697632, 0.75, 1.0, 0.75, 0.0833333358168602, 0.0, 0.25, 0.0, 0.4166666865348816, 0.0, 0.5833333730697632, 0.0, 0.75, 0.0, 0.9166666865348816, 0.0, 0.0833333358168602, 1.0, 0.25, 1.0, 0.4166666865348816, 1.0, 0.5833333730697632, 1.0, 0.75, 1.0, 0.9166666865348816, 1.0]], 
    "faces": [41, 0, 1, 7, 6, 0, 1, 8, 7, 0, 1, 2, 3, 41, 1, 2, 8, 7, 1, 2, 9, 8, 4, 5, 6, 7, 41, 2, 3, 9, 8, 2, 3, 10, 9, 8, 9, 10, 11, 41, 3, 4, 10, 9, 3, 4, 11, 10, 12, 13, 14, 15, 41, 4, 5, 11, 10, 4, 5, 12, 11, 16, 17, 18, 19, 41, 5, 0, 6, 11, 5, 6, 13, 12, 20, 21, 22, 23, 41, 6, 7, 13, 12, 7, 8, 15, 14, 24, 25, 26, 27, 41, 7, 8, 14, 13, 8, 9, 16, 15, 28, 29, 30, 31, 41, 8, 9, 15, 14, 9, 10, 17, 16, 32, 33, 34, 35, 41, 9, 10, 16, 15, 10, 11, 18, 17, 36, 37, 38, 39, 41, 10, 11, 17, 16, 11, 12, 19, 18, 40, 41, 42, 43, 41, 11, 6, 12, 17, 12, 13, 20, 19, 44, 45, 46, 47, 40, 1, 0, 18, 1, 0, 21, 48, 49, 50, 40, 2, 1, 18, 2, 1, 22, 51, 52, 53, 40, 3, 2, 18, 3, 2, 23, 54, 55, 56, 40, 4, 3, 18, 4, 3, 24, 57, 58, 59, 40, 5, 4, 18, 5, 4, 25, 60, 61, 62, 40, 0, 5, 18, 6, 5, 26, 63, 64, 65, 40, 12, 13, 19, 14, 15, 27, 66, 67, 68, 40, 13, 14, 19, 15, 16, 28, 69, 70, 71, 40, 14, 15, 19, 16, 17, 29, 72, 73, 74, 40, 15, 16, 19, 17, 18, 30, 75, 76, 77, 40, 16, 17, 19, 18, 19, 31, 78, 79, 80, 40, 17, 12, 19, 19, 20, 32, 81, 82, 83], 
    "vertices": [-0.00126125, 0.10678107, -0.09642607, -0.10364164, -0.02350282, -0.09642607, -0.15483178, -0.08864497, -3e-08, -0.10364176, -0.02350306, 0.09642601, -0.00126125, 0.10678107, 0.09642607, 0.04992889, 0.17192323, -1e-08, -0.2268274, 0.34299214, -0.13767201, -0.38183571, 0.14657027, -0.13767207, -0.45933975, 0.0483591, -3e-08, -0.38183583, 0.14657003, 0.13767201, -0.2268274, 0.34299214, 0.13767201, -0.149323, 0.44120295, -1e-08, -0.45921446, 0.47614653, -0.09734881, -0.56838931, 0.33798844, -0.09734887, -0.62297679, 0.26890928, -3e-08, -0.56838943, 0.33798844, 0.09734881, -0.45921446, 0.47614653, 0.09734881, -0.40462662, 0.54522545, -1e-08, 0.06467412, -0.0504009, -1e-08, -0.58702828, 0.45680446, -1e-08], 
    "materials": [{
        "opacity": 0.0, 
        "colorDiffuse": [0.4000000059604645, 0.4000000059604645, 0.4000000059604645], 
        "depthWrite": true, 
        "blending": "NormalBlending", 
        "shading": "Lambert", 
        "DbgName": "lambert1", 
        "transparent": true, 
        "depthTest": true, 
        "vertexColors": false
    }], 
    "normals": [0.099327, -0.07825262, -0.9919731, 0.09932701, -0.07825262, -0.9919731, 0.09932701, -0.07825262, -0.9919731, 0.09932699, -0.07825261, -0.99197304, -0.31611422, -0.68764365, -0.65361899, -0.31611425, -0.68764365, -0.65361905, -0.31611422, -0.68764365, -0.65361905, -0.31611425, -0.68764371, -0.65361905, -0.31611463, -0.68764389, 0.65361857, -0.31611466, -0.68764395, 0.65361863, -0.31611466, -0.687644, 0.65361863, -0.31611466, -0.68764395, 0.65361863, 0.09932685, -0.0782528, 0.9919731, 0.09932685, -0.0782528, 0.99197304, 0.09932684, -0.07825279, 0.99197292, 0.09932686, -0.07825281, 0.99197304, 0.60610306, 0.45621035, 0.65154511, 0.60610306, 0.45621032, 0.65154511, 0.60610312, 0.45621035, 0.65154517, 0.60610312, 0.45621035, 0.65154517, 0.60610324, 0.45621005, -0.65154505, 0.6061033, 0.45621014, -0.65154517, 0.6061033, 0.45621014, -0.65154517, 0.6061033, 0.45621011, -0.65154517, -0.11807731, 0.09323364, -0.98861784, -0.11807731, 0.09323363, -0.9886179, -0.11807731, 0.09323363, -0.98861784, -0.11807729, 0.09323363, -0.98861772, -0.60380268, -0.44877428, -0.65880489, -0.60380268, -0.44877431, -0.65880483, -0.60380274, -0.44877434, -0.65880489, -0.60380274, -0.44877434, -0.65880489, -0.60380316, -0.44877544, 0.65880358, -0.6038031, -0.44877538, 0.65880364, -0.60380322, -0.44877553, 0.6588037, -0.60380322, -0.44877547, 0.65880364, -0.11807743, 0.09323363, 0.98861778, -0.11807744, 0.09323364, 0.98861772, -0.11807744, 0.09323364, 0.98861778, -0.11807745, 0.09323365, 0.98861784, 0.28508675, 0.69790345, 0.65700549, 0.28508675, 0.69790351, 0.65700555, 0.28508675, 0.69790351, 0.65700555, 0.28508675, 0.69790345, 0.65700555, 0.28508663, 0.69790381, -0.65700531, 0.28508663, 0.69790381, -0.65700525, 0.28508663, 0.69790375, -0.65700525, 0.2850866, 0.69790375, -0.65700531, 0.42726654, -0.3357569, -0.83947039, 0.42726657, -0.3357569, -0.83947039, 0.42726651, -0.33575687, -0.83947033, 0.14883521, -0.85425466, -0.49809346, 0.1488352, -0.85425466, -0.49809343, 0.14883521, -0.85425466, -0.49809349, 0.14883511, -0.85425597, 0.4980911, 0.14883511, -0.85425591, 0.49809104, 0.14883511, -0.85425603, 0.4980911, 0.42726627, -0.33575737, 0.83947039, 0.42726627, -0.33575737, 0.83947039, 0.42726624, -0.33575734, 0.83947033, 0.86522341, 0.05738428, 0.49809176, 0.86522341, 0.05738429, 0.49809179, 0.86522341, 0.05738428, 0.49809185, 0.86522341, 0.0573843, -0.49809185, 0.86522341, 0.0573843, -0.49809179, 0.86522335, 0.0573843, -0.49809179, -0.58117598, 0.45925388, -0.67180383, -0.58117592, 0.45925382, -0.67180377, -0.58117586, 0.45925382, -0.67180383, -0.90639389, 0.1734143, -0.38519779, -0.90639395, 0.17341432, -0.38519788, -0.90639395, 0.17341432, -0.38519785, -0.90639454, 0.17341429, 0.38519651, -0.9063946, 0.17341429, 0.38519648, -0.9063946, 0.17341429, 0.38519651, -0.58117467, 0.45925549, 0.67180377, -0.58117473, 0.45925549, 0.67180383, -0.58117473, 0.45925555, 0.67180383, -0.40585327, 0.83722532, 0.36651969, -0.4058533, 0.83722544, 0.36651975, -0.40585324, 0.83722538, 0.36651966, -0.40585327, 0.83722544, -0.36651975, -0.40585324, 0.83722538, -0.36651969, -0.40585321, 0.83722538, -0.36651969], 
    "metadata": {
        "formatVersion": 3.1, 
        "generatedBy": "Maya Exporter"
    }
}