{
    "uvs": [[0.21896639466285706, 0.5658653974533081, 0.07431681454181671, 0.5256534218788147, 0.11321388930082321, 0.2566286325454712, 0.331532746553421, 0.3177674114704132, 0.11342229694128036, 0.6652519106864929, 0.001992015866562724, 0.5055467486381531, 0.004054453689604998, 0.22606052458286285, 0.20306482911109924, 0.05264157056808472, 0.356677770614624, 0.09575881063938141, 0.1262582689523697, 0.031082309782505035, 0.29420626163482666, 0.0018717002822086215, 0.4406921863555908, 0.348336786031723, 0.43348434567451477, 0.11731678992509842, 0.5208218097686768, 0.1414714902639389, 0.6654712557792664, 0.10125885903835297, 0.7780377864837646, 0.34935685992240906, 0.559718906879425, 0.41049498319625854, 0.5599272847175598, 0.0018717002822086215, 0.7377961874008179, 0.08115222305059433, 0.8871971964836121, 0.3187877833843231, 0.8031826615333557, 0.5713660717010498, 0.6495698094367981, 0.6144829988479614, 0.4484970271587372, 0.16157813370227814, 0.45055946707725525, 0.4410640597343445, 0.8799893260002136, 0.5498074889183044, 0.7407112717628479, 0.6652519106864929, 0.5727632641792297, 0.6360412836074829, 0.3330846428871155, 0.7641923427581787, 0.2607596814632416, 0.8591424226760864, 0.15521574020385742, 0.7641923427581787, 0.2607598602771759, 0.6692421436309814, 0.67900550365448, 0.8609609603881836, 0.6021988987922668, 0.7651018500328064, 0.770146906375885, 0.7651018500328064, 0.67900550365448, 0.6692433953285217, 0.848607063293457, 0.9374474287033081, 0.7762822508811951, 0.9173407554626465, 0.888848602771759, 0.669242799282074, 0.9980080127716064, 0.6998121738433838, 0.33921998739242554, 0.7641936540603638, 0.4115447700023651, 0.6692433953285217, 0.45065024495124817, 0.7641936540603638, 0.4115447700023651, 0.8591437339782715, 0.5192568898200989, 0.6692433953285217, 0.5960636138916016, 0.7651018500328064, 0.45678550004959106, 0.7651018500328064, 0.5192570686340332, 0.8609609603881836]], 
    "faces": [41, 0, 1, 7, 6, 0, 1, 2, 3, 0, 1, 2, 3, 41, 1, 2, 8, 7, 1, 5, 6, 2, 4, 5, 6, 7, 41, 2, 3, 9, 8, 22, 13, 16, 23, 8, 9, 10, 11, 41, 3, 4, 10, 9, 13, 14, 15, 16, 12, 13, 14, 15, 41, 4, 5, 11, 10, 14, 18, 19, 15, 16, 17, 18, 19, 41, 5, 0, 6, 11, 35, 36, 37, 38, 20, 21, 22, 23, 41, 6, 7, 13, 12, 3, 2, 7, 8, 24, 25, 26, 27, 41, 7, 8, 14, 13, 2, 6, 9, 7, 28, 29, 30, 31, 41, 8, 9, 15, 14, 23, 16, 21, 26, 32, 33, 34, 35, 41, 9, 10, 16, 15, 16, 15, 20, 21, 36, 37, 38, 39, 41, 10, 11, 17, 16, 15, 19, 24, 20, 40, 41, 42, 43, 41, 11, 6, 12, 17, 11, 3, 8, 12, 44, 45, 46, 47, 40, 1, 0, 18, 1, 0, 4, 48, 49, 50, 40, 2, 1, 18, 39, 40, 41, 51, 52, 53, 40, 3, 2, 18, 42, 39, 41, 54, 55, 56, 40, 4, 3, 18, 14, 13, 17, 57, 58, 59, 40, 5, 4, 18, 27, 28, 29, 60, 61, 62, 40, 0, 5, 18, 30, 27, 29, 63, 64, 65, 40, 12, 13, 19, 8, 7, 10, 66, 67, 68, 40, 13, 14, 19, 31, 32, 33, 69, 70, 71, 40, 14, 15, 19, 32, 34, 33, 72, 73, 74, 40, 15, 16, 19, 21, 20, 25, 75, 76, 77, 40, 16, 17, 19, 43, 44, 45, 78, 79, 80, 40, 17, 12, 19, 44, 46, 45, 81, 82, 83], 
    "vertices": [0.06444445, 0.00780604, -0.07788724, -0.05421111, 0.0407922, -0.0778873, -0.11353895, 0.05728552, -3e-08, -0.05421111, 0.0407922, 0.07788724, 0.06444434, 0.00780604, 0.07788724, 0.12377218, -0.00868728, -1e-08, 0.15678218, 0.2113199, -0.11120331, -0.02230403, 0.26147148, -0.11120331, -0.11184713, 0.28654704, -3e-08, -0.02230403, 0.26147148, 0.11120331, 0.15678218, 0.2113199, 0.11120331, 0.24632529, 0.18624422, -1e-08, 0.17740861, 0.39343331, -0.07863265, 0.05140034, 0.42880199, -0.07863265, -0.0116038, 0.44648621, -3e-08, 0.05140046, 0.42880199, 0.07863259, 0.17740849, 0.39343331, 0.07863259, 0.24041274, 0.37574885, -1e-08, -0.02213308, -0.07372096, -1e-08, 0.1261634, 0.47044763, -1e-08], 
    "materials": [{
        "opacity": 0.0, 
        "colorDiffuse": [0.4000000059604645, 0.4000000059604645, 0.4000000059604645], 
        "depthWrite": true, 
        "blending": "NormalBlending", 
        "shading": "Lambert", 
        "DbgName": "lambert1", 
        "transparent": true, 
        "depthTest": true, 
        "vertexColors": false
    }], 
    "normals": [-0.04009173, -0.14358167, -0.98882604, -0.04009173, -0.14358167, -0.9888261, -0.04009173, -0.14358166, -0.98882604, -0.04009173, -0.14358166, -0.98882604, -0.78429776, 0.01263939, -0.62025571, -0.78429788, 0.01263939, -0.62025571, -0.78429782, 0.01263939, -0.62025565, -0.78429788, 0.01263939, -0.62025571, -0.78429794, 0.01263881, 0.62025553, -0.784298, 0.01263881, 0.62025559, -0.78429794, 0.01263881, 0.62025553, -0.78429788, 0.01263881, 0.62025553, -0.040092, -0.14358167, 0.9888261, -0.040092, -0.14358167, 0.9888261, -0.040092, -0.14358167, 0.98882604, -0.040092, -0.14358166, 0.98882604, 0.6694001, -0.41267559, 0.6177398, 0.6694001, -0.41267556, 0.61773974, 0.66940004, -0.41267556, 0.61773974, 0.6694001, -0.41267559, 0.61773974, 0.66940039, -0.41267511, -0.61773974, 0.66940045, -0.41267514, -0.6177398, 0.66940033, -0.41267511, -0.61773974, 0.66940039, -0.41267505, -0.61773968, 0.04780945, 0.17056051, -0.98418659, 0.04780944, 0.17056049, -0.98418665, 0.04780945, 0.17056052, -0.98418671, 0.04780945, 0.17056052, -0.98418671, -0.66179073, 0.41395512, -0.62503934, -0.66179067, 0.41395506, -0.62503928, -0.66179073, 0.41395512, -0.6250394, -0.66179073, 0.41395506, -0.62503928, -0.66179055, 0.41395512, 0.62503964, -0.66179055, 0.41395512, 0.62503958, -0.66179043, 0.41395509, 0.62503952, -0.66179043, 0.41395509, 0.62503952, 0.04780954, 0.17056084, 0.98418665, 0.04780954, 0.17056084, 0.98418659, 0.04780953, 0.17056081, 0.98418659, 0.04780953, 0.17056081, 0.98418659, 0.78188318, 0.02364361, 0.62297642, 0.78188312, 0.02364361, 0.62297642, 0.78188324, 0.02364361, 0.62297648, 0.78188318, 0.02364361, 0.62297648, 0.78188354, 0.02364264, -0.62297606, 0.7818836, 0.02364264, -0.62297618, 0.78188348, 0.02364264, -0.62297606, 0.78188354, 0.02364264, -0.62297606, -0.16281663, -0.58567238, -0.79402679, -0.16281664, -0.58567238, -0.79402685, -0.16281664, -0.58567232, -0.79402685, -0.73249358, -0.51107693, -0.44972599, -0.73249358, -0.51107699, -0.44972602, -0.73249352, -0.51107693, -0.44972596, -0.73249489, -0.51107478, 0.44972643, -0.73249483, -0.51107472, 0.4497264, -0.73249489, -0.51107472, 0.44972637, -0.16281715, -0.58567297, 0.79402632, -0.16281715, -0.58567297, 0.79402632, -0.16281717, -0.58567297, 0.79402632, 0.36362115, -0.81579667, 0.44972816, 0.36362115, -0.81579667, 0.44972813, 0.36362118, -0.81579661, 0.44972816, 0.36362085, -0.81579822, -0.44972566, 0.36362085, -0.81579816, -0.44972566, 0.36362082, -0.81579816, -0.44972566, 0.21444571, 0.76400745, -0.60852742, 0.2144457, 0.76400745, -0.60852736, 0.21444571, 0.76400751, -0.60852748, -0.16128305, 0.92730463, -0.33777779, -0.16128305, 0.92730463, -0.33777776, -0.16128305, 0.92730469, -0.33777773, -0.1612834, 0.92730433, 0.33777854, -0.1612834, 0.92730427, 0.33777851, -0.1612834, 0.92730427, 0.33777854, 0.21444629, 0.76400757, 0.60852706, 0.21444629, 0.76400757, 0.608527, 0.21444632, 0.76400763, 0.60852712, 0.60452628, 0.72933131, 0.3203496, 0.60452622, 0.72933125, 0.32034957, 0.60452628, 0.72933125, 0.32034963, 0.60452616, 0.72933197, -0.3203482, 0.60452616, 0.72933197, -0.3203482, 0.60452616, 0.72933191, -0.3203482], 
    "metadata": {
        "formatVersion": 3.1, 
        "generatedBy": "Maya Exporter"
    }
}