{
    "uvs": [[0.0, 0.25, 0.1666666716337204, 0.25, 0.3333333432674408, 0.25, 0.5, 0.25, 0.6666666865348816, 0.25, 0.8333333730697632, 0.25, 1.0, 0.25, 0.0, 0.5, 0.1666666716337204, 0.5, 0.3333333432674408, 0.5, 0.5, 0.5, 0.6666666865348816, 0.5, 0.8333333730697632, 0.5, 1.0, 0.5, 0.0, 0.75, 0.1666666716337204, 0.75, 0.3333333432674408, 0.75, 0.5, 0.75, 0.6666666865348816, 0.75, 0.8333333730697632, 0.75, 1.0, 0.75, 0.0833333358168602, 0.0, 0.25, 0.0, 0.4166666865348816, 0.0, 0.5833333730697632, 0.0, 0.75, 0.0, 0.9166666865348816, 0.0, 0.0833333358168602, 1.0, 0.25, 1.0, 0.4166666865348816, 1.0, 0.5833333730697632, 1.0, 0.75, 1.0, 0.9166666865348816, 1.0]], 
    "faces": [41, 0, 1, 7, 6, 0, 1, 8, 7, 0, 1, 2, 3, 41, 1, 2, 8, 7, 1, 2, 9, 8, 4, 5, 6, 7, 41, 2, 3, 9, 8, 2, 3, 10, 9, 8, 9, 10, 11, 41, 3, 4, 10, 9, 3, 4, 11, 10, 12, 13, 14, 15, 41, 4, 5, 11, 10, 4, 5, 12, 11, 16, 17, 18, 19, 41, 5, 0, 6, 11, 5, 6, 13, 12, 20, 21, 22, 23, 41, 6, 7, 13, 12, 7, 8, 15, 14, 24, 25, 26, 27, 41, 7, 8, 14, 13, 8, 9, 16, 15, 28, 29, 30, 31, 41, 8, 9, 15, 14, 9, 10, 17, 16, 32, 33, 34, 35, 41, 9, 10, 16, 15, 10, 11, 18, 17, 36, 37, 38, 39, 41, 10, 11, 17, 16, 11, 12, 19, 18, 40, 41, 42, 43, 41, 11, 6, 12, 17, 12, 13, 20, 19, 44, 45, 46, 47, 40, 1, 0, 18, 1, 0, 21, 48, 49, 50, 40, 2, 1, 18, 2, 1, 22, 51, 52, 53, 40, 3, 2, 18, 3, 2, 23, 54, 55, 56, 40, 4, 3, 18, 4, 3, 24, 57, 58, 59, 40, 5, 4, 18, 5, 4, 25, 60, 61, 62, 40, 0, 5, 18, 6, 5, 26, 63, 64, 65, 40, 12, 13, 19, 14, 15, 27, 66, 67, 68, 40, 13, 14, 19, 15, 16, 28, 69, 70, 71, 40, 14, 15, 19, 16, 17, 29, 72, 73, 74, 40, 15, 16, 19, 17, 18, 30, 75, 76, 77, 40, 16, 17, 19, 18, 19, 31, 78, 79, 80, 40, 17, 12, 19, 19, 20, 32, 81, 82, 83], 
    "vertices": [0.12123157, 0.01970144, -0.1800549, -0.06042762, 0.11679263, -0.18005496, -0.15125714, 0.16533799, -3e-08, -0.06042765, 0.11679263, 0.1800549, 0.12123151, 0.01970144, 0.18005493, 0.21206106, -0.02884416, -0.0, 0.51053222, 0.51648231, -0.2908988, 0.20565189, 0.68955483, -0.29089886, 0.05321182, 0.77609111, -5e-08, 0.20565189, 0.68955488, 0.29089886, 0.51053216, 0.51648231, 0.29089886, 0.66297223, 0.42994602, 0.0, 0.61400189, 0.76652874, -0.20569652, 0.39951219, 0.88842244, -0.20569658, 0.29226752, 0.94936933, -4e-08, 0.39951225, 0.8884225, 0.20569652, 0.61400189, 0.76652874, 0.20569655, 0.72124662, 0.70558192, 0.0, -0.03224824, -0.04897271, -0.0, 0.54955812, 0.90609486, 0.0], 
    "materials": [{
        "opacity": 0.0, 
        "colorDiffuse": [0.4000000059604645, 0.4000000059604645, 0.4000000059604645], 
        "depthWrite": true, 
        "blending": "NormalBlending", 
        "shading": "Lambert", 
        "DbgName": "lambert1", 
        "transparent": true, 
        "depthTest": true, 
        "vertexColors": false
    }], 
    "normals": [-0.0845617, -0.15228799, -0.98471195, -0.0845617, -0.152288, -0.98471195, -0.08456169, -0.15228799, -0.98471195, -0.08456171, -0.152288, -0.984712, -0.81847602, 0.27834088, -0.50261641, -0.81847614, 0.27834088, -0.50261647, -0.81847602, 0.27834085, -0.50261635, -0.81847596, 0.27834082, -0.50261635, -0.81847614, 0.278341, 0.50261623, -0.81847608, 0.27834103, 0.50261623, -0.81847602, 0.278341, 0.50261623, -0.81847614, 0.27834103, 0.50261629, -0.08456191, -0.15228796, 0.98471195, -0.08456191, -0.15228795, 0.98471195, -0.08456191, -0.15228797, 0.984712, -0.08456191, -0.15228796, 0.984712, 0.62303203, -0.60528737, 0.49543735, 0.62303203, -0.60528737, 0.49543744, 0.62303209, -0.60528731, 0.49543738, 0.62303209, -0.60528737, 0.49543741, 0.62303209, -0.60528731, -0.49543741, 0.62303209, -0.60528731, -0.49543738, 0.62303209, -0.60528731, -0.49543735, 0.62303203, -0.60528731, -0.49543738, 0.14932257, 0.26292363, -0.95319146, 0.14932258, 0.26292363, -0.95319146, 0.14932257, 0.26292363, -0.9531914, 0.14932257, 0.26292363, -0.95319152, -0.51548487, 0.70962912, -0.48031443, -0.51548481, 0.70962912, -0.4803144, -0.51548487, 0.70962906, -0.48031443, -0.51548481, 0.70962906, -0.48031437, -0.51548493, 0.70962906, 0.48031422, -0.51548499, 0.70962912, 0.48031425, -0.51548499, 0.70962918, 0.48031425, -0.51548499, 0.70962912, 0.48031428, 0.14932248, 0.26292381, 0.95319134, 0.14932249, 0.26292381, 0.9531914, 0.14932248, 0.26292378, 0.9531914, 0.14932251, 0.26292384, 0.95319146, 0.8485716, -0.1804827, 0.497345, 0.84857166, -0.18048272, 0.49734512, 0.8485716, -0.18048273, 0.49734506, 0.8485716, -0.18048272, 0.49734512, 0.84857166, -0.18048286, -0.49734506, 0.84857166, -0.18048286, -0.49734506, 0.8485716, -0.18048285, -0.49734497, 0.84857166, -0.18048286, -0.497345, -0.37923604, -0.70955712, -0.59389275, -0.37923604, -0.70955718, -0.59389275, -0.37923604, -0.70955718, -0.59389281, -0.83501482, -0.46369216, -0.29620895, -0.83501488, -0.46369222, -0.29620898, -0.83501476, -0.46369222, -0.29620898, -0.835015, -0.46369216, 0.29620889, -0.83501494, -0.46369216, 0.29620889, -0.83501482, -0.4636921, 0.29620886, -0.37923631, -0.70955712, 0.59389269, -0.37923631, -0.70955706, 0.59389269, -0.37923631, -0.70955712, 0.59389269, 0.07842651, -0.95189786, 0.29620913, 0.07842651, -0.9518978, 0.29620913, 0.07842651, -0.9518978, 0.2962091, 0.07842651, -0.9518978, -0.29620913, 0.07842652, -0.9518978, -0.29620913, 0.0784265, -0.95189774, -0.2962091, 0.45305663, 0.79721856, -0.39897653, 0.4530566, 0.7972185, -0.39897656, 0.4530566, 0.7972185, -0.39897653, 0.16246134, 0.96592242, -0.20149538, 0.16246131, 0.96592224, -0.20149535, 0.16246133, 0.96592236, -0.20149536, 0.16246125, 0.9659223, 0.20149535, 0.16246125, 0.9659223, 0.20149536, 0.16246127, 0.96592236, 0.20149538, 0.45305705, 0.7972185, 0.3989763, 0.45305699, 0.7972185, 0.39897627, 0.45305705, 0.7972185, 0.3989763, 0.74436271, 0.63735831, 0.19924466, 0.74436271, 0.63735831, 0.19924465, 0.74436271, 0.63735831, 0.19924465, 0.74436271, 0.63735837, -0.19924466, 0.74436265, 0.63735831, -0.19924466, 0.74436265, 0.63735837, -0.19924466], 
    "metadata": {
        "formatVersion": 3.1, 
        "generatedBy": "Maya Exporter"
    }
}