{
    "uvs": [[0.5580019950866699, 0.4624280035495758, 0.46171966195106506, 0.4109683036804199, 0.6027460694313049, 0.10739506781101227, 0.7643375992774963, 0.19912582635879517, 0.47665518522262573, 0.49882644414901733, 0.41357845067977905, 0.3852382004261017, 0.521950364112854, 0.06152941659092903, 0.7054951190948486, 0.00199192319996655, 0.8191782236099243, 0.06659752875566483, 0.049962397664785385, 0.08985060453414917, 0.14624455571174622, 0.0383906327188015, 0.352580189704895, 0.30169254541397095, 0.19098877906799316, 0.393423855304718, 0.06489790976047516, 0.0019922726787626743, 0.40742096304893494, 0.4342211186885834, 0.2937379777431488, 0.49882686138153076, 0.0018211790593340993, 0.11558045446872711, 0.11019306629896164, 0.4392893612384796, 0.6040146946907043, 0.7915071249008179, 0.7581959366798401, 0.7456414699554443, 0.7581959366798401, 0.8917328715324402, 0.6491733193397522, 0.9240356683731079, 0.6627638339996338, 0.5282052159309387, 0.7581959366798401, 0.5024753212928772, 0.912376880645752, 0.7915071249008179, 0.8672184944152832, 0.9240356683731079, 0.7581959366798401, 0.9980080723762512, 0.8536279797554016, 0.5282052159309387, 0.29556894302368164, 0.5979078412055969, 0.2698391079902649, 0.6933399438858032, 0.181980699300766, 0.5979078412055969, 0.2698391079902649, 0.5024758577346802, 0.1763717085123062, 0.5979080200195312, 0.128230482339859, 0.693340003490448, 0.04688383266329765, 0.5979080200195312, 0.12823061645030975, 0.502475917339325, 0.5984055995941162, 0.7656795978546143, 0.4847224950790405, 0.7656795978546143, 0.5642492175102234, 0.6566570401191711, 0.4278811514377594, 0.6566570401191711, 0.3819734454154968, 0.8108382821083069, 0.3011777400970459, 0.6566570401191711, 0.48472264409065247, 0.5476344227790833, 0.3819734454154968, 0.5024757981300354, 0.5984055995941162, 0.5476344227790833]], 
    "faces": [41, 0, 1, 7, 6, 0, 1, 2, 3, 0, 1, 2, 3, 41, 1, 2, 8, 7, 1, 5, 6, 2, 4, 5, 6, 7, 41, 2, 3, 9, 8, 16, 9, 12, 17, 8, 9, 10, 11, 41, 3, 4, 10, 9, 9, 10, 11, 12, 12, 13, 14, 15, 41, 4, 5, 11, 10, 22, 23, 19, 18, 16, 17, 18, 19, 41, 5, 0, 6, 11, 23, 27, 24, 19, 20, 21, 22, 23, 41, 6, 7, 13, 12, 3, 2, 7, 8, 24, 25, 26, 27, 41, 7, 8, 14, 13, 40, 41, 39, 37, 28, 29, 30, 31, 41, 8, 9, 15, 14, 41, 43, 42, 39, 32, 33, 34, 35, 41, 9, 10, 16, 15, 12, 11, 14, 15, 36, 37, 38, 39, 41, 10, 11, 17, 16, 18, 19, 20, 21, 40, 41, 42, 43, 41, 11, 6, 12, 17, 19, 24, 25, 20, 44, 45, 46, 47, 40, 1, 0, 18, 1, 0, 4, 48, 49, 50, 40, 2, 1, 18, 28, 29, 30, 51, 52, 53, 40, 3, 2, 18, 31, 28, 30, 54, 55, 56, 40, 4, 3, 18, 10, 9, 13, 57, 58, 59, 40, 5, 4, 18, 32, 33, 34, 60, 61, 62, 40, 0, 5, 18, 35, 32, 34, 63, 64, 65, 40, 12, 13, 19, 36, 37, 38, 66, 67, 68, 40, 13, 14, 19, 37, 39, 38, 69, 70, 71, 40, 14, 15, 19, 39, 42, 38, 72, 73, 74, 40, 15, 16, 19, 42, 44, 38, 75, 76, 77, 40, 16, 17, 19, 21, 20, 26, 78, 79, 80, 40, 17, 12, 19, 20, 25, 26, 81, 82, 83], 
    "vertices": [0.12123157, 0.01970144, -0.1800549, -0.06042762, 0.11679263, -0.18005496, -0.15125714, 0.16533799, -3e-08, -0.06042765, 0.11679263, 0.1800549, 0.12123151, 0.01970144, 0.18005493, 0.21206106, -0.02884416, -0.0, 0.51053222, 0.51648231, -0.2908988, 0.20565189, 0.68955483, -0.29089886, 0.05321182, 0.77609111, -5e-08, 0.20565189, 0.68955488, 0.29089886, 0.51053216, 0.51648231, 0.29089886, 0.66297223, 0.42994602, 0.0, 0.61400189, 0.76652874, -0.20569652, 0.39951219, 0.88842244, -0.20569658, 0.29226752, 0.94936933, -4e-08, 0.39951225, 0.8884225, 0.20569652, 0.61400189, 0.76652874, 0.20569655, 0.72124662, 0.70558192, 0.0, -0.03224824, -0.04897271, -0.0, 0.54955812, 0.90609486, 0.0], 
    "materials": [{
        "opacity": 0.0, 
        "colorDiffuse": [0.4000000059604645, 0.4000000059604645, 0.4000000059604645], 
        "depthWrite": true, 
        "blending": "NormalBlending", 
        "shading": "Lambert", 
        "DbgName": "lambert1", 
        "transparent": true, 
        "depthTest": true, 
        "vertexColors": false
    }], 
    "normals": [-0.0845617, -0.15228799, -0.98471195, -0.0845617, -0.152288, -0.98471195, -0.08456169, -0.15228799, -0.98471195, -0.08456171, -0.152288, -0.984712, -0.81847602, 0.27834088, -0.50261641, -0.81847614, 0.27834088, -0.50261647, -0.81847602, 0.27834085, -0.50261635, -0.81847596, 0.27834082, -0.50261635, -0.81847614, 0.278341, 0.50261623, -0.81847608, 0.27834103, 0.50261623, -0.81847602, 0.278341, 0.50261623, -0.81847614, 0.27834103, 0.50261629, -0.08456191, -0.15228796, 0.98471195, -0.08456191, -0.15228795, 0.98471195, -0.08456191, -0.15228797, 0.984712, -0.08456191, -0.15228796, 0.984712, 0.62303203, -0.60528737, 0.49543735, 0.62303203, -0.60528737, 0.49543744, 0.62303209, -0.60528731, 0.49543738, 0.62303209, -0.60528737, 0.49543741, 0.62303209, -0.60528731, -0.49543741, 0.62303209, -0.60528731, -0.49543738, 0.62303209, -0.60528731, -0.49543735, 0.62303203, -0.60528731, -0.49543738, 0.14932257, 0.26292363, -0.95319146, 0.14932258, 0.26292363, -0.95319146, 0.14932257, 0.26292363, -0.9531914, 0.14932257, 0.26292363, -0.95319152, -0.51548487, 0.70962912, -0.48031443, -0.51548481, 0.70962912, -0.4803144, -0.51548487, 0.70962906, -0.48031443, -0.51548481, 0.70962906, -0.48031437, -0.51548493, 0.70962906, 0.48031422, -0.51548499, 0.70962912, 0.48031425, -0.51548499, 0.70962918, 0.48031425, -0.51548499, 0.70962912, 0.48031428, 0.14932248, 0.26292381, 0.95319134, 0.14932249, 0.26292381, 0.9531914, 0.14932248, 0.26292378, 0.9531914, 0.14932251, 0.26292384, 0.95319146, 0.8485716, -0.1804827, 0.497345, 0.84857166, -0.18048272, 0.49734512, 0.8485716, -0.18048273, 0.49734506, 0.8485716, -0.18048272, 0.49734512, 0.84857166, -0.18048286, -0.49734506, 0.84857166, -0.18048286, -0.49734506, 0.8485716, -0.18048285, -0.49734497, 0.84857166, -0.18048286, -0.497345, -0.37923604, -0.70955712, -0.59389275, -0.37923604, -0.70955718, -0.59389275, -0.37923604, -0.70955718, -0.59389281, -0.83501482, -0.46369216, -0.29620895, -0.83501488, -0.46369222, -0.29620898, -0.83501476, -0.46369222, -0.29620898, -0.835015, -0.46369216, 0.29620889, -0.83501494, -0.46369216, 0.29620889, -0.83501482, -0.4636921, 0.29620886, -0.37923631, -0.70955712, 0.59389269, -0.37923631, -0.70955706, 0.59389269, -0.37923631, -0.70955712, 0.59389269, 0.07842651, -0.95189786, 0.29620913, 0.07842651, -0.9518978, 0.29620913, 0.07842651, -0.9518978, 0.2962091, 0.07842651, -0.9518978, -0.29620913, 0.07842652, -0.9518978, -0.29620913, 0.0784265, -0.95189774, -0.2962091, 0.45305663, 0.79721856, -0.39897653, 0.4530566, 0.7972185, -0.39897656, 0.4530566, 0.7972185, -0.39897653, 0.16246134, 0.96592242, -0.20149538, 0.16246131, 0.96592224, -0.20149535, 0.16246133, 0.96592236, -0.20149536, 0.16246125, 0.9659223, 0.20149535, 0.16246125, 0.9659223, 0.20149536, 0.16246127, 0.96592236, 0.20149538, 0.45305705, 0.7972185, 0.3989763, 0.45305699, 0.7972185, 0.39897627, 0.45305705, 0.7972185, 0.3989763, 0.74436271, 0.63735831, 0.19924466, 0.74436271, 0.63735831, 0.19924465, 0.74436271, 0.63735831, 0.19924465, 0.74436271, 0.63735837, -0.19924466, 0.74436265, 0.63735831, -0.19924466, 0.74436265, 0.63735837, -0.19924466], 
    "metadata": {
        "formatVersion": 3.1, 
        "generatedBy": "Maya Exporter"
    }
}