{
    "uvs": [[0.23953649401664734, 0.6226381063461304, 0.08117339760065079, 0.5723240971565247, 0.13505245745182037, 0.27634721994400024, 0.37405043840408325, 0.3527800142765045, 0.11879082024097443, 0.7283026576042175, 0.0019922011997550726, 0.5471670627593994, 0.015553467907011509, 0.23813223838806152, 0.24266226589679718, 0.05435888469219208, 0.41082167625427246, 0.10824684053659439, 0.31871768832206726, 0.6477950811386108, 0.49354907870292664, 0.39099499583244324, 0.1585829108953476, 0.02741490676999092, 0.3455158472061157, 0.0018851394997909665, 0.49490103125572205, 0.13519081473350525, 0.580299973487854, 0.15786442160606384, 0.7386630773544312, 0.10755005478858948, 0.8731766939163208, 0.37740883231163025, 0.6341790556907654, 0.45384058356285095, 0.6179174184799194, 0.0018851394997909665, 0.8178442716598511, 0.08239304274320602, 0.9926756620407104, 0.3391931354999542, 0.9099482893943787, 0.6219409704208374, 0.7417888641357422, 0.675829291343689, 0.5011187791824341, 0.18302178382873535, 0.5146800875663757, 0.49205589294433594, 0.9940276741981506, 0.5949966311454773, 0.8446424603462219, 0.7283022999763489, 0.657709538936615, 0.7027732133865356, 0.6494191884994507, 0.8373817801475525, 0.6242617964744568, 0.9424687027931213, 0.4682825207710266, 0.8373817801475525, 0.6242617964744568, 0.7322948575019836, 0.4621472656726837, 0.8373817801475525, 0.3829660713672638, 0.942468523979187, 0.2622204124927521, 0.8373817801475525, 0.3829660713672638, 0.7322948575019836, 0.895154595375061, 0.9444783329963684, 0.8110752105712891, 0.8383855223655701, 0.998008131980896, 0.8383855223655701, 0.895154595375061, 0.7322934865951538, 0.7208602428436279, 0.7322934865951538, 0.8049396276473999, 0.8383855223655701, 0.6555544137954712, 0.8383855223655701, 0.7208602428436279, 0.9444783329963684]], 
    "faces": [41, 0, 1, 7, 6, 0, 1, 2, 3, 0, 1, 2, 3, 41, 1, 2, 8, 7, 1, 5, 6, 2, 4, 5, 6, 7, 41, 2, 3, 9, 8, 23, 14, 17, 24, 8, 9, 10, 11, 41, 3, 4, 10, 9, 14, 15, 16, 17, 12, 13, 14, 15, 41, 4, 5, 11, 10, 15, 19, 20, 16, 16, 17, 18, 19, 41, 5, 0, 6, 11, 9, 0, 3, 10, 20, 21, 22, 23, 41, 6, 7, 13, 12, 3, 2, 7, 8, 24, 25, 26, 27, 41, 7, 8, 14, 13, 2, 6, 11, 7, 28, 29, 30, 31, 41, 8, 9, 15, 14, 24, 17, 22, 27, 32, 33, 34, 35, 41, 9, 10, 16, 15, 17, 16, 21, 22, 36, 37, 38, 39, 41, 10, 11, 17, 16, 16, 20, 25, 21, 40, 41, 42, 43, 41, 11, 6, 12, 17, 10, 3, 8, 13, 44, 45, 46, 47, 40, 1, 0, 18, 1, 0, 4, 48, 49, 50, 40, 2, 1, 18, 28, 29, 30, 51, 52, 53, 40, 3, 2, 18, 31, 28, 30, 54, 55, 56, 40, 4, 3, 18, 15, 14, 18, 57, 58, 59, 40, 5, 4, 18, 32, 33, 34, 60, 61, 62, 40, 0, 5, 18, 35, 32, 34, 63, 64, 65, 40, 12, 13, 19, 8, 7, 12, 66, 67, 68, 40, 13, 14, 19, 36, 37, 38, 69, 70, 71, 40, 14, 15, 19, 37, 39, 38, 72, 73, 74, 40, 15, 16, 19, 22, 21, 26, 75, 76, 77, 40, 16, 17, 19, 40, 41, 42, 78, 79, 80, 40, 17, 12, 19, 41, 43, 42, 81, 82, 83], 
    "vertices": [0.10022156, 0.04812098, -0.07788724, -0.01715226, 0.08541251, -0.0778873, -0.07583918, 0.10405827, -3e-08, -0.01715232, 0.08541251, 0.07788724, 0.10022156, 0.04812098, 0.07788724, 0.15890841, 0.02947522, -1e-08, 0.19991939, 0.2481323, -0.11120331, 0.02278106, 0.30478127, -0.11120331, -0.0657881, 0.33310551, -3e-08, 0.02278106, 0.30478127, 0.11120331, 0.19991927, 0.24813254, 0.11120331, 0.28848831, 0.21980793, -1e-08, 0.22717314, 0.42937238, -0.07863265, 0.10253851, 0.46931274, -0.07863265, 0.0402212, 0.48928291, -3e-08, 0.10253851, 0.46931274, 0.07863259, 0.22717302, 0.42937238, 0.07863259, 0.28949039, 0.4094022, -1e-08, 0.01072852, -0.03019469, -1e-08, 0.17877047, 0.50820429, -1e-08], 
    "materials": [{
        "opacity": 0.0, 
        "colorDiffuse": [0.4000000059604645, 0.4000000059604645, 0.4000000059604645], 
        "depthWrite": true, 
        "blending": "NormalBlending", 
        "shading": "Lambert", 
        "DbgName": "lambert1", 
        "transparent": true, 
        "depthTest": true, 
        "vertexColors": false
    }], 
    "normals": [-0.04530127, -0.14202408, -0.98882598, -0.04530127, -0.14202408, -0.98882604, -0.04530127, -0.14202408, -0.98882604, -0.04530126, -0.14202408, -0.98882604, -0.78331518, 0.0412319, -0.62025577, -0.78331518, 0.0412319, -0.62025577, -0.78331518, 0.0412319, -0.62025577, -0.78331524, 0.0412319, -0.62025583, -0.78331518, 0.04123239, 0.62025559, -0.7833153, 0.04123239, 0.62025571, -0.78331524, 0.04123239, 0.62025565, -0.78331524, 0.04123239, 0.62025571, -0.04530128, -0.14202425, 0.98882604, -0.04530128, -0.14202426, 0.9888261, -0.04530127, -0.14202425, 0.98882604, -0.04530127, -0.14202425, 0.98882598, 0.65390652, -0.43681145, 0.61773938, 0.65390652, -0.43681148, 0.61773944, 0.65390652, -0.43681145, 0.61773944, 0.65390652, -0.43681151, 0.61773938, 0.65390676, -0.43681166, -0.61773902, 0.65390676, -0.43681166, -0.61773896, 0.65390676, -0.43681172, -0.61773902, 0.65390682, -0.43681172, -0.61773902, 0.05399742, 0.16870345, -0.98418665, 0.05399742, 0.16870347, -0.98418671, 0.05399742, 0.16870347, -0.98418671, 0.05399742, 0.16870347, -0.98418659, -0.64625448, 0.43781307, -0.62503988, -0.64625448, 0.43781307, -0.62503988, -0.64625448, 0.43781307, -0.62503982, -0.64625454, 0.43781313, -0.62503994, -0.64625478, 0.4378131, 0.6250397, -0.64625478, 0.43781307, 0.62503964, -0.64625478, 0.43781304, 0.62503958, -0.64625472, 0.43781301, 0.62503958, 0.05399743, 0.16870411, 0.98418653, 0.05399743, 0.16870411, 0.98418665, 0.05399743, 0.16870411, 0.98418659, 0.05399743, 0.16870409, 0.98418653, 0.78222573, -0.0048854, 0.62297601, 0.78222567, -0.0048854, 0.62297601, 0.78222567, -0.0048854, 0.62297601, 0.78222573, -0.0048854, 0.62297606, 0.78222638, -0.00488524, -0.62297517, 0.78222638, -0.00488524, -0.62297517, 0.78222626, -0.00488524, -0.62297511, 0.78222644, -0.00488524, -0.62297511, -0.18406686, -0.57934618, -0.79402614, -0.18406685, -0.57934612, -0.79402608, -0.18406685, -0.57934612, -0.79402608, -0.75064486, -0.48402286, -0.44972664, -0.75064486, -0.48402289, -0.44972664, -0.75064492, -0.48402292, -0.4497267, -0.75064439, -0.48402441, 0.44972593, -0.75064439, -0.48402438, 0.44972587, -0.75064433, -0.48402438, 0.44972587, -0.18406714, -0.579346, 0.79402614, -0.18406716, -0.579346, 0.79402614, -0.18406717, -0.57934594, 0.79402614, 0.33363131, -0.8285144, 0.44972655, 0.33363128, -0.82851446, 0.44972658, 0.33363131, -0.8285144, 0.44972661, 0.3336311, -0.82851404, -0.44972745, 0.3336311, -0.82851398, -0.44972742, 0.33363104, -0.82851398, -0.44972739, 0.24216425, 0.75567877, -0.60852796, 0.24216419, 0.75567859, -0.60852784, 0.24216424, 0.75567871, -0.6085279, -0.12735929, 0.93257022, -0.33777538, -0.1273593, 0.93257034, -0.33777541, -0.12735929, 0.93257028, -0.33777538, -0.12735896, 0.93257034, 0.33777583, -0.12735896, 0.93257022, 0.33777583, -0.12735894, 0.93257022, 0.3377758, 0.24216418, 0.7556777, 0.60852921, 0.24216416, 0.75567758, 0.60852915, 0.24216418, 0.7556777, 0.60852915, 0.63072163, 0.70680028, 0.32034904, 0.63072175, 0.70680028, 0.3203491, 0.63072169, 0.70680022, 0.32034904, 0.63072187, 0.70680016, -0.32034901, 0.63072187, 0.70680016, -0.32034904, 0.63072181, 0.7068001, -0.32034901], 
    "metadata": {
        "formatVersion": 3.1, 
        "generatedBy": "Maya Exporter"
    }
}