{
    "uvs": [[0.0, 0.25, 0.1666666716337204, 0.25, 0.3333333432674408, 0.25, 0.5, 0.25, 0.6666666865348816, 0.25, 0.8333333730697632, 0.25, 1.0, 0.25, 0.0, 0.5, 0.1666666716337204, 0.5, 0.3333333432674408, 0.5, 0.5, 0.5, 0.6666666865348816, 0.5, 0.8333333730697632, 0.5, 1.0, 0.5, 0.0, 0.75, 0.1666666716337204, 0.75, 0.3333333432674408, 0.75, 0.5, 0.75, 0.6666666865348816, 0.75, 0.8333333730697632, 0.75, 1.0, 0.75, 0.0833333358168602, 0.0, 0.25, 0.0, 0.4166666865348816, 0.0, 0.5833333730697632, 0.0, 0.75, 0.0, 0.9166666865348816, 0.0, 0.0833333358168602, 1.0, 0.25, 1.0, 0.4166666865348816, 1.0, 0.5833333730697632, 1.0, 0.75, 1.0, 0.9166666865348816, 1.0]], 
    "faces": [41, 0, 1, 7, 6, 0, 1, 8, 7, 0, 1, 2, 3, 41, 1, 2, 8, 7, 1, 2, 9, 8, 4, 5, 6, 7, 41, 2, 3, 9, 8, 2, 3, 10, 9, 8, 9, 10, 11, 41, 3, 4, 10, 9, 3, 4, 11, 10, 12, 13, 14, 15, 41, 4, 5, 11, 10, 4, 5, 12, 11, 16, 17, 18, 19, 41, 5, 0, 6, 11, 5, 6, 13, 12, 20, 21, 22, 23, 41, 6, 7, 13, 12, 7, 8, 15, 14, 24, 25, 26, 27, 41, 7, 8, 14, 13, 8, 9, 16, 15, 28, 29, 30, 31, 41, 8, 9, 15, 14, 9, 10, 17, 16, 32, 33, 34, 35, 41, 9, 10, 16, 15, 10, 11, 18, 17, 36, 37, 38, 39, 41, 10, 11, 17, 16, 11, 12, 19, 18, 40, 41, 42, 43, 41, 11, 6, 12, 17, 12, 13, 20, 19, 44, 45, 46, 47, 40, 1, 0, 18, 1, 0, 21, 48, 49, 50, 40, 2, 1, 18, 2, 1, 22, 51, 52, 53, 40, 3, 2, 18, 3, 2, 23, 54, 55, 56, 40, 4, 3, 18, 4, 3, 24, 57, 58, 59, 40, 5, 4, 18, 5, 4, 25, 60, 61, 62, 40, 0, 5, 18, 6, 5, 26, 63, 64, 65, 40, 12, 13, 19, 14, 15, 27, 66, 67, 68, 40, 13, 14, 19, 15, 16, 28, 69, 70, 71, 40, 14, 15, 19, 16, 17, 29, 72, 73, 74, 40, 15, 16, 19, 17, 18, 30, 75, 76, 77, 40, 16, 17, 19, 18, 19, 31, 78, 79, 80, 40, 17, 12, 19, 19, 20, 32, 81, 82, 83], 
    "vertices": [0.10022156, 0.04812098, -0.07788724, -0.01715226, 0.08541251, -0.0778873, -0.07583918, 0.10405827, -3e-08, -0.01715232, 0.08541251, 0.07788724, 0.10022156, 0.04812098, 0.07788724, 0.15890841, 0.02947522, -1e-08, 0.19991939, 0.2481323, -0.11120331, 0.02278106, 0.30478127, -0.11120331, -0.0657881, 0.33310551, -3e-08, 0.02278106, 0.30478127, 0.11120331, 0.19991927, 0.24813254, 0.11120331, 0.28848831, 0.21980793, -1e-08, 0.22717314, 0.42937238, -0.07863265, 0.10253851, 0.46931274, -0.07863265, 0.0402212, 0.48928291, -3e-08, 0.10253851, 0.46931274, 0.07863259, 0.22717302, 0.42937238, 0.07863259, 0.28949039, 0.4094022, -1e-08, 0.01072852, -0.03019469, -1e-08, 0.17877047, 0.50820429, -1e-08], 
    "materials": [{
        "opacity": 0.0, 
        "colorDiffuse": [0.4000000059604645, 0.4000000059604645, 0.4000000059604645], 
        "depthWrite": true, 
        "blending": "NormalBlending", 
        "shading": "Lambert", 
        "DbgName": "lambert1", 
        "transparent": true, 
        "depthTest": true, 
        "vertexColors": false
    }], 
    "normals": [-0.04530127, -0.14202408, -0.98882598, -0.04530127, -0.14202408, -0.98882604, -0.04530127, -0.14202408, -0.98882604, -0.04530126, -0.14202408, -0.98882604, -0.78331518, 0.0412319, -0.62025577, -0.78331518, 0.0412319, -0.62025577, -0.78331518, 0.0412319, -0.62025577, -0.78331524, 0.0412319, -0.62025583, -0.78331518, 0.04123239, 0.62025559, -0.7833153, 0.04123239, 0.62025571, -0.78331524, 0.04123239, 0.62025565, -0.78331524, 0.04123239, 0.62025571, -0.04530128, -0.14202425, 0.98882604, -0.04530128, -0.14202426, 0.9888261, -0.04530127, -0.14202425, 0.98882604, -0.04530127, -0.14202425, 0.98882598, 0.65390652, -0.43681145, 0.61773938, 0.65390652, -0.43681148, 0.61773944, 0.65390652, -0.43681145, 0.61773944, 0.65390652, -0.43681151, 0.61773938, 0.65390676, -0.43681166, -0.61773902, 0.65390676, -0.43681166, -0.61773896, 0.65390676, -0.43681172, -0.61773902, 0.65390682, -0.43681172, -0.61773902, 0.05399742, 0.16870345, -0.98418665, 0.05399742, 0.16870347, -0.98418671, 0.05399742, 0.16870347, -0.98418671, 0.05399742, 0.16870347, -0.98418659, -0.64625448, 0.43781307, -0.62503988, -0.64625448, 0.43781307, -0.62503988, -0.64625448, 0.43781307, -0.62503982, -0.64625454, 0.43781313, -0.62503994, -0.64625478, 0.4378131, 0.6250397, -0.64625478, 0.43781307, 0.62503964, -0.64625478, 0.43781304, 0.62503958, -0.64625472, 0.43781301, 0.62503958, 0.05399743, 0.16870411, 0.98418653, 0.05399743, 0.16870411, 0.98418665, 0.05399743, 0.16870411, 0.98418659, 0.05399743, 0.16870409, 0.98418653, 0.78222573, -0.0048854, 0.62297601, 0.78222567, -0.0048854, 0.62297601, 0.78222567, -0.0048854, 0.62297601, 0.78222573, -0.0048854, 0.62297606, 0.78222638, -0.00488524, -0.62297517, 0.78222638, -0.00488524, -0.62297517, 0.78222626, -0.00488524, -0.62297511, 0.78222644, -0.00488524, -0.62297511, -0.18406686, -0.57934618, -0.79402614, -0.18406685, -0.57934612, -0.79402608, -0.18406685, -0.57934612, -0.79402608, -0.75064486, -0.48402286, -0.44972664, -0.75064486, -0.48402289, -0.44972664, -0.75064492, -0.48402292, -0.4497267, -0.75064439, -0.48402441, 0.44972593, -0.75064439, -0.48402438, 0.44972587, -0.75064433, -0.48402438, 0.44972587, -0.18406714, -0.579346, 0.79402614, -0.18406716, -0.579346, 0.79402614, -0.18406717, -0.57934594, 0.79402614, 0.33363131, -0.8285144, 0.44972655, 0.33363128, -0.82851446, 0.44972658, 0.33363131, -0.8285144, 0.44972661, 0.3336311, -0.82851404, -0.44972745, 0.3336311, -0.82851398, -0.44972742, 0.33363104, -0.82851398, -0.44972739, 0.24216425, 0.75567877, -0.60852796, 0.24216419, 0.75567859, -0.60852784, 0.24216424, 0.75567871, -0.6085279, -0.12735929, 0.93257022, -0.33777538, -0.1273593, 0.93257034, -0.33777541, -0.12735929, 0.93257028, -0.33777538, -0.12735896, 0.93257034, 0.33777583, -0.12735896, 0.93257022, 0.33777583, -0.12735894, 0.93257022, 0.3377758, 0.24216418, 0.7556777, 0.60852921, 0.24216416, 0.75567758, 0.60852915, 0.24216418, 0.7556777, 0.60852915, 0.63072163, 0.70680028, 0.32034904, 0.63072175, 0.70680028, 0.3203491, 0.63072169, 0.70680022, 0.32034904, 0.63072187, 0.70680016, -0.32034901, 0.63072187, 0.70680016, -0.32034904, 0.63072181, 0.7068001, -0.32034901], 
    "metadata": {
        "formatVersion": 3.1, 
        "generatedBy": "Maya Exporter"
    }
}