{
    "uvs": [[0.0, 0.25, 0.1666666716337204, 0.25, 0.3333333432674408, 0.25, 0.5, 0.25, 0.6666666865348816, 0.25, 0.8333333730697632, 0.25, 1.0, 0.25, 0.0, 0.5, 0.1666666716337204, 0.5, 0.3333333432674408, 0.5, 0.5, 0.5, 0.6666666865348816, 0.5, 0.8333333730697632, 0.5, 1.0, 0.5, 0.0, 0.75, 0.1666666716337204, 0.75, 0.3333333432674408, 0.75, 0.5, 0.75, 0.6666666865348816, 0.75, 0.8333333730697632, 0.75, 1.0, 0.75, 0.0833333358168602, 0.0, 0.25, 0.0, 0.4166666865348816, 0.0, 0.5833333730697632, 0.0, 0.75, 0.0, 0.9166666865348816, 0.0, 0.0833333358168602, 1.0, 0.25, 1.0, 0.4166666865348816, 1.0, 0.5833333730697632, 1.0, 0.75, 1.0, 0.9166666865348816, 1.0]], 
    "faces": [41, 0, 1, 7, 6, 0, 1, 8, 7, 0, 1, 2, 3, 41, 1, 2, 8, 7, 1, 2, 9, 8, 4, 5, 6, 7, 41, 2, 3, 9, 8, 2, 3, 10, 9, 8, 9, 10, 11, 41, 3, 4, 10, 9, 3, 4, 11, 10, 12, 13, 14, 15, 41, 4, 5, 11, 10, 4, 5, 12, 11, 16, 17, 18, 19, 41, 5, 0, 6, 11, 5, 6, 13, 12, 20, 21, 22, 23, 41, 6, 7, 13, 12, 7, 8, 15, 14, 24, 25, 26, 27, 41, 7, 8, 14, 13, 8, 9, 16, 15, 28, 29, 30, 31, 41, 8, 9, 15, 14, 9, 10, 17, 16, 32, 33, 34, 35, 41, 9, 10, 16, 15, 10, 11, 18, 17, 36, 37, 38, 39, 41, 10, 11, 17, 16, 11, 12, 19, 18, 40, 41, 42, 43, 41, 11, 6, 12, 17, 12, 13, 20, 19, 44, 45, 46, 47, 40, 1, 0, 18, 1, 0, 21, 48, 49, 50, 40, 2, 1, 18, 2, 1, 22, 51, 52, 53, 40, 3, 2, 18, 3, 2, 23, 54, 55, 56, 40, 4, 3, 18, 4, 3, 24, 57, 58, 59, 40, 5, 4, 18, 5, 4, 25, 60, 61, 62, 40, 0, 5, 18, 6, 5, 26, 63, 64, 65, 40, 12, 13, 19, 14, 15, 27, 66, 67, 68, 40, 13, 14, 19, 15, 16, 28, 69, 70, 71, 40, 14, 15, 19, 16, 17, 29, 72, 73, 74, 40, 15, 16, 19, 17, 18, 30, 75, 76, 77, 40, 16, 17, 19, 18, 19, 31, 78, 79, 80, 40, 17, 12, 19, 19, 20, 32, 81, 82, 83], 
    "vertices": [0.2393263, -0.06185632, -0.15885949, 0.12648338, 0.18093438, -0.15885955, 0.07006192, 0.30232949, -4e-08, 0.12648338, 0.18093438, 0.15885949, 0.23932624, -0.06185632, 0.15885949, 0.29574764, -0.18325191, -1e-08, 0.62563342, 0.03509362, -0.22681123, 0.45579618, 0.40199203, -0.22681129, 0.37087721, 0.58544083, -5e-08, 0.45579618, 0.40199203, 0.22681123, 0.6256333, 0.03509386, 0.22681123, 0.71055192, -0.14835517, -1e-08, 0.88990504, 0.22721381, -0.1603798, 0.77051038, 0.48547144, -0.16037983, 0.71081311, 0.61460013, -4e-08, 0.7705105, 0.48547144, 0.16037977, 0.88990504, 0.22721381, 0.1603798, 0.94960219, 0.09808512, -1e-08, 0.01946014, -0.01642566, -1e-08, 0.92292065, 0.41036935, -1e-08], 
    "materials": [{
        "opacity": 0.0, 
        "colorDiffuse": [0.4000000059604645, 0.4000000059604645, 0.4000000059604645], 
        "depthWrite": true, 
        "blending": "NormalBlending", 
        "shading": "Lambert", 
        "DbgName": "lambert1", 
        "transparent": true, 
        "depthTest": true, 
        "vertexColors": false
    }], 
    "normals": [-0.15514673, -0.07193344, -0.98526901, -0.15514673, -0.07193344, -0.98526901, -0.15514676, -0.07193345, -0.98526907, -0.15514673, -0.07193343, -0.98526901, -0.521635, 0.56590444, -0.63847399, -0.521635, 0.5659045, -0.63847393, -0.521635, 0.5659045, -0.63847399, -0.521635, 0.56590444, -0.63847393, -0.521635, 0.56590456, 0.63847375, -0.52163506, 0.56590462, 0.63847387, -0.521635, 0.56590456, 0.63847381, -0.52163506, 0.56590462, 0.63847381, -0.15514682, -0.07193325, 0.98526907, -0.15514681, -0.07193325, 0.98526901, -0.15514679, -0.07193325, 0.98526901, -0.15514681, -0.07193325, 0.98526901, 0.07277051, -0.76929289, 0.63473845, 0.07277051, -0.76929289, 0.63473839, 0.07277051, -0.76929283, 0.63473839, 0.07277051, -0.76929295, 0.63473845, 0.0727703, -0.76929289, -0.6347385, 0.0727703, -0.76929289, -0.63473845, 0.0727703, -0.76929295, -0.63473845, 0.0727703, -0.76929283, -0.63473845, 0.18414785, 0.08519688, -0.97919917, 0.18414788, 0.08519689, -0.97919917, 0.18414785, 0.08519687, -0.97919917, 0.18414786, 0.08519688, -0.97919917, -0.06636091, 0.76411772, -0.64165425, -0.06636092, 0.76411778, -0.64165431, -0.06636091, 0.76411772, -0.64165425, -0.06636092, 0.76411778, -0.64165431, -0.06636097, 0.76411778, 0.64165419, -0.06636097, 0.76411784, 0.64165425, -0.06636096, 0.76411772, 0.64165419, -0.06636097, 0.76411778, 0.64165419, 0.18414782, 0.08519705, 0.97919917, 0.18414782, 0.08519703, 0.97919917, 0.18414782, 0.08519705, 0.97919923, 0.1841478, 0.08519704, 0.97919911, 0.55157131, -0.53624076, 0.63891691, 0.55157131, -0.53624076, 0.63891685, 0.55157137, -0.53624076, 0.63891691, 0.55157131, -0.53624082, 0.63891697, 0.55157161, -0.53624058, -0.63891673, 0.55157173, -0.53624064, -0.63891679, 0.55157167, -0.53624058, -0.63891679, 0.55157167, -0.53624064, -0.63891679, -0.59961987, -0.27868831, -0.7501924, -0.59961998, -0.27868837, -0.75019246, -0.59961998, -0.27868837, -0.7501924, -0.89363045, 0.14186242, -0.4257929, -0.8936305, 0.14186241, -0.42579293, -0.89363045, 0.14186241, -0.42579287, -0.89363062, 0.14186177, 0.42579305, -0.89363056, 0.14186175, 0.42579302, -0.89363056, 0.14186174, 0.42579296, -0.59962028, -0.27868778, 0.75019228, -0.5996204, -0.2786878, 0.75019234, -0.59962034, -0.27868778, 0.75019228, -0.46769637, -0.7745707, 0.42579401, -0.46769631, -0.77457058, 0.42579401, -0.46769631, -0.77457058, 0.42579398, -0.46769655, -0.77457035, -0.42579418, -0.46769649, -0.77457035, -0.42579415, -0.46769652, -0.77457035, -0.42579418, 0.75545025, 0.34925112, -0.55436337, 0.75545013, 0.34925103, -0.55436337, 0.75545013, 0.34925103, -0.55436331, 0.66025758, 0.68572241, -0.30634081, 0.66025764, 0.68572247, -0.30634084, 0.66025758, 0.68572241, -0.30634081, 0.6602577, 0.68572277, 0.30633974, 0.6602577, 0.68572277, 0.30633974, 0.6602577, 0.68572283, 0.30633974, 0.75544995, 0.34925154, 0.55436331, 0.75545001, 0.34925154, 0.55436325, 0.75545001, 0.34925151, 0.55436331, 0.95373517, 0.08148679, 0.28939402, 0.95373523, 0.08148681, 0.28939408, 0.95373523, 0.08148679, 0.28939405, 0.95373529, 0.08148625, -0.28939411, 0.95373523, 0.08148625, -0.28939411, 0.95373529, 0.08148625, -0.28939411], 
    "metadata": {
        "formatVersion": 3.1, 
        "generatedBy": "Maya Exporter"
    }
}