{
    "uvs": [[0.0, 0.25, 0.1666666716337204, 0.25, 0.3333333432674408, 0.25, 0.5, 0.25, 0.6666666865348816, 0.25, 0.8333333730697632, 0.25, 1.0, 0.25, 0.0, 0.5, 0.1666666716337204, 0.5, 0.3333333432674408, 0.5, 0.5, 0.5, 0.6666666865348816, 0.5, 0.8333333730697632, 0.5, 1.0, 0.5, 0.0, 0.75, 0.1666666716337204, 0.75, 0.3333333432674408, 0.75, 0.5, 0.75, 0.6666666865348816, 0.75, 0.8333333730697632, 0.75, 1.0, 0.75, 0.0833333358168602, 0.0, 0.25, 0.0, 0.4166666865348816, 0.0, 0.5833333730697632, 0.0, 0.75, 0.0, 0.9166666865348816, 0.0, 0.0833333358168602, 1.0, 0.25, 1.0, 0.4166666865348816, 1.0, 0.5833333730697632, 1.0, 0.75, 1.0, 0.9166666865348816, 1.0]], 
    "faces": [41, 0, 1, 7, 6, 0, 1, 8, 7, 0, 1, 2, 3, 41, 1, 2, 8, 7, 1, 2, 9, 8, 4, 5, 6, 7, 41, 2, 3, 9, 8, 2, 3, 10, 9, 8, 9, 10, 11, 41, 3, 4, 10, 9, 3, 4, 11, 10, 12, 13, 14, 15, 41, 4, 5, 11, 10, 4, 5, 12, 11, 16, 17, 18, 19, 41, 5, 0, 6, 11, 5, 6, 13, 12, 20, 21, 22, 23, 41, 6, 7, 13, 12, 7, 8, 15, 14, 24, 25, 26, 27, 41, 7, 8, 14, 13, 8, 9, 16, 15, 28, 29, 30, 31, 41, 8, 9, 15, 14, 9, 10, 17, 16, 32, 33, 34, 35, 41, 9, 10, 16, 15, 10, 11, 18, 17, 36, 37, 38, 39, 41, 10, 11, 17, 16, 11, 12, 19, 18, 40, 41, 42, 43, 41, 11, 6, 12, 17, 12, 13, 20, 19, 44, 45, 46, 47, 40, 1, 0, 18, 1, 0, 21, 48, 49, 50, 40, 2, 1, 18, 2, 1, 22, 51, 52, 53, 40, 3, 2, 18, 3, 2, 23, 54, 55, 56, 40, 4, 3, 18, 4, 3, 24, 57, 58, 59, 40, 5, 4, 18, 5, 4, 25, 60, 61, 62, 40, 0, 5, 18, 6, 5, 26, 63, 64, 65, 40, 12, 13, 19, 14, 15, 27, 66, 67, 68, 40, 13, 14, 19, 15, 16, 28, 69, 70, 71, 40, 14, 15, 19, 16, 17, 29, 72, 73, 74, 40, 15, 16, 19, 17, 18, 30, 75, 76, 77, 40, 16, 17, 19, 18, 19, 31, 78, 79, 80, 40, 17, 12, 19, 19, 20, 32, 81, 82, 83], 
    "vertices": [0.08029096, 0.07813502, -0.10820544, -0.09080203, 0.07887221, -0.10820544, -0.17634858, 0.0792408, -3e-08, -0.09080203, 0.07887221, 0.10820544, 0.08029096, 0.07813502, 0.10820544, 0.16583745, 0.07776642, -1e-08, 0.12941377, 0.36992264, -0.15448999, -0.12894972, 0.37150097, -0.15449005, -0.25813146, 0.3722899, -4e-08, -0.12894984, 0.37150097, 0.15448999, 0.12941365, 0.36992264, 0.15448999, 0.25859539, 0.36913324, -1e-08, 0.09028839, 0.60942412, -0.10924101, -0.09153052, 0.61063815, -0.10924095, -0.18243994, 0.61124564, -3e-08, -0.09153058, 0.61063838, 0.10924095, 0.09028833, 0.60942412, 0.10924095, 0.18119781, 0.60881687, -1e-08, -0.00583513, -0.05603122, -1e-08, -0.00661506, 0.68981314, -1e-08], 
    "materials": [{
        "opacity": 0.0, 
        "colorDiffuse": [0.4000000059604645, 0.4000000059604645, 0.4000000059604645], 
        "depthWrite": true, 
        "blending": "NormalBlending", 
        "shading": "Lambert", 
        "DbgName": "lambert1", 
        "transparent": true, 
        "depthTest": true, 
        "vertexColors": false
    }], 
    "normals": [-0.00084323, -0.1564301, -0.98768872, -0.00084323, -0.15643011, -0.98768872, -0.00084323, -0.15643008, -0.9876886, -0.00084323, -0.15643007, -0.9876886, -0.75837708, -0.20421259, -0.61900032, -0.75837702, -0.20421258, -0.61900026, -0.75837713, -0.20421261, -0.61900038, -0.75837708, -0.20421259, -0.61900032, -0.75837719, -0.20421275, 0.61900002, -0.75837725, -0.20421277, 0.61900008, -0.75837725, -0.20421275, 0.61900002, -0.75837719, -0.20421278, 0.61900008, -0.0008434, -0.15642998, 0.98768866, -0.0008434, -0.15642996, 0.98768866, -0.0008434, -0.15642998, 0.98768866, -0.0008434, -0.15642995, 0.9876886, 0.75262213, -0.23202088, 0.61621916, 0.75262213, -0.23202088, 0.61621916, 0.75262219, -0.23202091, 0.61621922, 0.75262225, -0.23202091, 0.61621928, 0.75262249, -0.23202081, -0.61621881, 0.75262249, -0.23202083, -0.61621881, 0.75262254, -0.23202081, -0.61621886, 0.75262249, -0.23202081, -0.61621881, 0.00117852, 0.1857861, -0.98258954, 0.00117852, 0.18578608, -0.98258948, 0.00117852, 0.18578607, -0.98258942, 0.00117852, 0.18578608, -0.98258948, -0.7455799, 0.23540159, -0.62345552, -0.74557972, 0.23540151, -0.62345535, -0.74557984, 0.23540154, -0.62345546, -0.74557978, 0.23540156, -0.62345541, -0.74558049, 0.23540166, 0.62345451, -0.74558055, 0.23540168, 0.62345457, -0.74558055, 0.23540166, 0.62345451, -0.74558055, 0.23540166, 0.62345457, 0.00117866, 0.1857862, 0.98258954, 0.00117866, 0.1857862, 0.98258954, 0.00117866, 0.18578619, 0.98258954, 0.00117866, 0.18578619, 0.98258936, 0.74594444, 0.24005394, 0.62124133, 0.7459445, 0.24005395, 0.62124133, 0.74594456, 0.240054, 0.62124145, 0.7459445, 0.24005394, 0.62124133, 0.7459448, 0.24005388, -0.62124103, 0.7459448, 0.24005385, -0.62124097, 0.74594474, 0.24005386, -0.62124103, 0.7459448, 0.24005386, -0.62124103, -0.00270036, -0.62672287, -0.77923751, -0.00270036, -0.62672287, -0.77923751, -0.00270036, -0.62672287, -0.77923745, -0.55839068, -0.7038641, -0.43906173, -0.55839056, -0.70386398, -0.43906167, -0.55839056, -0.7038641, -0.43906167, -0.55839092, -0.70386392, 0.43906164, -0.55839092, -0.70386386, 0.43906167, -0.55839092, -0.70386386, 0.43906167, -0.00270036, -0.62672287, 0.77923751, -0.00270036, -0.62672287, 0.77923751, -0.00270036, -0.62672287, 0.77923745, 0.55230498, -0.70864934, 0.43906188, 0.55230498, -0.70864934, 0.43906188, 0.55230492, -0.70864934, 0.43906188, 0.55230486, -0.7086494, -0.43906188, 0.55230486, -0.70864934, -0.43906191, 0.55230492, -0.7086494, -0.43906191, 0.00539288, 0.80768937, -0.58958352, 0.00539288, 0.80768943, -0.58958352, 0.00539288, 0.80768943, -0.58958352, -0.38571474, 0.86318421, -0.32578695, -0.38571474, 0.86318421, -0.32578698, -0.38571474, 0.86318415, -0.32578695, -0.38571489, 0.86318409, 0.32578695, -0.38571492, 0.86318421, 0.32578695, -0.38571486, 0.86318409, 0.32578692, 0.0053941, 0.80769056, 0.58958191, 0.0053941, 0.8076905, 0.58958191, 0.0053941, 0.80769056, 0.58958197, 0.37667522, 0.87342781, 0.3086091, 0.37667519, 0.87342787, 0.30860907, 0.37667513, 0.87342769, 0.30860907, 0.37667516, 0.87342793, -0.30860895, 0.3766751, 0.87342781, -0.30860892, 0.37667513, 0.87342793, -0.30860892], 
    "metadata": {
        "formatVersion": 3.1, 
        "generatedBy": "Maya Exporter"
    }
}