{
    "uvs": [[0.0, 0.25, 0.1666666716337204, 0.25, 0.3333333432674408, 0.25, 0.5, 0.25, 0.6666666865348816, 0.25, 0.8333333730697632, 0.25, 1.0, 0.25, 0.0, 0.5, 0.1666666716337204, 0.5, 0.3333333432674408, 0.5, 0.5, 0.5, 0.6666666865348816, 0.5, 0.8333333730697632, 0.5, 1.0, 0.5, 0.0, 0.75, 0.1666666716337204, 0.75, 0.3333333432674408, 0.75, 0.5, 0.75, 0.6666666865348816, 0.75, 0.8333333730697632, 0.75, 1.0, 0.75, 0.0833333358168602, 0.0, 0.25, 0.0, 0.4166666865348816, 0.0, 0.5833333730697632, 0.0, 0.75, 0.0, 0.9166666865348816, 0.0, 0.0833333358168602, 1.0, 0.25, 1.0, 0.4166666865348816, 1.0, 0.5833333730697632, 1.0, 0.75, 1.0, 0.9166666865348816, 1.0]], 
    "faces": [41, 0, 1, 7, 6, 0, 1, 8, 7, 0, 1, 2, 3, 41, 1, 2, 8, 7, 1, 2, 9, 8, 4, 5, 6, 7, 41, 2, 3, 9, 8, 2, 3, 10, 9, 8, 9, 10, 11, 41, 3, 4, 10, 9, 3, 4, 11, 10, 12, 13, 14, 15, 41, 4, 5, 11, 10, 4, 5, 12, 11, 16, 17, 18, 19, 41, 5, 0, 6, 11, 5, 6, 13, 12, 20, 21, 22, 23, 41, 6, 7, 13, 12, 7, 8, 15, 14, 24, 25, 26, 27, 41, 7, 8, 14, 13, 8, 9, 16, 15, 28, 29, 30, 31, 41, 8, 9, 15, 14, 9, 10, 17, 16, 32, 33, 34, 35, 41, 9, 10, 16, 15, 10, 11, 18, 17, 36, 37, 38, 39, 41, 10, 11, 17, 16, 11, 12, 19, 18, 40, 41, 42, 43, 41, 11, 6, 12, 17, 12, 13, 20, 19, 44, 45, 46, 47, 40, 1, 0, 18, 1, 0, 21, 48, 49, 50, 40, 2, 1, 18, 2, 1, 22, 51, 52, 53, 40, 3, 2, 18, 3, 2, 23, 54, 55, 56, 40, 4, 3, 18, 4, 3, 24, 57, 58, 59, 40, 5, 4, 18, 5, 4, 25, 60, 61, 62, 40, 0, 5, 18, 6, 5, 26, 63, 64, 65, 40, 12, 13, 19, 14, 15, 27, 66, 67, 68, 40, 13, 14, 19, 15, 16, 28, 69, 70, 71, 40, 14, 15, 19, 16, 17, 29, 72, 73, 74, 40, 15, 16, 19, 17, 18, 30, 75, 76, 77, 40, 16, 17, 19, 18, 19, 31, 78, 79, 80, 40, 17, 12, 19, 19, 20, 32, 81, 82, 83], 
    "vertices": [0.07589605, 0.2092967, -0.18262559, -0.17005087, 0.0242486, -0.18262562, -0.29302431, -0.06827593, -4e-08, -0.17005087, 0.0242486, 0.18262559, 0.07589596, 0.2092967, 0.18262559, 0.19886946, 0.30182075, -1e-08, -0.13283897, 0.62994432, -0.2607432, -0.50468273, 0.35109305, -0.26074326, -0.69060446, 0.2116673, -5e-08, -0.50468279, 0.35109305, 0.2607432, -0.13283912, 0.62994432, 0.26074326, 0.05308293, 0.76936984, -1e-08, -0.41804648, 0.88885879, -0.18437332, -0.67982424, 0.69275212, -0.18437335, -0.81071318, 0.5946989, -4e-08, -0.67982436, 0.69275236, 0.18437329, -0.41804654, 0.88885879, 0.18437332, -0.2871576, 0.98691201, -1e-08, 0.08079877, -0.0531869, -1e-08, -0.63385297, 0.88470626, -1e-08], 
    "materials": [{
        "opacity": 0.0, 
        "colorDiffuse": [0.4000000059604645, 0.4000000059604645, 0.4000000059604645], 
        "depthWrite": true, 
        "blending": "NormalBlending", 
        "shading": "Lambert", 
        "DbgName": "lambert1", 
        "transparent": true, 
        "depthTest": true, 
        "vertexColors": false
    }], 
    "normals": [0.10010792, -0.13331692, -0.98600459, 0.10010792, -0.13331692, -0.98600453, 0.10010792, -0.1333169, -0.98600453, 0.10010792, -0.1333169, -0.98600447, -0.44903088, -0.62415898, -0.63937205, -0.44903091, -0.62415892, -0.63937211, -0.44903097, -0.62415904, -0.63937211, -0.44903097, -0.62415898, -0.63937211, -0.44903114, -0.62415922, 0.63937175, -0.44903111, -0.62415922, 0.63937169, -0.44903111, -0.62415922, 0.63937169, -0.44903114, -0.62415928, 0.63937181, 0.10010782, -0.13331704, 0.98600447, 0.10010783, -0.13331707, 0.98600459, 0.10010782, -0.13331704, 0.98600447, 0.10010781, -0.13331704, 0.98600453, 0.73447162, 0.23724157, 0.63582063, 0.7344715, 0.23724155, 0.63582057, 0.73447156, 0.23724157, 0.63582063, 0.73447156, 0.23724157, 0.63582063, 0.73447168, 0.23724167, -0.63582039, 0.7344718, 0.2372417, -0.63582039, 0.73447174, 0.23724169, -0.63582039, 0.73447174, 0.2372417, -0.63582045, -0.11867939, 0.15832537, -0.9802286, -0.11867942, 0.15832539, -0.98022872, -0.11867942, 0.15832537, -0.98022866, -0.1186794, 0.15832539, -0.98022872, -0.73071814, -0.22996792, -0.64277977, -0.73071814, -0.22996794, -0.64277977, -0.73071808, -0.22996794, -0.64277977, -0.73071808, -0.22996789, -0.64277971, -0.73071831, -0.22996809, 0.64277935, -0.73071831, -0.2299681, 0.64277941, -0.73071831, -0.22996809, 0.64277935, -0.73071831, -0.22996807, 0.64277935, -0.11867952, 0.15832525, 0.98022866, -0.1186795, 0.15832524, 0.9802286, -0.1186795, 0.15832524, 0.9802286, -0.11867951, 0.15832523, 0.98022866, 0.41456023, 0.64680326, 0.64014482, 0.41456023, 0.64680326, 0.64014482, 0.4145602, 0.6468032, 0.64014477, 0.4145602, 0.64680314, 0.64014477, 0.41456026, 0.64680314, -0.64014482, 0.41456023, 0.64680314, -0.64014488, 0.41456023, 0.64680314, -0.64014482, 0.41456023, 0.6468032, -0.64014482, 0.39166158, -0.52055627, -0.75869787, 0.39166158, -0.52055633, -0.75869787, 0.39166152, -0.52055621, -0.75869775, 0.0363729, -0.90111786, -0.43204582, 0.03637289, -0.9011178, -0.43204582, 0.03637289, -0.90111786, -0.43204582, 0.03637276, -0.90111792, 0.4320457, 0.03637276, -0.90111786, 0.43204567, 0.03637276, -0.90111786, 0.43204564, 0.39166138, -0.52055603, 0.75869817, 0.39166132, -0.52055597, 0.75869811, 0.39166135, -0.52055597, 0.75869811, 0.85576367, -0.28461522, 0.43204471, 0.85576373, -0.28461522, 0.43204474, 0.85576367, -0.28461522, 0.43204474, 0.85576355, -0.28461531, -0.43204492, 0.85576349, -0.28461528, -0.43204489, 0.85576355, -0.28461531, -0.43204495, -0.49492511, 0.66066319, -0.56442297, -0.49492508, 0.66066313, -0.56442291, -0.49492511, 0.66066325, -0.56442302, -0.81095058, 0.49455556, -0.31268814, -0.81095058, 0.49455556, -0.31268814, -0.81095064, 0.49455559, -0.31268811, -0.8109501, 0.49455652, 0.31268817, -0.81095004, 0.49455655, 0.31268817, -0.8109501, 0.49455655, 0.31268817, -0.49492502, 0.66066378, 0.56442225, -0.49492505, 0.66066378, 0.56442219, -0.49492502, 0.66066384, 0.56442231, -0.2701363, 0.91633767, 0.29555285, -0.27013636, 0.91633773, 0.29555288, -0.2701363, 0.91633767, 0.29555285, -0.27013627, 0.91633767, -0.29555285, -0.27013636, 0.91633785, -0.29555291, -0.2701363, 0.91633767, -0.29555288], 
    "metadata": {
        "formatVersion": 3.1, 
        "generatedBy": "Maya Exporter"
    }
}