{
    "uvs": [[0.0, 0.25, 0.1666666716337204, 0.25, 0.3333333432674408, 0.25, 0.5, 0.25, 0.6666666865348816, 0.25, 0.8333333730697632, 0.25, 1.0, 0.25, 0.0, 0.5, 0.1666666716337204, 0.5, 0.3333333432674408, 0.5, 0.5, 0.5, 0.6666666865348816, 0.5, 0.8333333730697632, 0.5, 1.0, 0.5, 0.0, 0.75, 0.1666666716337204, 0.75, 0.3333333432674408, 0.75, 0.5, 0.75, 0.6666666865348816, 0.75, 0.8333333730697632, 0.75, 1.0, 0.75, 0.0833333358168602, 0.0, 0.25, 0.0, 0.4166666865348816, 0.0, 0.5833333730697632, 0.0, 0.75, 0.0, 0.9166666865348816, 0.0, 0.0833333358168602, 1.0, 0.25, 1.0, 0.4166666865348816, 1.0, 0.5833333730697632, 1.0, 0.75, 1.0, 0.9166666865348816, 1.0]], 
    "faces": [41, 0, 1, 7, 6, 0, 1, 8, 7, 0, 1, 2, 3, 41, 1, 2, 8, 7, 1, 2, 9, 8, 4, 5, 6, 7, 41, 2, 3, 9, 8, 2, 3, 10, 9, 8, 9, 10, 11, 41, 3, 4, 10, 9, 3, 4, 11, 10, 12, 13, 14, 15, 41, 4, 5, 11, 10, 4, 5, 12, 11, 16, 17, 18, 19, 41, 5, 0, 6, 11, 5, 6, 13, 12, 20, 21, 22, 23, 41, 6, 7, 13, 12, 7, 8, 15, 14, 24, 25, 26, 27, 41, 7, 8, 14, 13, 8, 9, 16, 15, 28, 29, 30, 31, 41, 8, 9, 15, 14, 9, 10, 17, 16, 32, 33, 34, 35, 41, 9, 10, 16, 15, 10, 11, 18, 17, 36, 37, 38, 39, 41, 10, 11, 17, 16, 11, 12, 19, 18, 40, 41, 42, 43, 41, 11, 6, 12, 17, 12, 13, 20, 19, 44, 45, 46, 47, 40, 1, 0, 18, 1, 0, 21, 48, 49, 50, 40, 2, 1, 18, 2, 1, 22, 51, 52, 53, 40, 3, 2, 18, 3, 2, 23, 54, 55, 56, 40, 4, 3, 18, 4, 3, 24, 57, 58, 59, 40, 5, 4, 18, 5, 4, 25, 60, 61, 62, 40, 0, 5, 18, 6, 5, 26, 63, 64, 65, 40, 12, 13, 19, 14, 15, 27, 66, 67, 68, 40, 13, 14, 19, 15, 16, 28, 69, 70, 71, 40, 14, 15, 19, 16, 17, 29, 72, 73, 74, 40, 15, 16, 19, 17, 18, 30, 75, 76, 77, 40, 16, 17, 19, 18, 19, 31, 78, 79, 80, 40, 17, 12, 19, 19, 20, 32, 81, 82, 83], 
    "vertices": [0.14481914, 0.03687589, -0.15781021, -0.08703265, 0.09410493, -0.15781024, -0.20295856, 0.12271945, -4e-08, -0.08703271, 0.09410493, 0.15781021, 0.14481911, 0.03687589, 0.15781021, 0.26074496, 0.00826137, -1e-08, 0.30527565, 0.40814369, -0.22531313, -0.04468856, 0.49518197, -0.22531319, -0.21967075, 0.53870051, -5e-08, -0.04468862, 0.49518197, 0.22531313, 0.3052755, 0.40814369, 0.22531313, 0.4802576, 0.36462419, -1e-08, 0.32921099, 0.73900239, -0.15932044, 0.0829629, 0.80039136, -0.1593205, -0.04016117, 0.83108633, -4e-08, 0.08296284, 0.8003916, 0.15932044, 0.3292109, 0.73900239, 0.15932047, 0.45233497, 0.70830791, -1e-08, -0.01515136, -0.11294682, -1e-08, 0.22360915, 0.87759726, -1e-08], 
    "materials": [{
        "opacity": 0.0, 
        "colorDiffuse": [0.4000000059604645, 0.4000000059604645, 0.4000000059604645], 
        "depthWrite": true, 
        "blending": "NormalBlending", 
        "shading": "Lambert", 
        "DbgName": "lambert1", 
        "transparent": true, 
        "depthTest": true, 
        "vertexColors": false
    }], 
    "normals": [-0.04012424, -0.16181779, -0.98600465, -0.04012424, -0.16181777, -0.98600459, -0.04012423, -0.16181776, -0.98600447, -0.04012424, -0.16181777, -0.98600459, -0.79841632, -0.02465541, -0.60160065, -0.79841632, -0.0246554, -0.60160065, -0.79841638, -0.02465541, -0.60160071, -0.79841638, -0.02465541, -0.60160071, -0.79841632, -0.02465538, 0.60160077, -0.79841632, -0.02465538, 0.60160077, -0.79841626, -0.02465538, 0.60160077, -0.79841632, -0.02465538, 0.60160077, -0.04012442, -0.16181765, 0.98600459, -0.04012442, -0.16181767, 0.98600459, -0.04012442, -0.16181765, 0.98600459, -0.04012442, -0.16181765, 0.98600459, 0.68587679, -0.41370547, 0.5986824, 0.68587679, -0.4137055, 0.59868252, 0.68587673, -0.41370547, 0.59868246, 0.68587685, -0.4137055, 0.59868252, 0.68587697, -0.41370562, -0.59868234, 0.68587697, -0.41370559, -0.59868228, 0.68587685, -0.41370556, -0.59868228, 0.68587691, -0.41370556, -0.59868228, 0.04780062, 0.19200774, -0.9802286, 0.04780062, 0.19200772, -0.98022854, 0.04780063, 0.19200775, -0.98022866, 0.04780062, 0.19200772, -0.98022848, -0.67834228, 0.4155775, -0.60592663, -0.67834222, 0.41557744, -0.60592651, -0.67834216, 0.41557741, -0.60592651, -0.67834234, 0.4155775, -0.60592663, -0.67834252, 0.41557717, 0.60592639, -0.67834264, 0.4155772, 0.60592645, -0.67834258, 0.4155772, 0.60592639, -0.67834252, 0.4155772, 0.60592645, 0.04780038, 0.19200744, 0.9802286, 0.04780038, 0.19200747, 0.98022872, 0.04780038, 0.19200742, 0.9802286, 0.04780038, 0.19200745, 0.98022866, 0.7947107, 0.06375274, 0.60363114, 0.79471064, 0.06375274, 0.60363114, 0.79471058, 0.06375273, 0.60363108, 0.79471064, 0.06375273, 0.60363108, 0.79471099, 0.06375279, -0.60363072, 0.79471093, 0.06375279, -0.60363072, 0.79471105, 0.06375279, -0.60363078, 0.79471093, 0.06375278, -0.60363072, -0.15611291, -0.63246024, -0.75869805, -0.15611291, -0.6324603, -0.75869817, -0.15611291, -0.6324603, -0.75869811, -0.71007919, -0.56587678, -0.41901183, -0.71007919, -0.56587672, -0.41901186, -0.71007919, -0.56587684, -0.41901186, -0.71007985, -0.56587619, 0.41901165, -0.71007985, -0.56587613, 0.41901159, -0.71007991, -0.56587619, 0.41901165, -0.15611315, -0.63246059, 0.75869781, -0.15611316, -0.63246053, 0.75869781, -0.15611316, -0.63246059, 0.75869769, 0.36520907, -0.83129597, 0.41900989, 0.3652091, -0.83129597, 0.41900989, 0.3652091, -0.83129597, 0.41900989, 0.36520904, -0.83129543, -0.419011, 0.36520904, -0.83129531, -0.41901103, 0.36520907, -0.83129543, -0.41901103, 0.19967994, 0.80097097, -0.56442297, 0.19967994, 0.80097097, -0.56442297, 0.19967997, 0.80097103, -0.56442302, -0.1652007, 0.93687725, -0.30817133, -0.1652007, 0.93687731, -0.30817133, -0.1652007, 0.93687731, -0.30817136, -0.16520086, 0.93687803, 0.30816901, -0.16520086, 0.93687809, 0.30816904, -0.16520087, 0.93687809, 0.30816907, 0.19968076, 0.80097127, 0.56442231, 0.19968073, 0.80097127, 0.56442219, 0.19968075, 0.80097127, 0.56442225, 0.56905347, 0.76884478, 0.29164296, 0.56905353, 0.76884478, 0.29164293, 0.56905359, 0.7688449, 0.29164299, 0.56905359, 0.76884472, -0.29164305, 0.56905359, 0.76884478, -0.29164305, 0.56905359, 0.76884484, -0.29164305], 
    "metadata": {
        "formatVersion": 3.1, 
        "generatedBy": "Maya Exporter"
    }
}