{
    "uvs": [[0.0, 0.25, 0.1666666716337204, 0.25, 0.3333333432674408, 0.25, 0.5, 0.25, 0.6666666865348816, 0.25, 0.8333333730697632, 0.25, 1.0, 0.25, 0.0, 0.5, 0.1666666716337204, 0.5, 0.3333333432674408, 0.5, 0.5, 0.5, 0.6666666865348816, 0.5, 0.8333333730697632, 0.5, 1.0, 0.5, 0.0, 0.75, 0.1666666716337204, 0.75, 0.3333333432674408, 0.75, 0.5, 0.75, 0.6666666865348816, 0.75, 0.8333333730697632, 0.75, 1.0, 0.75, 0.0833333358168602, 0.0, 0.25, 0.0, 0.4166666865348816, 0.0, 0.5833333730697632, 0.0, 0.75, 0.0, 0.9166666865348816, 0.0, 0.0833333358168602, 1.0, 0.25, 1.0, 0.4166666865348816, 1.0, 0.5833333730697632, 1.0, 0.75, 1.0, 0.9166666865348816, 1.0]], 
    "faces": [41, 0, 1, 7, 6, 0, 1, 8, 7, 0, 1, 2, 3, 41, 1, 2, 8, 7, 1, 2, 9, 8, 4, 5, 6, 7, 41, 2, 3, 9, 8, 2, 3, 10, 9, 8, 9, 10, 11, 41, 3, 4, 10, 9, 3, 4, 11, 10, 12, 13, 14, 15, 41, 4, 5, 11, 10, 4, 5, 12, 11, 16, 17, 18, 19, 41, 5, 0, 6, 11, 5, 6, 13, 12, 20, 21, 22, 23, 41, 6, 7, 13, 12, 7, 8, 15, 14, 24, 25, 26, 27, 41, 7, 8, 14, 13, 8, 9, 16, 15, 28, 29, 30, 31, 41, 8, 9, 15, 14, 9, 10, 17, 16, 32, 33, 34, 35, 41, 9, 10, 16, 15, 10, 11, 18, 17, 36, 37, 38, 39, 41, 10, 11, 17, 16, 11, 12, 19, 18, 40, 41, 42, 43, 41, 11, 6, 12, 17, 12, 13, 20, 19, 44, 45, 46, 47, 40, 1, 0, 18, 1, 0, 21, 48, 49, 50, 40, 2, 1, 18, 2, 1, 22, 51, 52, 53, 40, 3, 2, 18, 3, 2, 23, 54, 55, 56, 40, 4, 3, 18, 4, 3, 24, 57, 58, 59, 40, 5, 4, 18, 5, 4, 25, 60, 61, 62, 40, 0, 5, 18, 6, 5, 26, 63, 64, 65, 40, 12, 13, 19, 14, 15, 27, 66, 67, 68, 40, 13, 14, 19, 15, 16, 28, 69, 70, 71, 40, 14, 15, 19, 16, 17, 29, 72, 73, 74, 40, 15, 16, 19, 17, 18, 30, 75, 76, 77, 40, 16, 17, 19, 18, 19, 31, 78, 79, 80, 40, 17, 12, 19, 19, 20, 32, 81, 82, 83], 
    "vertices": [0.08280851, 0.10559536, -0.111745, -0.07644783, 0.04874016, -0.111745, -0.15607606, 0.02031208, -3e-08, -0.07644789, 0.04873968, 0.111745, 0.08280851, 0.10559536, 0.111745, 0.16243667, 0.13402343, -1e-08, 0.03239215, 0.38751841, -0.15954363, -0.20825039, 0.30208517, -0.15954369, -0.32857155, 0.25936867, -4e-08, -0.20825039, 0.30208517, 0.15954363, 0.03239204, 0.38751841, 0.15954363, 0.15271319, 0.43023539, -1e-08, -0.08282684, 0.59221125, -0.11281443, -0.25220906, 0.53218318, -0.11281446, -0.3369001, 0.50216914, -3e-08, -0.25220912, 0.53218318, 0.1128144, -0.0828269, 0.59221125, 0.11281443, 0.00186415, 0.62222481, -1e-08, 0.04693742, -0.04539823, -1e-08, -0.19935708, 0.63275099, -1e-08], 
    "materials": [{
        "opacity": 0.0, 
        "colorDiffuse": [0.4000000059604645, 0.4000000059604645, 0.4000000059604645], 
        "depthWrite": true, 
        "blending": "NormalBlending", 
        "shading": "Lambert", 
        "DbgName": "lambert1", 
        "transparent": true, 
        "depthTest": true, 
        "vertexColors": false
    }], 
    "normals": [0.05588812, -0.15707198, -0.98600459, 0.05588812, -0.15707196, -0.98600447, 0.05588812, -0.15707198, -0.98600453, 0.05588812, -0.15707198, -0.98600453, -0.65208036, -0.46137646, -0.60160035, -0.65208036, -0.46137646, -0.60160029, -0.65208036, -0.46137649, -0.60160035, -0.65208036, -0.46137643, -0.60160029, -0.65208113, -0.46137637, 0.60159963, -0.65208113, -0.46137637, 0.60159963, -0.65208113, -0.46137631, 0.60159951, -0.65208113, -0.46137634, 0.60159963, 0.05588799, -0.15707147, 0.98600459, 0.05588798, -0.15707147, 0.98600465, 0.05588798, -0.15707146, 0.98600465, 0.05588799, -0.15707147, 0.98600471, 0.80027515, 0.03375057, 0.59868246, 0.80027515, 0.03375058, 0.59868246, 0.80027509, 0.03375058, 0.5986824, 0.80027509, 0.03375058, 0.5986824, 0.80027497, 0.03375028, -0.59868258, 0.80027497, 0.03375027, -0.59868258, 0.80027497, 0.03375028, -0.59868258, 0.80027497, 0.03375028, -0.59868258, -0.06615613, 0.18648084, -0.98022866, -0.06615613, 0.18648085, -0.98022866, -0.06615613, 0.18648085, -0.9802286, -0.06615613, 0.18648085, -0.98022872, -0.79502666, -0.0280297, -0.60592651, -0.7950266, -0.0280297, -0.60592651, -0.79502666, -0.0280297, -0.60592651, -0.79502666, -0.0280297, -0.60592645, -0.79502696, -0.0280299, 0.60592622, -0.79502696, -0.0280299, 0.60592616, -0.79502696, -0.02802989, 0.60592616, -0.7950269, -0.0280299, 0.60592616, -0.0661564, 0.18648075, 0.98022866, -0.06615639, 0.18648073, 0.9802286, -0.06615639, 0.18648072, 0.9802286, -0.0661564, 0.18648076, 0.98022866, 0.6274035, 0.49192798, 0.60363215, 0.6274035, 0.49192795, 0.60363209, 0.6274035, 0.49192789, 0.60363215, 0.6274035, 0.49192795, 0.60363215, 0.6274038, 0.49192846, -0.6036312, 0.62740386, 0.49192855, -0.6036312, 0.6274038, 0.49192849, -0.6036312, 0.62740386, 0.49192846, -0.6036312, 0.21902849, -0.61351788, -0.75869775, 0.2190285, -0.61351794, -0.75869775, 0.2190285, -0.61351794, -0.75869769, -0.27960813, -0.86385566, -0.41901386, -0.27960813, -0.86385566, -0.41901386, -0.27960813, -0.86385566, -0.41901392, -0.27960855, -0.86385649, 0.41901195, -0.27960858, -0.86385649, 0.41901195, -0.27960858, -0.86385655, 0.41901195, 0.21903087, -0.61351991, 0.75869542, 0.2190309, -0.61351997, 0.75869548, 0.2190309, -0.61351997, 0.75869542, 0.76347172, -0.49146992, 0.41900858, 0.76347172, -0.49146989, 0.41900855, 0.76347178, -0.49146992, 0.41900861, 0.76347172, -0.49146992, -0.41900861, 0.76347172, -0.49146995, -0.41900867, 0.76347166, -0.49146992, -0.41900864, -0.27574313, 0.77806973, -0.56442285, -0.27574316, 0.77806973, -0.56442291, -0.27574313, 0.77806967, -0.56442285, -0.65500736, 0.68992412, -0.30817196, -0.6550073, 0.68992412, -0.30817196, -0.6550073, 0.68992412, -0.30817196, -0.65500736, 0.68992466, 0.30817071, -0.65500748, 0.68992472, 0.30817074, -0.65500742, 0.6899246, 0.30817071, -0.27574322, 0.77806902, 0.56442392, -0.27574319, 0.77806896, 0.56442392, -0.27574319, 0.7780689, 0.56442392, 0.04996912, 0.95522273, 0.2916379, 0.04996912, 0.95522267, 0.2916379, 0.04996912, 0.95522267, 0.2916379, 0.0499691, 0.95522273, -0.29163772, 0.0499691, 0.95522279, -0.29163775, 0.0499691, 0.95522273, -0.29163772], 
    "metadata": {
        "formatVersion": 3.1, 
        "generatedBy": "Maya Exporter"
    }
}