{
    "uvs": [[0.3781736195087433, 0.5392073392868042, 0.2190990149974823, 0.5752573013305664, 0.12214764952659607, 0.3174230456352234, 0.36246034502983093, 0.2634090781211853, 0.3263801336288452, 0.6796590089797974, 0.13956135511398315, 0.5932819247245789, 0.0019920426420867443, 0.3444307744503021, 0.10663235932588577, 0.09199924021959305, 0.27577000856399536, 0.05408191680908203, 0.45771053433418274, 0.5211827754974365, 0.48261669278144836, 0.23640210926532745, 0.022062791511416435, 0.1109582707285881, 0.16886121034622192, 0.0017986923921853304, 0.36033886671066284, 0.035122886300086975, 0.7529426217079163, 0.575255811214447, 0.5938680171966553, 0.5392066240310669, 0.6095812916755676, 0.263408362865448, 0.8498939871788025, 0.3174230456352234, 0.6456615328788757, 0.6796582937240601, 0.5143311023712158, 0.5211820602416992, 0.4894249439239502, 0.23640137910842896, 0.6962716579437256, 0.054081179201602936, 0.8654100298881531, 0.09199850261211395, 0.8324803113937378, 0.5932811498641968, 0.9700496196746826, 0.34443002939224243, 0.6117027997970581, 0.03512214869260788, 0.803180456161499, 0.0017986923921853304, 0.9499788880348206, 0.11095753312110901, 0.6851001381874084, 0.7914350032806396, 0.6055625081062317, 0.8992199301719666, 0.4982813894748688, 0.7914350032806396, 0.6055625081062317, 0.6836501359939575, 0.7758045196533203, 0.9012830257415771, 0.6912356615066528, 0.792466938495636, 0.8827133178710938, 0.792466938495636, 0.7758045196533203, 0.6836501359939575, 0.49214643239974976, 0.7914357781410217, 0.4741218388080597, 0.8992206454277039, 0.33367037773132324, 0.7914357781410217, 0.4741218388080597, 0.6836508512496948, 0.9078078269958496, 0.9012830257415771, 0.8888487815856934, 0.7924662232398987, 0.9980080127716064, 0.7924662232398987, 0.9078078269958496, 0.6836501359939575]], 
    "faces": [41, 0, 1, 7, 6, 0, 1, 2, 3, 0, 1, 2, 3, 41, 1, 2, 8, 7, 1, 5, 6, 2, 4, 5, 6, 7, 41, 2, 3, 9, 8, 23, 14, 17, 24, 8, 9, 10, 11, 41, 3, 4, 10, 9, 14, 15, 16, 17, 12, 13, 14, 15, 41, 4, 5, 11, 10, 15, 19, 20, 16, 16, 17, 18, 19, 41, 5, 0, 6, 11, 9, 0, 3, 10, 20, 21, 22, 23, 41, 6, 7, 13, 12, 3, 2, 7, 8, 24, 25, 26, 27, 41, 7, 8, 14, 13, 2, 6, 11, 7, 28, 29, 30, 31, 41, 8, 9, 15, 14, 24, 17, 22, 27, 32, 33, 34, 35, 41, 9, 10, 16, 15, 17, 16, 21, 22, 36, 37, 38, 39, 41, 10, 11, 17, 16, 16, 20, 25, 21, 40, 41, 42, 43, 41, 11, 6, 12, 17, 10, 3, 8, 13, 44, 45, 46, 47, 40, 1, 0, 18, 1, 0, 4, 48, 49, 50, 40, 2, 1, 18, 28, 29, 30, 51, 52, 53, 40, 3, 2, 18, 31, 28, 30, 54, 55, 56, 40, 4, 3, 18, 15, 14, 18, 57, 58, 59, 40, 5, 4, 18, 36, 37, 38, 60, 61, 62, 40, 0, 5, 18, 39, 36, 38, 63, 64, 65, 40, 12, 13, 19, 8, 7, 12, 66, 67, 68, 40, 13, 14, 19, 40, 41, 42, 69, 70, 71, 40, 14, 15, 19, 41, 43, 42, 72, 73, 74, 40, 15, 16, 19, 22, 21, 26, 75, 76, 77, 40, 16, 17, 19, 32, 33, 34, 78, 79, 80, 40, 17, 12, 19, 33, 35, 34, 81, 82, 83], 
    "vertices": [0.11089137, -0.01863806, -0.07693356, 0.0851604, 0.0949045, -0.07693356, 0.07229489, 0.15167577, -3e-08, 0.08516037, 0.0949045, 0.07693356, 0.11089134, -0.01863806, 0.07693356, 0.12375682, -0.07540934, -1e-08, 0.30774787, -0.00742237, -0.1098417, 0.26919415, 0.16410573, -0.1098417, 0.24991709, 0.24986918, -3e-08, 0.26919418, 0.16410573, 0.10984164, 0.30774787, -0.00742237, 0.1098417, 0.3270247, -0.09318631, -1e-08, 0.45715928, 0.05445488, -0.07766986, 0.43009493, 0.17518003, -0.07766986, 0.41656268, 0.23554285, -3e-08, 0.4300949, 0.17518027, 0.0776698, 0.45715926, 0.05445488, 0.0776698, 0.47069144, -0.00590794, -1e-08, 0.01064147, 0.01833041, -1e-08, 0.49447697, 0.13076289, -1e-08], 
    "materials": [{
        "opacity": 0.0, 
        "colorDiffuse": [0.4000000059604645, 0.4000000059604645, 0.4000000059604645], 
        "depthWrite": true, 
        "blending": "NormalBlending", 
        "shading": "Lambert", 
        "DbgName": "lambert1", 
        "transparent": true, 
        "depthTest": true, 
        "vertexColors": false
    }], 
    "normals": [-0.16263445, -0.03667478, -0.98600447, -0.16263442, -0.03667478, -0.98600447, -0.16263443, -0.03667478, -0.98600453, -0.16263445, -0.03667478, -0.98600453, -0.37996322, 0.70264161, -0.60160011, -0.37996325, 0.70264161, -0.60160011, -0.37996319, 0.70264161, -0.60160011, -0.37996328, 0.70264161, -0.60160017, -0.37996253, 0.70264065, 0.6016016, -0.37996256, 0.70264071, 0.6016016, -0.37996253, 0.70264065, 0.6016016, -0.37996256, 0.70264071, 0.60160166, -0.16263431, -0.03667453, 0.98600447, -0.16263434, -0.03667453, 0.98600459, -0.16263434, -0.03667454, 0.98600465, -0.16263434, -0.03667453, 0.98600459, -0.06233324, -0.79855669, 0.59868342, -0.06233324, -0.79855669, 0.59868342, -0.06233323, -0.79855657, 0.59868336, -0.06233323, -0.79855663, 0.59868336, -0.06233333, -0.79855776, -0.59868199, -0.06233332, -0.79855776, -0.59868193, -0.06233332, -0.7985577, -0.59868187, -0.06233332, -0.7985577, -0.59868199, 0.19306149, 0.04334708, -0.98022866, 0.19306147, 0.04334708, -0.98022866, 0.19306149, 0.04334707, -0.98022872, 0.1930615, 0.04334707, -0.98022872, 0.06738437, 0.79266244, -0.60592538, 0.06738436, 0.79266244, -0.60592526, 0.06738436, 0.79266244, -0.60592532, 0.06738437, 0.7926625, -0.60592532, 0.0673838, 0.79266387, 0.60592359, 0.06738381, 0.79266393, 0.60592365, 0.06738381, 0.79266387, 0.60592359, 0.0673838, 0.79266381, 0.60592353, 0.19306178, 0.04334728, 0.98022854, 0.19306178, 0.04334728, 0.9802286, 0.19306177, 0.04334728, 0.9802286, 0.19306177, 0.04334728, 0.9802286, 0.41325, -0.68180192, 0.60363114, 0.41325003, -0.68180197, 0.60363114, 0.41325, -0.68180192, 0.60363108, 0.41325003, -0.68180197, 0.60363114, 0.41325036, -0.68180263, -0.60363013, 0.41325036, -0.68180263, -0.60363024, 0.4132503, -0.68180257, -0.60363013, 0.41325027, -0.68180257, -0.60363007, -0.63533187, -0.14397867, -0.75869852, -0.63533193, -0.14397869, -0.75869852, -0.63533187, -0.14397867, -0.75869846, -0.82415295, 0.38105422, -0.41901025, -0.82415301, 0.38105425, -0.41901025, -0.82415301, 0.38105425, -0.41901031, -0.82415205, 0.38105431, 0.41901195, -0.82415211, 0.38105434, 0.41901198, -0.82415199, 0.38105431, 0.41901192, -0.63533205, -0.14397879, 0.75869846, -0.63533199, -0.14397877, 0.7586984, -0.63533199, -0.14397879, 0.75869846, -0.57936525, -0.69911766, 0.41901127, -0.57936525, -0.69911766, 0.41901129, -0.57936519, -0.69911754, 0.41901121, -0.57936519, -0.69911748, -0.41901141, -0.57936525, -0.69911754, -0.41901138, -0.57936531, -0.69911754, -0.41901141, 0.80549252, 0.18057659, -0.56442344, 0.80549258, 0.18057661, -0.56442344, 0.80549258, 0.18057661, -0.56442344, 0.76340437, 0.56766665, -0.30816948, 0.76340425, 0.56766659, -0.30816942, 0.76340437, 0.56766659, -0.30816951, 0.76340401, 0.56766695, 0.30816948, 0.76340407, 0.56766689, 0.30816948, 0.76340401, 0.56766695, 0.30816948, 0.80549186, 0.18057616, 0.56442463, 0.80549181, 0.18057618, 0.56442463, 0.80549181, 0.18057618, 0.56442463, 0.94236237, -0.16400407, 0.29164305, 0.94236243, -0.16400407, 0.29164305, 0.94236249, -0.16400407, 0.29164305, 0.94236171, -0.16400421, -0.29164532, 0.94236171, -0.16400419, -0.29164532, 0.94236177, -0.16400421, -0.29164532], 
    "metadata": {
        "formatVersion": 3.1, 
        "generatedBy": "Maya Exporter"
    }
}