{
    "uvs": [[0.0, 0.25, 0.1666666716337204, 0.25, 0.3333333432674408, 0.25, 0.5, 0.25, 0.6666666865348816, 0.25, 0.8333333730697632, 0.25, 1.0, 0.25, 0.0, 0.5, 0.1666666716337204, 0.5, 0.3333333432674408, 0.5, 0.5, 0.5, 0.6666666865348816, 0.5, 0.8333333730697632, 0.5, 1.0, 0.5, 0.0, 0.75, 0.1666666716337204, 0.75, 0.3333333432674408, 0.75, 0.5, 0.75, 0.6666666865348816, 0.75, 0.8333333730697632, 0.75, 1.0, 0.75, 0.0833333358168602, 0.0, 0.25, 0.0, 0.4166666865348816, 0.0, 0.5833333730697632, 0.0, 0.75, 0.0, 0.9166666865348816, 0.0, 0.0833333358168602, 1.0, 0.25, 1.0, 0.4166666865348816, 1.0, 0.5833333730697632, 1.0, 0.75, 1.0, 0.9166666865348816, 1.0]], 
    "faces": [41, 0, 1, 7, 6, 0, 1, 8, 7, 0, 1, 2, 3, 41, 1, 2, 8, 7, 1, 2, 9, 8, 4, 5, 6, 7, 41, 2, 3, 9, 8, 2, 3, 10, 9, 8, 9, 10, 11, 41, 3, 4, 10, 9, 3, 4, 11, 10, 12, 13, 14, 15, 41, 4, 5, 11, 10, 4, 5, 12, 11, 16, 17, 18, 19, 41, 5, 0, 6, 11, 5, 6, 13, 12, 20, 21, 22, 23, 41, 6, 7, 13, 12, 7, 8, 15, 14, 24, 25, 26, 27, 41, 7, 8, 14, 13, 8, 9, 16, 15, 28, 29, 30, 31, 41, 8, 9, 15, 14, 9, 10, 17, 16, 32, 33, 34, 35, 41, 9, 10, 16, 15, 10, 11, 18, 17, 36, 37, 38, 39, 41, 10, 11, 17, 16, 11, 12, 19, 18, 40, 41, 42, 43, 41, 11, 6, 12, 17, 12, 13, 20, 19, 44, 45, 46, 47, 40, 1, 0, 18, 1, 0, 21, 48, 49, 50, 40, 2, 1, 18, 2, 1, 22, 51, 52, 53, 40, 3, 2, 18, 3, 2, 23, 54, 55, 56, 40, 4, 3, 18, 4, 3, 24, 57, 58, 59, 40, 5, 4, 18, 5, 4, 25, 60, 61, 62, 40, 0, 5, 18, 6, 5, 26, 63, 64, 65, 40, 12, 13, 19, 14, 15, 27, 66, 67, 68, 40, 13, 14, 19, 15, 16, 28, 69, 70, 71, 40, 14, 15, 19, 16, 17, 29, 72, 73, 74, 40, 15, 16, 19, 17, 18, 30, 75, 76, 77, 40, 16, 17, 19, 18, 19, 31, 78, 79, 80, 40, 17, 12, 19, 19, 20, 32, 81, 82, 83], 
    "vertices": [0.11089137, -0.01863806, -0.07693356, 0.0851604, 0.0949045, -0.07693356, 0.07229489, 0.15167577, -3e-08, 0.08516037, 0.0949045, 0.07693356, 0.11089134, -0.01863806, 0.07693356, 0.12375682, -0.07540934, -1e-08, 0.30774787, -0.00742237, -0.1098417, 0.26919415, 0.16410573, -0.1098417, 0.24991709, 0.24986918, -3e-08, 0.26919418, 0.16410573, 0.10984164, 0.30774787, -0.00742237, 0.1098417, 0.3270247, -0.09318631, -1e-08, 0.45715928, 0.05445488, -0.07766986, 0.43009493, 0.17518003, -0.07766986, 0.41656268, 0.23554285, -3e-08, 0.4300949, 0.17518027, 0.0776698, 0.45715926, 0.05445488, 0.0776698, 0.47069144, -0.00590794, -1e-08, 0.01064147, 0.01833041, -1e-08, 0.49447697, 0.13076289, -1e-08], 
    "materials": [{
        "opacity": 0.0, 
        "colorDiffuse": [0.4000000059604645, 0.4000000059604645, 0.4000000059604645], 
        "depthWrite": true, 
        "blending": "NormalBlending", 
        "shading": "Lambert", 
        "DbgName": "lambert1", 
        "transparent": true, 
        "depthTest": true, 
        "vertexColors": false
    }], 
    "normals": [-0.16263445, -0.03667478, -0.98600447, -0.16263442, -0.03667478, -0.98600447, -0.16263443, -0.03667478, -0.98600453, -0.16263445, -0.03667478, -0.98600453, -0.37996322, 0.70264161, -0.60160011, -0.37996325, 0.70264161, -0.60160011, -0.37996319, 0.70264161, -0.60160011, -0.37996328, 0.70264161, -0.60160017, -0.37996253, 0.70264065, 0.6016016, -0.37996256, 0.70264071, 0.6016016, -0.37996253, 0.70264065, 0.6016016, -0.37996256, 0.70264071, 0.60160166, -0.16263431, -0.03667453, 0.98600447, -0.16263434, -0.03667453, 0.98600459, -0.16263434, -0.03667454, 0.98600465, -0.16263434, -0.03667453, 0.98600459, -0.06233324, -0.79855669, 0.59868342, -0.06233324, -0.79855669, 0.59868342, -0.06233323, -0.79855657, 0.59868336, -0.06233323, -0.79855663, 0.59868336, -0.06233333, -0.79855776, -0.59868199, -0.06233332, -0.79855776, -0.59868193, -0.06233332, -0.7985577, -0.59868187, -0.06233332, -0.7985577, -0.59868199, 0.19306149, 0.04334708, -0.98022866, 0.19306147, 0.04334708, -0.98022866, 0.19306149, 0.04334707, -0.98022872, 0.1930615, 0.04334707, -0.98022872, 0.06738437, 0.79266244, -0.60592538, 0.06738436, 0.79266244, -0.60592526, 0.06738436, 0.79266244, -0.60592532, 0.06738437, 0.7926625, -0.60592532, 0.0673838, 0.79266387, 0.60592359, 0.06738381, 0.79266393, 0.60592365, 0.06738381, 0.79266387, 0.60592359, 0.0673838, 0.79266381, 0.60592353, 0.19306178, 0.04334728, 0.98022854, 0.19306178, 0.04334728, 0.9802286, 0.19306177, 0.04334728, 0.9802286, 0.19306177, 0.04334728, 0.9802286, 0.41325, -0.68180192, 0.60363114, 0.41325003, -0.68180197, 0.60363114, 0.41325, -0.68180192, 0.60363108, 0.41325003, -0.68180197, 0.60363114, 0.41325036, -0.68180263, -0.60363013, 0.41325036, -0.68180263, -0.60363024, 0.4132503, -0.68180257, -0.60363013, 0.41325027, -0.68180257, -0.60363007, -0.63533187, -0.14397867, -0.75869852, -0.63533193, -0.14397869, -0.75869852, -0.63533187, -0.14397867, -0.75869846, -0.82415295, 0.38105422, -0.41901025, -0.82415301, 0.38105425, -0.41901025, -0.82415301, 0.38105425, -0.41901031, -0.82415205, 0.38105431, 0.41901195, -0.82415211, 0.38105434, 0.41901198, -0.82415199, 0.38105431, 0.41901192, -0.63533205, -0.14397879, 0.75869846, -0.63533199, -0.14397877, 0.7586984, -0.63533199, -0.14397879, 0.75869846, -0.57936525, -0.69911766, 0.41901127, -0.57936525, -0.69911766, 0.41901129, -0.57936519, -0.69911754, 0.41901121, -0.57936519, -0.69911748, -0.41901141, -0.57936525, -0.69911754, -0.41901138, -0.57936531, -0.69911754, -0.41901141, 0.80549252, 0.18057659, -0.56442344, 0.80549258, 0.18057661, -0.56442344, 0.80549258, 0.18057661, -0.56442344, 0.76340437, 0.56766665, -0.30816948, 0.76340425, 0.56766659, -0.30816942, 0.76340437, 0.56766659, -0.30816951, 0.76340401, 0.56766695, 0.30816948, 0.76340407, 0.56766689, 0.30816948, 0.76340401, 0.56766695, 0.30816948, 0.80549186, 0.18057616, 0.56442463, 0.80549181, 0.18057618, 0.56442463, 0.80549181, 0.18057618, 0.56442463, 0.94236237, -0.16400407, 0.29164305, 0.94236243, -0.16400407, 0.29164305, 0.94236249, -0.16400407, 0.29164305, 0.94236171, -0.16400421, -0.29164532, 0.94236171, -0.16400419, -0.29164532, 0.94236177, -0.16400421, -0.29164532], 
    "metadata": {
        "formatVersion": 3.1, 
        "generatedBy": "Maya Exporter"
    }
}