{
    "uvs": [[0.0, 0.25, 0.1666666716337204, 0.25, 0.3333333432674408, 0.25, 0.5, 0.25, 0.6666666865348816, 0.25, 0.8333333730697632, 0.25, 1.0, 0.25, 0.0, 0.5, 0.1666666716337204, 0.5, 0.3333333432674408, 0.5, 0.5, 0.5, 0.6666666865348816, 0.5, 0.8333333730697632, 0.5, 1.0, 0.5, 0.0, 0.75, 0.1666666716337204, 0.75, 0.3333333432674408, 0.75, 0.5, 0.75, 0.6666666865348816, 0.75, 0.8333333730697632, 0.75, 1.0, 0.75, 0.0833333358168602, 0.0, 0.25, 0.0, 0.4166666865348816, 0.0, 0.5833333730697632, 0.0, 0.75, 0.0, 0.9166666865348816, 0.0, 0.0833333358168602, 1.0, 0.25, 1.0, 0.4166666865348816, 1.0, 0.5833333730697632, 1.0, 0.75, 1.0, 0.9166666865348816, 1.0]], 
    "faces": [41, 0, 1, 7, 6, 0, 1, 8, 7, 0, 1, 2, 3, 41, 1, 2, 8, 7, 1, 2, 9, 8, 4, 5, 6, 7, 41, 2, 3, 9, 8, 2, 3, 10, 9, 8, 9, 10, 11, 41, 3, 4, 10, 9, 3, 4, 11, 10, 12, 13, 14, 15, 41, 4, 5, 11, 10, 4, 5, 12, 11, 16, 17, 18, 19, 41, 5, 0, 6, 11, 5, 6, 13, 12, 20, 21, 22, 23, 41, 6, 7, 13, 12, 7, 8, 15, 14, 24, 25, 26, 27, 41, 7, 8, 14, 13, 8, 9, 16, 15, 28, 29, 30, 31, 41, 8, 9, 15, 14, 9, 10, 17, 16, 32, 33, 34, 35, 41, 9, 10, 16, 15, 10, 11, 18, 17, 36, 37, 38, 39, 41, 10, 11, 17, 16, 11, 12, 19, 18, 40, 41, 42, 43, 41, 11, 6, 12, 17, 12, 13, 20, 19, 44, 45, 46, 47, 40, 1, 0, 18, 1, 0, 21, 48, 49, 50, 40, 2, 1, 18, 2, 1, 22, 51, 52, 53, 40, 3, 2, 18, 3, 2, 23, 54, 55, 56, 40, 4, 3, 18, 4, 3, 24, 57, 58, 59, 40, 5, 4, 18, 5, 4, 25, 60, 61, 62, 40, 0, 5, 18, 6, 5, 26, 63, 64, 65, 40, 12, 13, 19, 14, 15, 27, 66, 67, 68, 40, 13, 14, 19, 15, 16, 28, 69, 70, 71, 40, 14, 15, 19, 16, 17, 29, 72, 73, 74, 40, 15, 16, 19, 17, 18, 30, 75, 76, 77, 40, 16, 17, 19, 18, 19, 31, 78, 79, 80, 40, 17, 12, 19, 19, 20, 32, 81, 82, 83], 
    "vertices": [0.1079821, 0.16841688, -0.24497721, -0.14240166, 0.04253521, -0.2449773, -0.26759353, -0.02040563, -4e-08, -0.14240172, 0.04253521, 0.24497724, 0.10798201, 0.16841688, 0.24497727, 0.23317388, 0.23135772, -0.0, -0.10790089, 0.80788043, -0.35716712, -0.50942078, 0.65275672, -0.35716718, -0.71018079, 0.5751948, -6e-08, -0.5094209, 0.65275666, 0.35716712, -0.10790089, 0.80788031, 0.35716718, 0.092859, 0.88544216, 0.0, -0.2650421, 1.1006262, -0.25255531, -0.54764667, 0.99159726, -0.25255534, -0.6889489, 0.93708285, -4e-08, -0.54764679, 0.99159726, 0.25255531, -0.26504216, 1.1006262, 0.25255531, -0.12373981, 1.1551406, 0.0, 0.07330915, -0.07457009, -0.0, -0.44776824, 1.14791342, 0.0], 
    "materials": [{
        "opacity": 0.0, 
        "colorDiffuse": [0.4000000059604645, 0.4000000059604645, 0.4000000059604645], 
        "depthWrite": true, 
        "blending": "NormalBlending", 
        "shading": "Lambert", 
        "DbgName": "lambert1", 
        "transparent": true, 
        "depthTest": true, 
        "vertexColors": false
    }], 
    "normals": [0.06360202, -0.14754982, -0.98700756, 0.06360203, -0.14754982, -0.98700756, 0.06360202, -0.14754981, -0.9870075, 0.06360202, -0.14754979, -0.98700744, -0.6978538, -0.51487404, -0.49790043, -0.69785374, -0.51487398, -0.49790043, -0.69785374, -0.51487398, -0.49790046, -0.69785374, -0.51487404, -0.49790046, -0.69785392, -0.51487398, 0.49790019, -0.69785386, -0.51487398, 0.49790022, -0.69785398, -0.51487398, 0.49790022, -0.69785392, -0.51487404, 0.49790022, 0.06360178, -0.14754997, 0.98700756, 0.06360178, -0.14754997, 0.9870075, 0.06360178, -0.14754996, 0.9870075, 0.06360178, -0.14754999, 0.98700756, 0.84441972, 0.18905318, 0.50121284, 0.84441966, 0.18905318, 0.50121284, 0.84441966, 0.18905318, 0.50121289, 0.8444196, 0.18905316, 0.50121284, 0.84441972, 0.18905325, -0.50121284, 0.84441972, 0.18905324, -0.50121278, 0.8444196, 0.18905319, -0.50121278, 0.84441966, 0.18905322, -0.50121284, -0.10891257, 0.28207108, -0.95319146, -0.10891257, 0.28207108, -0.95319146, -0.10891258, 0.28207108, -0.95319146, -0.10891257, 0.28207105, -0.95319146, -0.87564296, 0.05047017, -0.48031455, -0.87564301, 0.05047016, -0.48031461, -0.87564301, 0.05047017, -0.48031461, -0.87564301, 0.05047016, -0.48031458, -0.87564325, 0.05047015, 0.48031405, -0.87564325, 0.05047016, 0.48031411, -0.87564319, 0.05047015, 0.48031411, -0.87564319, 0.05047015, 0.48031408, -0.10891267, 0.28207105, 0.95319146, -0.10891268, 0.28207105, 0.95319146, -0.10891265, 0.28207102, 0.9531914, -0.10891265, 0.28207102, 0.95319146, 0.67707658, 0.54241598, 0.4973453, 0.67707658, 0.54241598, 0.4973453, 0.67707646, 0.54241592, 0.49734521, 0.67707652, 0.54241604, 0.4973453, 0.67707652, 0.54241598, -0.49734524, 0.67707652, 0.54241598, -0.49734524, 0.67707646, 0.54241592, -0.49734524, 0.67707652, 0.54241592, -0.49734524, 0.34689397, -0.68998611, -0.63528246, 0.34689397, -0.68998611, -0.63528246, 0.34689394, -0.68998605, -0.63528246, -0.14883788, -0.93676227, -0.31673923, -0.14883788, -0.93676221, -0.31673926, -0.14883788, -0.93676227, -0.31673926, -0.14883794, -0.93676233, 0.31673911, -0.14883792, -0.93676227, 0.31673911, -0.14883792, -0.93676227, 0.31673911, 0.34689382, -0.68998581, 0.6352827, 0.34689388, -0.68998593, 0.63528275, 0.34689382, -0.68998581, 0.6352827, 0.84065485, -0.43929002, 0.31673902, 0.84065485, -0.43928999, 0.31673902, 0.84065485, -0.43929002, 0.31673905, 0.84065503, -0.43928987, -0.31673887, 0.84065503, -0.43928984, -0.31673884, 0.84065503, -0.43928981, -0.31673887, -0.33005297, 0.85550183, -0.39897561, -0.33005303, 0.85550195, -0.3989757, -0.330053, 0.85550183, -0.39897561, -0.64464682, 0.73744857, -0.20149426, -0.64464688, 0.73744857, -0.20149429, -0.64464676, 0.73744851, -0.20149425, -0.6446479, 0.73744768, 0.20149438, -0.64464778, 0.73744762, 0.20149437, -0.6446479, 0.73744774, 0.2014944, -0.33005282, 0.85550189, 0.3989757, -0.33005276, 0.85550189, 0.39897567, -0.33005282, 0.85550189, 0.3989757, -0.02185153, 0.97970599, 0.19924504, -0.02185153, 0.97970611, 0.19924502, -0.02185153, 0.97970605, 0.19924505, -0.02185152, 0.97970581, -0.19924563, -0.02185152, 0.97970581, -0.19924565, -0.02185152, 0.97970593, -0.19924566], 
    "metadata": {
        "formatVersion": 3.1, 
        "generatedBy": "Maya Exporter"
    }
}