{
    "uvs": [[0.7978197336196899, 0.5662369132041931, 0.6399368047714233, 0.5655577182769775, 0.6047345995903015, 0.2955224812030792, 0.8431497812271118, 0.2969791293144226, 0.7183435559272766, 0.6900445818901062, 0.5609955191612244, 0.5652170181274414, 0.4855270981788635, 0.29479414224624634, 0.6392645835876465, 0.07484890520572662, 0.8070452213287354, 0.07596924901008606, 0.8767611384391785, 0.5665776133537292, 0.9623573422431946, 0.2977074682712555, 0.5553742051124573, 0.0742887333035469, 0.7176237106323242, 0.0017875245539471507, 0.8909356594085693, 0.07652942091226578, 0.15640178322792053, 0.12627573311328888, 0.3142845928668976, 0.12559571862220764, 0.3596147894859314, 0.39485403895378113, 0.12119945138692856, 0.396310418844223, 0.234808549284935, 0.0017877975478768349, 0.39322614669799805, 0.1252553015947342, 0.4788222908973694, 0.39412569999694824, 0.32351022958755493, 0.6158633828163147, 0.15572954714298248, 0.6169837117195129, 0.07746051251888275, 0.12661586701869965, 0.0019920608028769493, 0.3970384895801544, 0.40740060806274414, 0.6153029203414917, 0.23408867418766022, 0.6900453567504883, 0.07183914631605148, 0.6175441741943359, 0.9196489453315735, 0.8956491947174072, 0.8357585072517395, 0.7948429584503174, 0.9980080723762512, 0.7948429584503174, 0.9196489453315735, 0.6940367221832275, 0.7457329034805298, 0.6940367221832275, 0.8296233415603638, 0.7948429584503174, 0.6563113927841187, 0.7948429584503174, 0.7457329034805298, 0.8956491947174072, 0.3282753527164459, 0.7938877940177917, 0.4072166383266449, 0.6940370202064514, 0.48562338948249817, 0.7938877940177917, 0.4072166383266449, 0.8937385678291321, 0.6501761674880981, 0.7938877940177917, 0.5712346434593201, 0.8937386870384216, 0.4917585849761963, 0.7938877940177917, 0.5712347626686096, 0.6940370202064514]], 
    "faces": [41, 0, 1, 7, 6, 0, 1, 2, 3, 0, 1, 2, 3, 41, 1, 2, 8, 7, 1, 5, 6, 2, 4, 5, 6, 7, 41, 2, 3, 9, 8, 23, 14, 17, 24, 8, 9, 10, 11, 41, 3, 4, 10, 9, 14, 15, 16, 17, 12, 13, 14, 15, 41, 4, 5, 11, 10, 15, 19, 20, 16, 16, 17, 18, 19, 41, 5, 0, 6, 11, 9, 0, 3, 10, 20, 21, 22, 23, 41, 6, 7, 13, 12, 3, 2, 7, 8, 24, 25, 26, 27, 41, 7, 8, 14, 13, 2, 6, 11, 7, 28, 29, 30, 31, 41, 8, 9, 15, 14, 24, 17, 22, 27, 32, 33, 34, 35, 41, 9, 10, 16, 15, 17, 16, 21, 22, 36, 37, 38, 39, 41, 10, 11, 17, 16, 16, 20, 25, 21, 40, 41, 42, 43, 41, 11, 6, 12, 17, 10, 3, 8, 13, 44, 45, 46, 47, 40, 1, 0, 18, 1, 0, 4, 48, 49, 50, 40, 2, 1, 18, 36, 37, 38, 51, 52, 53, 40, 3, 2, 18, 39, 36, 38, 54, 55, 56, 40, 4, 3, 18, 15, 14, 18, 57, 58, 59, 40, 5, 4, 18, 40, 41, 42, 60, 61, 62, 40, 0, 5, 18, 43, 40, 42, 63, 64, 65, 40, 12, 13, 19, 8, 7, 12, 66, 67, 68, 40, 13, 14, 19, 28, 29, 30, 69, 70, 71, 40, 14, 15, 19, 29, 31, 30, 72, 73, 74, 40, 15, 16, 19, 22, 21, 26, 75, 76, 77, 40, 16, 17, 19, 32, 33, 34, 78, 79, 80, 40, 17, 12, 19, 33, 35, 34, 81, 82, 83], 
    "vertices": [0.07155039, 0.06451574, -0.09642607, -0.08091722, 0.06517234, -0.09642607, -0.15715096, 0.06550088, -3e-08, -0.08091722, 0.06517234, 0.09642601, 0.07155033, 0.06451574, 0.09642607, 0.14778407, 0.0641872, -1e-08, 0.11532559, 0.32453862, -0.13767201, -0.11491207, 0.32594505, -0.13767207, -0.23003087, 0.32664826, -3e-08, -0.11491213, 0.32594505, 0.13767201, 0.11532559, 0.32453862, 0.13767201, 0.23044433, 0.32383528, -1e-08, 0.08045949, 0.53796747, -0.09734881, -0.08156643, 0.53904953, -0.09734887, -0.1625794, 0.53959051, -3e-08, -0.08156643, 0.53904941, 0.09734881, 0.08045944, 0.53796747, 0.09734881, 0.1614724, 0.53742626, -1e-08, -0.00519989, -0.05504546, -1e-08, -0.00589494, 0.60960522, -1e-08], 
    "materials": [{
        "opacity": 0.0, 
        "colorDiffuse": [0.4000000059604645, 0.4000000059604645, 0.4000000059604645], 
        "depthWrite": true, 
        "blending": "NormalBlending", 
        "shading": "Lambert", 
        "DbgName": "lambert1", 
        "transparent": true, 
        "depthTest": true, 
        "vertexColors": false
    }], 
    "normals": [-0.00084313, -0.15643011, -0.98768866, -0.00084313, -0.1564301, -0.98768866, -0.00084313, -0.1564301, -0.9876886, -0.00084313, -0.1564301, -0.98768866, -0.75837719, -0.20421268, -0.61900008, -0.75837719, -0.20421267, -0.61900014, -0.75837719, -0.20421268, -0.61900014, -0.75837725, -0.20421268, -0.61900014, -0.75837731, -0.20421217, 0.6190002, -0.75837731, -0.20421216, 0.61900014, -0.75837737, -0.20421217, 0.61900014, -0.75837737, -0.20421217, 0.6190002, -0.00084342, -0.1564301, 0.98768866, -0.00084342, -0.15643011, 0.98768866, -0.00084342, -0.15643011, 0.98768866, -0.00084342, -0.15643008, 0.98768854, 0.7526226, -0.23202126, 0.61621869, 0.75262254, -0.23202124, 0.61621857, 0.7526226, -0.23202127, 0.61621863, 0.75262254, -0.23202124, 0.61621863, 0.7526226, -0.23202151, -0.61621851, 0.75262254, -0.23202148, -0.61621851, 0.7526226, -0.2320215, -0.61621857, 0.75262254, -0.23202147, -0.61621851, 0.00117888, 0.18578647, -0.98258948, 0.00117888, 0.18578649, -0.98258942, 0.00117888, 0.18578647, -0.98258942, 0.00117888, 0.1857865, -0.98258948, -0.74558055, 0.23540203, -0.62345457, -0.74558049, 0.23540202, -0.62345457, -0.74558043, 0.23540199, -0.62345445, -0.74558061, 0.23540203, -0.62345457, -0.74558079, 0.2354015, 0.62345439, -0.74558079, 0.23540151, 0.62345445, -0.74558079, 0.23540154, 0.62345439, -0.74558067, 0.2354015, 0.62345433, 0.00117853, 0.18578641, 0.98258936, 0.00117853, 0.18578644, 0.98258948, 0.00117853, 0.18578644, 0.98258948, 0.00117853, 0.18578644, 0.98258942, 0.74594456, 0.240054, 0.62124133, 0.74594444, 0.240054, 0.62124133, 0.7459445, 0.24005398, 0.62124127, 0.74594462, 0.24005401, 0.62124133, 0.7459445, 0.24005428, -0.62124109, 0.74594462, 0.24005428, -0.62124109, 0.74594462, 0.24005428, -0.62124109, 0.74594462, 0.24005429, -0.62124115, -0.00269897, -0.62672246, -0.77923787, -0.00269897, -0.62672246, -0.77923793, -0.00269897, -0.6267224, -0.77923793, -0.55839121, -0.70386356, -0.43906194, -0.55839121, -0.7038635, -0.43906191, -0.55839115, -0.70386356, -0.43906188, -0.55839097, -0.70386386, 0.4390617, -0.55839092, -0.7038638, 0.43906167, -0.55839097, -0.70386386, 0.43906167, -0.00269928, -0.62672246, 0.77923787, -0.00269928, -0.6267224, 0.77923781, -0.00269928, -0.62672246, 0.77923787, 0.55230618, -0.70864737, 0.43906334, 0.55230629, -0.70864743, 0.4390634, 0.55230623, -0.70864749, 0.4390634, 0.55230588, -0.70864773, -0.43906316, 0.55230582, -0.70864779, -0.43906316, 0.55230588, -0.70864779, -0.43906319, 0.00539424, 0.80768919, -0.58958387, 0.00539424, 0.80768913, -0.58958381, 0.00539424, 0.80768919, -0.58958387, -0.38571563, 0.86318415, -0.32578599, -0.3857156, 0.86318415, -0.32578596, -0.38571563, 0.86318421, -0.32578599, -0.3857154, 0.86318439, 0.32578579, -0.3857154, 0.86318433, 0.32578579, -0.38571537, 0.86318433, 0.32578582, 0.00539341, 0.8076902, 0.58958256, 0.00539341, 0.80769008, 0.5895825, 0.00539341, 0.80769008, 0.58958244, 0.37667513, 0.87342739, 0.30861065, 0.37667516, 0.87342739, 0.30861068, 0.37667513, 0.87342727, 0.30861065, 0.37667477, 0.87342757, -0.30861044, 0.3766748, 0.87342763, -0.30861047, 0.37667474, 0.87342757, -0.30861044], 
    "metadata": {
        "formatVersion": 3.1, 
        "generatedBy": "Maya Exporter"
    }
}