{
    "uvs": [[0.0, 0.25, 0.1666666716337204, 0.25, 0.3333333432674408, 0.25, 0.5, 0.25, 0.6666666865348816, 0.25, 0.8333333730697632, 0.25, 1.0, 0.25, 0.0, 0.5, 0.1666666716337204, 0.5, 0.3333333432674408, 0.5, 0.5, 0.5, 0.6666666865348816, 0.5, 0.8333333730697632, 0.5, 1.0, 0.5, 0.0, 0.75, 0.1666666716337204, 0.75, 0.3333333432674408, 0.75, 0.5, 0.75, 0.6666666865348816, 0.75, 0.8333333730697632, 0.75, 1.0, 0.75, 0.0833333358168602, 0.0, 0.25, 0.0, 0.4166666865348816, 0.0, 0.5833333730697632, 0.0, 0.75, 0.0, 0.9166666865348816, 0.0, 0.0833333358168602, 1.0, 0.25, 1.0, 0.4166666865348816, 1.0, 0.5833333730697632, 1.0, 0.75, 1.0, 0.9166666865348816, 1.0]], 
    "faces": [41, 0, 1, 7, 6, 0, 1, 8, 7, 0, 1, 2, 3, 41, 1, 2, 8, 7, 1, 2, 9, 8, 4, 5, 6, 7, 41, 2, 3, 9, 8, 2, 3, 10, 9, 8, 9, 10, 11, 41, 3, 4, 10, 9, 3, 4, 11, 10, 12, 13, 14, 15, 41, 4, 5, 11, 10, 4, 5, 12, 11, 16, 17, 18, 19, 41, 5, 0, 6, 11, 5, 6, 13, 12, 20, 21, 22, 23, 41, 6, 7, 13, 12, 7, 8, 15, 14, 24, 25, 26, 27, 41, 7, 8, 14, 13, 8, 9, 16, 15, 28, 29, 30, 31, 41, 8, 9, 15, 14, 9, 10, 17, 16, 32, 33, 34, 35, 41, 9, 10, 16, 15, 10, 11, 18, 17, 36, 37, 38, 39, 41, 10, 11, 17, 16, 11, 12, 19, 18, 40, 41, 42, 43, 41, 11, 6, 12, 17, 12, 13, 20, 19, 44, 45, 46, 47, 40, 1, 0, 18, 1, 0, 21, 48, 49, 50, 40, 2, 1, 18, 2, 1, 22, 51, 52, 53, 40, 3, 2, 18, 3, 2, 23, 54, 55, 56, 40, 4, 3, 18, 4, 3, 24, 57, 58, 59, 40, 5, 4, 18, 5, 4, 25, 60, 61, 62, 40, 0, 5, 18, 6, 5, 26, 63, 64, 65, 40, 12, 13, 19, 14, 15, 27, 66, 67, 68, 40, 13, 14, 19, 15, 16, 28, 69, 70, 71, 40, 14, 15, 19, 16, 17, 29, 72, 73, 74, 40, 15, 16, 19, 17, 18, 30, 75, 76, 77, 40, 16, 17, 19, 18, 19, 31, 78, 79, 80, 40, 17, 12, 19, 19, 20, 32, 81, 82, 83], 
    "vertices": [0.07155039, 0.06451574, -0.09642607, -0.08091722, 0.06517234, -0.09642607, -0.15715096, 0.06550088, -3e-08, -0.08091722, 0.06517234, 0.09642601, 0.07155033, 0.06451574, 0.09642607, 0.14778407, 0.0641872, -1e-08, 0.11532559, 0.32453862, -0.13767201, -0.11491207, 0.32594505, -0.13767207, -0.23003087, 0.32664826, -3e-08, -0.11491213, 0.32594505, 0.13767201, 0.11532559, 0.32453862, 0.13767201, 0.23044433, 0.32383528, -1e-08, 0.08045949, 0.53796747, -0.09734881, -0.08156643, 0.53904953, -0.09734887, -0.1625794, 0.53959051, -3e-08, -0.08156643, 0.53904941, 0.09734881, 0.08045944, 0.53796747, 0.09734881, 0.1614724, 0.53742626, -1e-08, -0.00519989, -0.05504546, -1e-08, -0.00589494, 0.60960522, -1e-08], 
    "materials": [{
        "opacity": 0.0, 
        "colorDiffuse": [0.4000000059604645, 0.4000000059604645, 0.4000000059604645], 
        "depthWrite": true, 
        "blending": "NormalBlending", 
        "shading": "Lambert", 
        "DbgName": "lambert1", 
        "transparent": true, 
        "depthTest": true, 
        "vertexColors": false
    }], 
    "normals": [-0.00084313, -0.15643011, -0.98768866, -0.00084313, -0.1564301, -0.98768866, -0.00084313, -0.1564301, -0.9876886, -0.00084313, -0.1564301, -0.98768866, -0.75837719, -0.20421268, -0.61900008, -0.75837719, -0.20421267, -0.61900014, -0.75837719, -0.20421268, -0.61900014, -0.75837725, -0.20421268, -0.61900014, -0.75837731, -0.20421217, 0.6190002, -0.75837731, -0.20421216, 0.61900014, -0.75837737, -0.20421217, 0.61900014, -0.75837737, -0.20421217, 0.6190002, -0.00084342, -0.1564301, 0.98768866, -0.00084342, -0.15643011, 0.98768866, -0.00084342, -0.15643011, 0.98768866, -0.00084342, -0.15643008, 0.98768854, 0.7526226, -0.23202126, 0.61621869, 0.75262254, -0.23202124, 0.61621857, 0.7526226, -0.23202127, 0.61621863, 0.75262254, -0.23202124, 0.61621863, 0.7526226, -0.23202151, -0.61621851, 0.75262254, -0.23202148, -0.61621851, 0.7526226, -0.2320215, -0.61621857, 0.75262254, -0.23202147, -0.61621851, 0.00117888, 0.18578647, -0.98258948, 0.00117888, 0.18578649, -0.98258942, 0.00117888, 0.18578647, -0.98258942, 0.00117888, 0.1857865, -0.98258948, -0.74558055, 0.23540203, -0.62345457, -0.74558049, 0.23540202, -0.62345457, -0.74558043, 0.23540199, -0.62345445, -0.74558061, 0.23540203, -0.62345457, -0.74558079, 0.2354015, 0.62345439, -0.74558079, 0.23540151, 0.62345445, -0.74558079, 0.23540154, 0.62345439, -0.74558067, 0.2354015, 0.62345433, 0.00117853, 0.18578641, 0.98258936, 0.00117853, 0.18578644, 0.98258948, 0.00117853, 0.18578644, 0.98258948, 0.00117853, 0.18578644, 0.98258942, 0.74594456, 0.240054, 0.62124133, 0.74594444, 0.240054, 0.62124133, 0.7459445, 0.24005398, 0.62124127, 0.74594462, 0.24005401, 0.62124133, 0.7459445, 0.24005428, -0.62124109, 0.74594462, 0.24005428, -0.62124109, 0.74594462, 0.24005428, -0.62124109, 0.74594462, 0.24005429, -0.62124115, -0.00269897, -0.62672246, -0.77923787, -0.00269897, -0.62672246, -0.77923793, -0.00269897, -0.6267224, -0.77923793, -0.55839121, -0.70386356, -0.43906194, -0.55839121, -0.7038635, -0.43906191, -0.55839115, -0.70386356, -0.43906188, -0.55839097, -0.70386386, 0.4390617, -0.55839092, -0.7038638, 0.43906167, -0.55839097, -0.70386386, 0.43906167, -0.00269928, -0.62672246, 0.77923787, -0.00269928, -0.6267224, 0.77923781, -0.00269928, -0.62672246, 0.77923787, 0.55230618, -0.70864737, 0.43906334, 0.55230629, -0.70864743, 0.4390634, 0.55230623, -0.70864749, 0.4390634, 0.55230588, -0.70864773, -0.43906316, 0.55230582, -0.70864779, -0.43906316, 0.55230588, -0.70864779, -0.43906319, 0.00539424, 0.80768919, -0.58958387, 0.00539424, 0.80768913, -0.58958381, 0.00539424, 0.80768919, -0.58958387, -0.38571563, 0.86318415, -0.32578599, -0.3857156, 0.86318415, -0.32578596, -0.38571563, 0.86318421, -0.32578599, -0.3857154, 0.86318439, 0.32578579, -0.3857154, 0.86318433, 0.32578579, -0.38571537, 0.86318433, 0.32578582, 0.00539341, 0.8076902, 0.58958256, 0.00539341, 0.80769008, 0.5895825, 0.00539341, 0.80769008, 0.58958244, 0.37667513, 0.87342739, 0.30861065, 0.37667516, 0.87342739, 0.30861068, 0.37667513, 0.87342727, 0.30861065, 0.37667477, 0.87342757, -0.30861044, 0.3766748, 0.87342763, -0.30861047, 0.37667474, 0.87342757, -0.30861044], 
    "metadata": {
        "formatVersion": 3.1, 
        "generatedBy": "Maya Exporter"
    }
}