{
    "uvs": [[0.6265723705291748, 0.5597244501113892, 0.8216005563735962, 0.5801842212677002, 0.7161247730255127, 0.6865924596786499, 0.3251897096633911, 0.6801317930221558, 0.31832969188690186, 0.5597244501113892, 0.47245103120803833, 0.5597244501113892, 0.4165882468223572, 0.958460807800293, 0.325029194355011, 0.8134037256240845, 0.47245103120803833, 0.8404691219329834, 0.21732038259506226, 0.6546909809112549, 0.23422586917877197, 0.5517243146896362, 0.47245103120803833, 0.700096845626831, 0.7670584917068481, 0.8404691219329834, 0.7316710948944092, 0.9219577312469482, 0.6267837285995483, 0.8748142719268799, 0.6265723705291748, 0.700096845626831, 0.31832969188690186, 0.2789797782897949, 0.47245103120803833, 0.2789797782897949, 0.31689023971557617, 0.4318355321884155, 0.21391618251800537, 0.40601587295532227, 0.1783994436264038, 0.27900421619415283, 0.47245103120803833, 0.41935211420059204, 0.21587669849395752, 0.10441076755523682, 0.3054918646812439, 0.023276209831237793, 0.2642122507095337, 0.188823401927948, 0.3935908079147339, 0.14298158884048462, 0.763972282409668, 0.3494284152984619, 0.7421154975891113, 0.42386770248413086, 0.6265723705291748, 0.41935211420059204, 0.6265723705291748, 0.2789797782897949, 0.4580487608909607, 0.0077509284019470215, 0.5557152032852173, 0.13988369703292847, 0.6232427358627319, 0.11180329322814941, 0.7080357074737549, 0.15289700031280518, 0.7286481857299805, 0.20100802183151245, 0.6086124181747437, 0.9470820426940918, 0.5603077411651611, 0.9922488927841187, 0.5153143405914307, 0.9301036596298218, 0.5148657560348511, 0.9300771951675415, 0.6915215253829956, 0.2926238775253296, 0.7043256759643555, 0.4589853286743164]], 
    "faces": [40, 30, 19, 15, 0, 1, 2, 0, 1, 2, 40, 6, 27, 25, 3, 4, 5, 3, 4, 5, 40, 4, 3, 26, 6, 7, 8, 6, 7, 8, 40, 6, 7, 24, 3, 9, 10, 3, 9, 10, 40, 3, 6, 28, 7, 3, 11, 7, 3, 11, 40, 29, 21, 20, 12, 13, 14, 12, 13, 14, 40, 28, 25, 30, 11, 5, 0, 11, 5, 0, 40, 26, 28, 31, 8, 11, 15, 8, 11, 15, 40, 15, 29, 20, 2, 12, 14, 2, 12, 14, 40, 33, 32, 2, 16, 17, 18, 16, 17, 18, 40, 34, 9, 33, 19, 20, 16, 19, 20, 16, 40, 27, 2, 35, 4, 18, 21, 4, 18, 21, 40, 8, 36, 10, 22, 23, 24, 22, 23, 24, 40, 33, 10, 37, 16, 24, 25, 16, 24, 25, 40, 16, 40, 39, 26, 27, 28, 26, 27, 28, 40, 35, 32, 38, 21, 17, 29, 21, 17, 29, 40, 25, 35, 39, 5, 21, 28, 5, 21, 28, 40, 12, 11, 37, 30, 31, 25, 30, 31, 25, 40, 38, 13, 14, 29, 32, 33, 29, 32, 33, 40, 14, 1, 38, 33, 34, 29, 33, 34, 29, 40, 31, 30, 15, 15, 0, 2, 15, 0, 2, 40, 6, 25, 28, 3, 5, 11, 3, 5, 11, 40, 24, 27, 6, 10, 4, 3, 10, 4, 3, 40, 3, 28, 26, 7, 11, 8, 7, 11, 8, 40, 22, 23, 0, 35, 36, 37, 35, 36, 37, 40, 20, 22, 26, 14, 35, 8, 14, 35, 8, 40, 26, 0, 5, 8, 37, 38, 8, 37, 38, 40, 26, 5, 4, 8, 38, 6, 8, 38, 6, 40, 0, 26, 22, 37, 8, 35, 37, 8, 35, 40, 30, 31, 28, 0, 15, 11, 0, 15, 11, 40, 31, 20, 26, 15, 14, 8, 15, 14, 8, 40, 15, 20, 31, 2, 14, 15, 2, 14, 15, 40, 37, 10, 36, 25, 24, 23, 25, 24, 23, 40, 12, 37, 36, 30, 25, 23, 30, 25, 23, 40, 32, 35, 2, 17, 21, 18, 17, 21, 18, 40, 33, 2, 34, 16, 18, 19, 16, 18, 19, 40, 27, 24, 2, 4, 10, 18, 4, 10, 18, 40, 35, 25, 27, 21, 5, 4, 21, 5, 4, 40, 33, 9, 10, 16, 20, 24, 16, 20, 24, 40, 37, 32, 33, 25, 17, 16, 25, 17, 16, 40, 38, 1, 17, 29, 34, 39, 29, 34, 39, 40, 16, 39, 17, 26, 28, 39, 26, 28, 39, 40, 39, 38, 17, 28, 29, 39, 28, 29, 39, 40, 38, 39, 35, 29, 28, 21, 29, 28, 21, 40, 39, 30, 25, 28, 0, 5, 28, 0, 5, 40, 39, 40, 18, 28, 27, 40, 28, 27, 40, 40, 30, 18, 19, 0, 40, 1, 0, 40, 1, 40, 18, 30, 39, 40, 0, 28, 40, 0, 28, 40, 32, 37, 11, 17, 25, 31, 17, 25, 31, 40, 38, 32, 11, 29, 17, 31, 29, 17, 31, 40, 38, 11, 13, 29, 31, 32, 29, 31, 32], 
    "vertices": [-0.01786337, 0.0, -0.62521795, 1.078234, 0.0, 3.12083586, -1.03735559, 0.0, 1.9348566, -0.99553806, 0.0, -0.02562013, -0.52511262, 0.0, -0.77091514, -0.02016798, 0.0, -0.62508164, -0.99471331, 0.0, 0.65912394, -1.54893996, 0.0, 0.78983738, -1.55635745, 0.0, 3.61714716, -1.74891353, 0.0, 2.72009561, -1.30801226, 0.0, 3.18343954, 0.18971398, 0.0, 3.43488906, -0.31209067, 0.0, 4.1137803, 0.53666682, 0.0, 3.57916471, 0.97232856, 0.0, 3.36802756, 1.01388984, 0.0, 0.6259295, 1.2597275, 0.0, 2.35826011, 0.88747965, 0.0, 2.65011843, 0.95326662, 0.0, 1.79536227, 1.55581846, 0.0, 1.17264901, 0.55486008, 0.0, -0.34114417, 1.09376566, 0.0, -0.58336417, 0.46149716, 0.0, -0.71245173, 0.21331055, 0.0, -0.94451658, -1.46208064, 0.0, 1.31887451, -0.23809265, 0.0, 1.27777036, -0.23809265, 0.0, -0.16468038, -1.02995971, 0.0, 1.27777036, -0.23809265, 0.0, 0.55654498, 1.27558421, 0.0, -0.16468048, 0.55377435, 0.0, 1.27777036, 0.55377435, 0.0, 0.55654498, -0.23809265, 0.0, 2.72022123, -1.02995971, 0.0, 2.72022123, -1.5664307, 0.0, 2.06751653, -0.23809265, 0.0, 1.99899574, -1.09591973, 0.0, 4.03401217, -0.64327234, 0.0, 3.41897232, 0.55377435, 0.0, 2.72022123, 0.55377435, 0.0, 1.99899574, 1.14742887, 0.0, 1.97579481], 
    "materials": [], 
    "normals": [0.0, 0.99999994, 0.0, 0.0, 1.0, 0.0, 0.0, 0.99999994, 0.0, 0.0, 0.99999994, 0.0, 0.0, 0.99999994, 0.0, 0.0, 1.0, 0.0, 0.0, 0.99999994, 0.0, 0.0, 1.0, 0.0, 0.0, 1.0, 0.0, 0.0, 1.0, 0.0, 0.0, 0.99999994, 0.0, 0.0, 1.0, 0.0, 0.0, 0.99999994, 0.0, 0.0, 0.99999988, 0.0, 0.0, 1.0, 0.0, 0.0, 0.99999988, 0.0, 0.0, 1.0, 0.0, 0.0, 1.0, 0.0, 0.0, 0.99999988, 0.0, 0.0, 0.99999994, 0.0, 0.0, 0.99999994, 0.0, 0.0, 1.0, 0.0, 0.0, 1.0, 0.0, 0.0, 0.99999994, 0.0, 0.0, 0.99999994, 0.0, 0.0, 1.0, 0.0, 0.0, 1.00000012, 0.0, 0.0, 1.0, 0.0, 0.0, 0.99999982, 0.0, 0.0, 0.99999994, 0.0, 0.0, 1.0, 0.0, 0.0, 1.0, 0.0, 0.0, 1.0, 0.0, 0.0, 1.0, 0.0, 0.0, 1.0, 0.0, 0.0, 0.99999994, 0.0, 0.0, 0.99999994, 0.0, 0.0, 0.99999994, 0.0, 0.0, 0.99999994, 0.0, 0.0, 0.99999994, 0.0, 0.0, 1.00000012, 0.0], 
    "metadata": {
        "formatVersion": 3.1, 
        "generatedBy": "Maya Exporter"
    }
}