{
    "uvs": [[0.0, 0.25, 0.1666666716337204, 0.25, 0.3333333432674408, 0.25, 0.5, 0.25, 0.6666666865348816, 0.25, 0.8333333730697632, 0.25, 1.0, 0.25, 0.0, 0.5, 0.1666666716337204, 0.5, 0.3333333432674408, 0.5, 0.5, 0.5, 0.6666666865348816, 0.5, 0.8333333730697632, 0.5, 1.0, 0.5, 0.0, 0.75, 0.1666666716337204, 0.75, 0.3333333432674408, 0.75, 0.5, 0.75, 0.6666666865348816, 0.75, 0.8333333730697632, 0.75, 1.0, 0.75, 0.0833333358168602, 0.0, 0.25, 0.0, 0.4166666865348816, 0.0, 0.5833333730697632, 0.0, 0.75, 0.0, 0.9166666865348816, 0.0, 0.0833333358168602, 1.0, 0.25, 1.0, 0.4166666865348816, 1.0, 0.5833333730697632, 1.0, 0.75, 1.0, 0.9166666865348816, 1.0]], 
    "faces": [41, 0, 1, 7, 6, 0, 1, 8, 7, 0, 1, 2, 3, 41, 1, 2, 8, 7, 1, 2, 9, 8, 4, 5, 6, 7, 41, 2, 3, 9, 8, 2, 3, 10, 9, 8, 9, 10, 11, 41, 3, 4, 10, 9, 3, 4, 11, 10, 12, 13, 14, 15, 41, 4, 5, 11, 10, 4, 5, 12, 11, 16, 17, 18, 19, 41, 5, 0, 6, 11, 5, 6, 13, 12, 20, 21, 22, 23, 41, 6, 7, 13, 12, 7, 8, 15, 14, 24, 25, 26, 27, 41, 7, 8, 14, 13, 8, 9, 16, 15, 28, 29, 30, 31, 41, 8, 9, 15, 14, 9, 10, 17, 16, 32, 33, 34, 35, 41, 9, 10, 16, 15, 10, 11, 18, 17, 36, 37, 38, 39, 41, 10, 11, 17, 16, 11, 12, 19, 18, 40, 41, 42, 43, 41, 11, 6, 12, 17, 12, 13, 20, 19, 44, 45, 46, 47, 40, 1, 0, 18, 1, 0, 21, 48, 49, 50, 40, 2, 1, 18, 2, 1, 22, 51, 52, 53, 40, 3, 2, 18, 3, 2, 23, 54, 55, 56, 40, 4, 3, 18, 4, 3, 24, 57, 58, 59, 40, 5, 4, 18, 5, 4, 25, 60, 61, 62, 40, 0, 5, 18, 6, 5, 26, 63, 64, 65, 40, 12, 13, 19, 14, 15, 27, 66, 67, 68, 40, 13, 14, 19, 15, 16, 28, 69, 70, 71, 40, 14, 15, 19, 16, 17, 29, 72, 73, 74, 40, 15, 16, 19, 17, 18, 30, 75, 76, 77, 40, 16, 17, 19, 18, 19, 31, 78, 79, 80, 40, 17, 12, 19, 19, 20, 32, 81, 82, 83], 
    "vertices": [0.08908134, 0.21610546, -0.28008503, -0.21422301, 0.16706309, -0.28008512, -0.36587518, 0.14254189, -5e-08, -0.21422309, 0.16706307, 0.28008503, 0.08908126, 0.21610545, 0.28008509, 0.24073344, 0.24062663, -0.0, 0.08702064, 1.4352684, -0.45250863, -0.43777895, 1.42023408, -0.45250875, -0.7001788, 1.41271698, -8e-08, -0.43777913, 1.4202342, 0.45250869, 0.08702049, 1.43526828, 0.45250872, 0.34942028, 1.44278538, 0.0, -0.01115572, 1.97470236, -0.31997195, -0.38048264, 1.96435666, -0.31997201, -0.56514621, 1.95918369, -6e-08, -0.38048276, 1.96435666, 0.31997195, -0.01115581, 1.97470236, 0.31997198, 0.17350763, 1.97987521, 0.0, -0.0195782, -0.0743056, -0.0, -0.21422814, 2.14973068, 0.0], 
    "materials": [{
        "opacity": 0.0, 
        "colorDiffuse": [0.4000000059604645, 0.4000000059604645, 0.4000000059604645], 
        "depthWrite": true, 
        "blending": "NormalBlending", 
        "shading": "Lambert", 
        "DbgName": "lambert1", 
        "transparent": true, 
        "depthTest": true, 
        "vertexColors": false
    }], 
    "normals": [0.01061542, -0.13718702, -0.99048823, 0.01061541, -0.13718703, -0.99048829, 0.01061542, -0.13718703, -0.99048823, 0.01061541, -0.13718699, -0.99048811, -0.84506655, -0.22012095, -0.48724663, -0.84506649, -0.22012095, -0.48724663, -0.84506649, -0.22012094, -0.48724663, -0.84506649, -0.22012097, -0.48724663, -0.84506667, -0.22012098, 0.48724633, -0.84506679, -0.220121, 0.48724636, -0.84506673, -0.22012101, 0.48724636, -0.84506673, -0.220121, 0.4872463, 0.01061507, -0.13718709, 0.99048829, 0.01061507, -0.13718708, 0.99048829, 0.01061507, -0.13718709, 0.99048829, 0.01061507, -0.13718706, 0.99048811, 0.86961281, -0.0730665, 0.48829791, 0.86961275, -0.0730665, 0.48829788, 0.86961281, -0.0730665, 0.48829788, 0.86961287, -0.07306651, 0.48829794, 0.86961293, -0.0730665, -0.4882977, 0.86961293, -0.0730665, -0.4882977, 0.86961293, -0.0730665, -0.48829773, 0.86961287, -0.07306649, -0.48829761, -0.00673794, 0.23738049, -0.97139335, -0.00673794, 0.2373805, -0.97139335, -0.00673794, 0.23738052, -0.97139341, -0.00673794, 0.2373805, -0.97139329, -0.8479194, 0.20875292, -0.4872933, -0.84791946, 0.20875292, -0.4872933, -0.8479194, 0.20875293, -0.48729333, -0.8479194, 0.20875292, -0.4872933, -0.84791958, 0.20875297, 0.48729295, -0.84791964, 0.208753, 0.487293, -0.84791946, 0.20875297, 0.48729292, -0.84791964, 0.208753, 0.487293, -0.00673811, 0.23738047, 0.97139329, -0.00673811, 0.23738047, 0.97139335, -0.00673812, 0.2373805, 0.97139341, -0.00673812, 0.23738049, 0.97139341, 0.83108908, 0.27136499, 0.48543984, 0.83108902, 0.27136502, 0.48543987, 0.83108908, 0.27136499, 0.4854399, 0.83108908, 0.27136502, 0.4854399, 0.83108914, 0.27136508, -0.48543963, 0.8310892, 0.27136511, -0.48543972, 0.83108926, 0.27136514, -0.48543972, 0.8310892, 0.27136511, -0.48543975, 0.11505357, -0.7115519, -0.69314975, 0.11505357, -0.71155196, -0.69314981, 0.11505356, -0.71155185, -0.69314969, -0.49910215, -0.79704678, -0.34001985, -0.49910212, -0.79704672, -0.34001982, -0.49910215, -0.79704678, -0.34001985, -0.49910223, -0.79704678, 0.34001961, -0.49910223, -0.79704672, 0.34001961, -0.49910218, -0.79704666, 0.34001961, 0.11505323, -0.71155185, 0.69314975, 0.11505324, -0.7115519, 0.69314981, 0.11505323, -0.71155185, 0.69314975, 0.72485667, -0.59914052, 0.34001979, 0.72485673, -0.59914052, 0.34001979, 0.72485662, -0.59914041, 0.34001976, 0.72485673, -0.59914052, -0.3400197, 0.72485667, -0.59914047, -0.34001967, 0.72485662, -0.59914047, -0.34001967, -0.02438363, 0.87046325, -0.4916288, -0.02438364, 0.87046337, -0.49162886, -0.02438363, 0.87046337, -0.49162886, -0.46169725, 0.8502782, -0.25271037, -0.46169725, 0.8502782, -0.25271037, -0.46169728, 0.8502782, -0.25271037, -0.46169731, 0.85027814, 0.25271031, -0.46169731, 0.85027814, 0.25271031, -0.46169734, 0.8502782, 0.25271034, -0.02438374, 0.87046343, 0.49162877, -0.02438374, 0.87046337, 0.49162874, -0.02438374, 0.87046343, 0.49162877, 0.38960597, 0.88936877, 0.23922899, 0.38960591, 0.88936871, 0.23922895, 0.38960591, 0.88936865, 0.23922895, 0.38960591, 0.88936865, -0.23922898, 0.38960591, 0.88936871, -0.23922898, 0.38960591, 0.88936865, -0.23922898], 
    "metadata": {
        "formatVersion": 3.1, 
        "generatedBy": "Maya Exporter"
    }
}