{
    "uvs": [[0.0, 0.25, 0.1666666716337204, 0.25, 0.3333333432674408, 0.25, 0.5, 0.25, 0.6666666865348816, 0.25, 0.8333333730697632, 0.25, 1.0, 0.25, 0.0, 0.5, 0.1666666716337204, 0.5, 0.3333333432674408, 0.5, 0.5, 0.5, 0.6666666865348816, 0.5, 0.8333333730697632, 0.5, 1.0, 0.5, 0.0, 0.75, 0.1666666716337204, 0.75, 0.3333333432674408, 0.75, 0.5, 0.75, 0.6666666865348816, 0.75, 0.8333333730697632, 0.75, 1.0, 0.75, 0.0833333358168602, 0.0, 0.25, 0.0, 0.4166666865348816, 0.0, 0.5833333730697632, 0.0, 0.75, 0.0, 0.9166666865348816, 0.0, 0.0833333358168602, 1.0, 0.25, 1.0, 0.4166666865348816, 1.0, 0.5833333730697632, 1.0, 0.75, 1.0, 0.9166666865348816, 1.0]], 
    "faces": [41, 0, 1, 7, 6, 0, 1, 8, 7, 0, 1, 2, 3, 41, 1, 2, 8, 7, 1, 2, 9, 8, 4, 5, 6, 7, 41, 2, 3, 9, 8, 2, 3, 10, 9, 8, 9, 10, 11, 41, 3, 4, 10, 9, 3, 4, 11, 10, 12, 13, 14, 15, 41, 4, 5, 11, 10, 4, 5, 12, 11, 16, 17, 18, 19, 41, 5, 0, 6, 11, 5, 6, 13, 12, 20, 21, 22, 23, 41, 6, 7, 13, 12, 7, 8, 15, 14, 24, 25, 26, 27, 41, 7, 8, 14, 13, 8, 9, 16, 15, 28, 29, 30, 31, 41, 8, 9, 15, 14, 9, 10, 17, 16, 32, 33, 34, 35, 41, 9, 10, 16, 15, 10, 11, 18, 17, 36, 37, 38, 39, 41, 10, 11, 17, 16, 11, 12, 19, 18, 40, 41, 42, 43, 41, 11, 6, 12, 17, 12, 13, 20, 19, 44, 45, 46, 47, 40, 1, 0, 18, 1, 0, 21, 48, 49, 50, 40, 2, 1, 18, 2, 1, 22, 51, 52, 53, 40, 3, 2, 18, 3, 2, 23, 54, 55, 56, 40, 4, 3, 18, 4, 3, 24, 57, 58, 59, 40, 5, 4, 18, 5, 4, 25, 60, 61, 62, 40, 0, 5, 18, 6, 5, 26, 63, 64, 65, 40, 12, 13, 19, 14, 15, 27, 66, 67, 68, 40, 13, 14, 19, 15, 16, 28, 69, 70, 71, 40, 14, 15, 19, 16, 17, 29, 72, 73, 74, 40, 15, 16, 19, 17, 18, 30, 75, 76, 77, 40, 16, 17, 19, 18, 19, 31, 78, 79, 80, 40, 17, 12, 19, 19, 20, 32, 81, 82, 83], 
    "vertices": [0.09413905, -0.03546672, 0.07156503, 0.08799798, 0.04626126, -0.0724436, 0.04070831, 0.12402338, -0.12162179, -0.00043988, 0.12005777, -0.02679133, 0.00570155, 0.03832979, 0.11721751, 0.0529908, -0.03943258, 0.16639571, 0.34088797, 0.13086457, 0.20877576, 0.33197445, 0.25460739, -0.00851983, 0.26438422, 0.36916012, -0.08457774, 0.20570785, 0.35997028, 0.05666006, 0.21462149, 0.23622722, 0.27395594, 0.28221125, 0.12167425, 0.35001364, 0.50628824, 0.33348424, 0.27196586, 0.50009567, 0.42063899, 0.11908519, 0.45235748, 0.50146789, 0.06568947, 0.41081185, 0.49514169, 0.16517457, 0.41700429, 0.40798683, 0.31805527, 0.46474237, 0.32715768, 0.37145096, -0.05733281, -0.05214792, -0.02676857, 0.52008361, 0.47332782, 0.24237618], 
    "materials": [{
        "opacity": 0.0, 
        "colorDiffuse": [0.4000000059604645, 0.4000000059604645, 0.4000000059604645], 
        "depthWrite": true, 
        "blending": "NormalBlending", 
        "shading": "Lambert", 
        "DbgName": "lambert1", 
        "transparent": true, 
        "depthTest": true, 
        "vertexColors": false
    }], 
    "normals": [0.65430969, -0.64532381, -0.39425385, 0.65430963, -0.64532387, -0.39425382, 0.65430963, -0.64532387, -0.39425385, 0.65430963, -0.64532381, -0.39425379, 0.45392731, -0.27975264, -0.84598356, 0.45392734, -0.27975267, -0.84598362, 0.4539274, -0.27975267, -0.84598374, 0.45392737, -0.27975267, -0.84598374, -0.69146353, 0.67601436, -0.25472102, -0.69146353, 0.67601436, -0.25472099, -0.69146359, 0.67601436, -0.25472102, -0.69146347, 0.6760143, -0.25472099, -0.76848888, 0.54192477, 0.34020913, -0.76848894, 0.54192483, 0.34020913, -0.76848888, 0.54192477, 0.34020916, -0.76848888, 0.54192477, 0.34020913, -0.65761685, 0.09392965, 0.74747407, -0.65761667, 0.09392964, 0.74747396, -0.65761679, 0.09392964, 0.74747401, -0.65761679, 0.09392964, 0.74747401, 0.48551032, -0.85994846, 0.15737955, 0.48551035, -0.85994852, 0.15737957, 0.48551029, -0.85994846, 0.15737957, 0.48551035, -0.85994846, 0.15737955, 0.77845675, -0.53120428, -0.3344059, 0.77845681, -0.53120428, -0.3344059, 0.77845675, -0.53120416, -0.33440584, 0.77845669, -0.53120416, -0.33440584, 0.66294503, -0.10025731, -0.7419247, 0.66294491, -0.10025731, -0.7419247, 0.66294503, -0.10025731, -0.74192476, 0.66294509, -0.10025732, -0.74192482, -0.48807251, 0.86020499, -0.14775771, -0.48807257, 0.86020505, -0.14775772, -0.48807257, 0.86020511, -0.14775771, -0.48807257, 0.86020511, -0.14775774, -0.64233041, 0.65436637, 0.39901915, -0.64233041, 0.65436637, 0.39901915, -0.64233047, 0.65436637, 0.39901918, -0.64233047, 0.65436637, 0.39901918, -0.43940404, 0.30132511, 0.84624308, -0.43940404, 0.30132508, 0.84624308, -0.43940404, 0.30132508, 0.84624302, -0.43940404, 0.30132508, 0.84624308, 0.70966727, -0.65751261, 0.2530801, 0.70966727, -0.65751261, 0.25308013, 0.70966733, -0.65751266, 0.2530801, 0.70966733, -0.65751261, 0.2530801, 0.39049867, -0.79340476, -0.46692568, 0.39049858, -0.79340476, -0.46692562, 0.39049861, -0.79340482, -0.46692571, 0.06955046, -0.50265133, -0.86168694, 0.06955046, -0.50265133, -0.861687, 0.06955046, -0.50265127, -0.86168689, -0.88195735, 0.29133078, -0.3705098, -0.88195735, 0.29133081, -0.37050983, -0.88195735, 0.29133081, -0.3705098, -0.92762035, 0.30649334, 0.21350037, -0.92762029, 0.30649331, 0.21350035, -0.92762029, 0.30649334, 0.21350037, -0.84501374, -0.20031965, 0.49580631, -0.84501368, -0.20031965, 0.49580625, -0.84501374, -0.20031963, 0.49580625, 0.10649566, -0.99430245, 0.00462746, 0.10649564, -0.99430233, 0.00462746, 0.10649565, -0.99430245, 0.00462746, 0.98678207, -0.12031622, -0.10856003, 0.98678201, -0.12031621, -0.10856001, 0.98678207, -0.12031622, -0.10856003, 0.89562035, 0.33770427, -0.28951687, 0.89562029, 0.33770421, -0.28951687, 0.89562035, 0.33770424, -0.2895169, 0.11786845, 0.98669666, 0.11196654, 0.11786848, 0.98669678, 0.11196656, 0.11786846, 0.98669672, 0.11196655, -0.17811878, 0.85173225, 0.49277359, -0.1781188, 0.85173231, 0.49277359, -0.1781188, 0.85173231, 0.49277362, 0.17672916, 0.61305219, 0.77002192, 0.17672917, 0.61305219, 0.77002203, 0.17672914, 0.61305219, 0.77002192, 0.92294264, -0.00962343, 0.38481703, 0.92294264, -0.00962343, 0.384817, 0.9229427, -0.00962343, 0.38481706], 
    "metadata": {
        "formatVersion": 3.1, 
        "generatedBy": "Maya Exporter"
    }
}