{
    "uvs": [[0.0, 0.25, 0.1666666716337204, 0.25, 0.3333333432674408, 0.25, 0.5, 0.25, 0.6666666865348816, 0.25, 0.8333333730697632, 0.25, 1.0, 0.25, 0.0, 0.5, 0.1666666716337204, 0.5, 0.3333333432674408, 0.5, 0.5, 0.5, 0.6666666865348816, 0.5, 0.8333333730697632, 0.5, 1.0, 0.5, 0.0, 0.75, 0.1666666716337204, 0.75, 0.3333333432674408, 0.75, 0.5, 0.75, 0.6666666865348816, 0.75, 0.8333333730697632, 0.75, 1.0, 0.75, 0.0833333358168602, 0.0, 0.25, 0.0, 0.4166666865348816, 0.0, 0.5833333730697632, 0.0, 0.75, 0.0, 0.9166666865348816, 0.0, 0.0833333358168602, 1.0, 0.25, 1.0, 0.4166666865348816, 1.0, 0.5833333730697632, 1.0, 0.75, 1.0, 0.9166666865348816, 1.0]], 
    "faces": [41, 0, 1, 7, 6, 0, 1, 8, 7, 0, 1, 2, 3, 41, 1, 2, 8, 7, 1, 2, 9, 8, 4, 5, 6, 7, 41, 2, 3, 9, 8, 2, 3, 10, 9, 8, 9, 10, 11, 41, 3, 4, 10, 9, 3, 4, 11, 10, 12, 13, 14, 15, 41, 4, 5, 11, 10, 4, 5, 12, 11, 16, 17, 18, 19, 41, 5, 0, 6, 11, 5, 6, 13, 12, 20, 21, 22, 23, 41, 6, 7, 13, 12, 7, 8, 15, 14, 24, 25, 26, 27, 41, 7, 8, 14, 13, 8, 9, 16, 15, 28, 29, 30, 31, 41, 8, 9, 15, 14, 9, 10, 17, 16, 32, 33, 34, 35, 41, 9, 10, 16, 15, 10, 11, 18, 17, 36, 37, 38, 39, 41, 10, 11, 17, 16, 11, 12, 19, 18, 40, 41, 42, 43, 41, 11, 6, 12, 17, 12, 13, 20, 19, 44, 45, 46, 47, 40, 1, 0, 18, 1, 0, 21, 48, 49, 50, 40, 2, 1, 18, 2, 1, 22, 51, 52, 53, 40, 3, 2, 18, 3, 2, 23, 54, 55, 56, 40, 4, 3, 18, 4, 3, 24, 57, 58, 59, 40, 5, 4, 18, 5, 4, 25, 60, 61, 62, 40, 0, 5, 18, 6, 5, 26, 63, 64, 65, 40, 12, 13, 19, 14, 15, 27, 66, 67, 68, 40, 13, 14, 19, 15, 16, 28, 69, 70, 71, 40, 14, 15, 19, 16, 17, 29, 72, 73, 74, 40, 15, 16, 19, 17, 18, 30, 75, 76, 77, 40, 16, 17, 19, 18, 19, 31, 78, 79, 80, 40, 17, 12, 19, 19, 20, 32, 81, 82, 83], 
    "vertices": [0.06444446, -0.02454303, -0.03661066, -0.0542111, -0.00082992, -0.05954051, -0.11353894, 0.04118134, -0.03982123, -0.0542111, 0.05947901, 0.0028283, 0.0644444, 0.03576614, 0.02575821, 0.12377212, -0.00624512, 0.00603885, 0.15678219, 0.10886027, -0.19141948, -0.02230402, 0.14491321, -0.2262817, -0.11184712, 0.20599224, -0.19918919, -0.02230402, 0.23101904, -0.13723475, 0.15678219, 0.19496633, -0.10237253, 0.24632529, 0.13388683, -0.12946509, 0.17740861, 0.25238754, -0.30497256, 0.05140034, 0.27781345, -0.32955858, -0.01160379, 0.32096936, -0.31036869, 0.0514004, 0.33869959, -0.26659286, 0.17740856, 0.31327368, -0.24200684, 0.24041269, 0.27011754, -0.26119658, -0.02213307, -0.05299638, 0.0512461, 0.1261634, 0.33819439, -0.32702512], 
    "materials": [{
        "opacity": 0.0, 
        "colorDiffuse": [0.4000000059604645, 0.4000000059604645, 0.4000000059604645], 
        "depthWrite": true, 
        "blending": "NormalBlending", 
        "shading": "Lambert", 
        "DbgName": "lambert1", 
        "transparent": true, 
        "depthTest": true, 
        "vertexColors": false
    }], 
    "normals": [-0.02250247, -0.75063068, -0.66033882, -0.02250247, -0.75063056, -0.66033876, -0.02250247, -0.75063062, -0.6603387, -0.02250247, -0.75063062, -0.66033876, -0.57576573, -0.56164664, -0.59417742, -0.57576579, -0.56164664, -0.59417742, -0.57576579, -0.56164664, -0.59417742, -0.57576567, -0.56164658, -0.59417737, -0.57576585, 0.57498753, 0.58127701, -0.57576591, 0.57498747, 0.58127701, -0.57576585, 0.57498753, 0.58127695, -0.57576585, 0.57498753, 0.58127701, -0.02250327, 0.63476622, 0.77237642, -0.02250327, 0.63476634, 0.77237654, -0.02250327, 0.63476628, 0.77237642, -0.02250327, 0.63476622, 0.77237642, 0.49233869, 0.3488763, 0.79742587, 0.49233863, 0.34887624, 0.79742575, 0.49233869, 0.34887627, 0.79742581, 0.49233869, 0.34887627, 0.79742581, 0.49233827, -0.78526372, -0.37545162, 0.49233827, -0.78526372, -0.37545162, 0.49233824, -0.78526372, -0.37545162, 0.4923383, -0.78526372, -0.37545165, 0.02691991, -0.6226306, -0.78205264, 0.02691991, -0.62263066, -0.78205276, 0.02691991, -0.62263054, -0.7820527, 0.02691991, -0.6226306, -0.7820527, -0.48410666, -0.35298118, -0.80065292, -0.48410663, -0.35298118, -0.80065286, -0.4841066, -0.35298118, -0.80065286, -0.4841066, -0.35298118, -0.80065292, -0.48410749, 0.78835052, 0.37966216, -0.48410749, 0.78835058, 0.37966216, -0.48410746, 0.78835058, 0.37966213, -0.48410749, 0.78835058, 0.37966219, 0.0269202, 0.76070958, 0.64853388, 0.02692019, 0.76070946, 0.64853382, 0.02692019, 0.76070952, 0.64853394, 0.0269202, 0.76070952, 0.64853382, 0.57283551, 0.58210796, 0.57707012, 0.57283545, 0.58210784, 0.57707006, 0.57283562, 0.58210796, 0.57707012, 0.57283551, 0.58210796, 0.57707012, 0.57283425, -0.55720347, -0.60115325, 0.57283419, -0.55720347, -0.60115325, 0.57283425, -0.55720341, -0.60115331, 0.57283425, -0.55720341, -0.60115325, -0.10505372, -0.91109228, -0.39859068, -0.10505371, -0.91109222, -0.39859068, -0.10505372, -0.91109228, -0.39859074, -0.60835117, -0.77131289, -0.18704307, -0.60835117, -0.77131283, -0.18704306, -0.60835123, -0.77131289, -0.18704306, -0.60835165, 0.16104436, 0.77715689, -0.60835171, 0.16104439, 0.77715701, -0.60835165, 0.16104437, 0.77715695, -0.10505345, 0.36777902, 0.92396009, -0.10505345, 0.36777902, 0.92396009, -0.10505347, 0.36777902, 0.92396015, 0.30199438, -0.02088591, 0.95308083, 0.30199435, -0.02088591, 0.95308077, 0.30199441, -0.02088591, 0.95308089, 0.30199504, -0.95324463, -0.01111813, 0.30199507, -0.95324469, -0.01111813, 0.30199504, -0.95324457, -0.01111813, 0.15880431, -0.15572326, -0.97495198, 0.15880427, -0.15572323, -0.97495198, 0.15880431, -0.15572327, -0.97495204, -0.14404196, 0.21884456, -0.96506935, -0.14404196, 0.21884456, -0.96506935, -0.14404194, 0.21884456, -0.96506935, -0.14403987, 0.97187018, -0.18633543, -0.14403985, 0.97187018, -0.18633544, -0.14403984, 0.97187006, -0.1863354, 0.15880699, 0.96917355, 0.18836956, 0.15880698, 0.96917343, 0.18836954, 0.15880698, 0.96917343, 0.18836953, 0.5454812, 0.83386558, -0.08437023, 0.54548126, 0.83386558, -0.08437024, 0.5454812, 0.83386564, -0.08437024, 0.54548055, 0.11231282, -0.83056408, 0.54548055, 0.11231282, -0.83056414, 0.54548061, 0.11231283, -0.83056414], 
    "metadata": {
        "formatVersion": 3.1, 
        "generatedBy": "Maya Exporter"
    }
}