{
    "uvs": [[0.5614455342292786, 0.11176026612520218, 0.63427734375, 0.1003638431429863, 0.7255932092666626, 0.3134739100933075, 0.617690920829773, 0.3295537531375885, 0.5190746188163757, 0.0019919918850064278, 0.7217109203338623, 0.4872465133666992, 0.6456445455551147, 0.4985806941986084, 0.46718674898147583, 0.11122386157512665, 0.47527948021888733, 0.3284063935279846, 0.5454085469245911, 0.4976978302001953, 0.0018571612890809774, 0.1003638431429863, 0.07373205572366714, 0.08843134343624115, 0.1133226528763771, 0.2962467074394226, 0.007031769957393408, 0.3134739100933075, 0.06949850916862488, 0.0019919918850064278, 0.16385947167873383, 0.08789525926113129, 0.24934495985507965, 0.2950987219810486, 0.16127435863018036, 0.4750291109085083, 0.08635345846414566, 0.4872465133666992, 0.2569807171821594, 0.47414591908454895, 0.1920512169599533, 0.5443822741508484, 0.3824753761291504, 0.08789525926113129, 0.4553072154521942, 0.09929168224334717, 0.4602966010570526, 0.3111785352230072, 0.3523942530155182, 0.2950987219810486, 0.3819921314716339, 0.0019919918850064278, 0.3798280358314514, 0.48548009991645813, 0.3037615716457367, 0.47414591908454895, 0.26368448138237, 0.5443822741508484, 0.8334659934043884, 0.9007083177566528, 0.7615909576416016, 0.8887761235237122, 0.8241398334503174, 0.6715936064720154, 0.9304305911064148, 0.6888214349746704, 0.7208526730537415, 0.9980079531669617, 0.8541991114616394, 0.5023021697998047, 0.9291201829910278, 0.5145198702812195, 0.6402117609977722, 0.6786044239997864, 0.5445054173469543, 0.578368604183197, 0.6294180154800415, 0.5866305828094482, 0.5237202644348145, 0.5023021697998047, 0.7151328325271606, 0.7027741074562073]], 
    "faces": [41, 0, 1, 7, 6, 7, 0, 3, 8, 0, 1, 2, 3, 41, 1, 2, 8, 7, 0, 1, 2, 3, 4, 5, 6, 7, 41, 2, 3, 9, 8, 10, 11, 12, 13, 8, 9, 10, 11, 41, 3, 4, 10, 9, 11, 15, 16, 12, 12, 13, 14, 15, 41, 4, 5, 11, 10, 21, 22, 23, 24, 16, 17, 18, 19, 41, 5, 0, 6, 11, 29, 30, 31, 32, 20, 21, 22, 23, 41, 6, 7, 13, 12, 8, 3, 6, 9, 24, 25, 26, 27, 41, 7, 8, 14, 13, 3, 2, 5, 6, 28, 29, 30, 31, 41, 8, 9, 15, 14, 13, 12, 17, 18, 32, 33, 34, 35, 41, 9, 10, 16, 15, 12, 16, 19, 17, 36, 37, 38, 39, 41, 10, 11, 17, 16, 24, 23, 26, 27, 40, 41, 42, 43, 41, 11, 6, 12, 17, 32, 31, 34, 35, 44, 45, 46, 47, 40, 1, 0, 18, 0, 7, 4, 48, 49, 50, 40, 2, 1, 18, 1, 0, 4, 51, 52, 53, 40, 3, 2, 18, 11, 10, 14, 54, 55, 56, 40, 4, 3, 18, 15, 11, 14, 57, 58, 59, 40, 5, 4, 18, 22, 21, 25, 60, 61, 62, 40, 0, 5, 18, 30, 29, 33, 63, 64, 65, 40, 12, 13, 19, 36, 37, 38, 66, 67, 68, 40, 13, 14, 19, 37, 39, 38, 69, 70, 71, 40, 14, 15, 19, 18, 17, 20, 72, 73, 74, 40, 15, 16, 19, 17, 19, 20, 75, 76, 77, 40, 16, 17, 19, 27, 26, 28, 78, 79, 80, 40, 17, 12, 19, 40, 36, 38, 81, 82, 83], 
    "vertices": [0.03427427, 0.08258472, -0.0693773, -0.07440806, 0.08323131, 0.04428703, -0.09641821, 0.06948887, 0.1321132, -0.00974591, 0.05510007, 0.1062749, 0.09893637, 0.05445348, -0.00738943, 0.12094646, 0.06819592, -0.09521558, 0.10970031, 0.34447966, -0.05961853, -0.05432583, 0.34586368, 0.11211199, -0.09017826, 0.32647334, 0.24222873, 0.03799533, 0.30569921, 0.20061511, 0.20202135, 0.30431519, 0.02888459, 0.23787378, 0.32370506, -0.10123225, 0.14594816, 0.54862438, 0.02494842, 0.03053807, 0.54968892, 0.14582056, 0.00547378, 0.53602157, 0.2375472, 0.09581917, 0.52128874, 0.20840171, 0.21122914, 0.52022396, 0.08752954, 0.2362936, 0.53389154, -0.00419713, -0.01485104, -0.04913558, -0.00680699, 0.13293224, 0.60492001, 0.13585743], 
    "materials": [{
        "opacity": 0.0, 
        "colorDiffuse": [0.4000000059604645, 0.4000000059604645, 0.4000000059604645], 
        "depthWrite": true, 
        "blending": "NormalBlending", 
        "shading": "Lambert", 
        "DbgName": "lambert1", 
        "transparent": true, 
        "depthTest": true, 
        "vertexColors": false
    }], 
    "normals": [-0.70319718, 0.22766833, -0.67355829, -0.70319718, 0.22766832, -0.67355824, -0.70319718, 0.22766833, -0.67355829, -0.7031973, 0.22766834, -0.67355841, -0.96307504, 0.12959936, -0.23598838, -0.96307498, 0.12959936, -0.23598839, -0.9630751, 0.12959938, -0.23598839, -0.96307504, 0.12959936, -0.23598838, 0.21864142, -0.38450754, 0.89685559, 0.21864137, -0.38450748, 0.89685559, 0.21864137, -0.38450751, 0.89685559, 0.21864139, -0.38450748, 0.89685547, 0.67039323, -0.36991319, 0.643224, 0.67039329, -0.36991322, 0.643224, 0.67039329, -0.36991325, 0.64322406, 0.67039323, -0.36991319, 0.643224, 0.89839762, -0.40173981, 0.17744583, 0.89839745, -0.40173978, 0.17744583, 0.89839751, -0.40173981, 0.17744581, 0.89839751, -0.40173975, 0.17744581, -0.28103793, 0.11137451, -0.95321214, -0.28103796, 0.11137451, -0.95321208, -0.28103796, 0.11137452, -0.95321214, -0.28103796, 0.11137451, -0.9532122, -0.66636741, 0.38324568, -0.6395914, -0.66636747, 0.38324568, -0.63959146, -0.66636741, 0.38324568, -0.6395914, -0.66636741, 0.38324565, -0.6395914, -0.89563876, 0.40415686, -0.18571098, -0.89563864, 0.40415686, -0.18571097, -0.89563864, 0.40415686, -0.18571098, -0.89563864, 0.40415686, -0.18571098, 0.2896947, -0.11152346, 0.95059961, 0.28969467, -0.11152344, 0.95059955, 0.28969467, -0.11152343, 0.95059955, 0.28969467, -0.11152343, 0.95059949, 0.70560175, -0.2136309, 0.67563897, 0.70560181, -0.21363091, 0.67563891, 0.70560175, -0.2136309, 0.67563897, 0.70560175, -0.21363093, 0.67563897, 0.96266192, -0.1079371, 0.24825712, 0.96266192, -0.1079371, 0.2482571, 0.96266192, -0.1079371, 0.24825712, 0.96266198, -0.10793712, 0.24825713, -0.22087914, 0.40696406, -0.88633668, -0.22087914, 0.40696403, -0.88633662, -0.22087911, 0.40696403, -0.88633668, -0.22087914, 0.40696403, -0.88633668, -0.721699, -0.05848023, -0.68973231, -0.72169894, -0.05848022, -0.68973225, -0.72169888, -0.05848022, -0.68973219, -0.91188771, -0.30373544, -0.27605298, -0.91188782, -0.30373544, -0.27605298, -0.91188794, -0.30373546, -0.27605301, 0.07886612, -0.73476434, 0.67372215, 0.07886609, -0.73476428, 0.67372203, 0.07886611, -0.7347644, 0.67372215, 0.56605512, -0.61872011, 0.54476327, 0.56605512, -0.61872011, 0.54476321, 0.56605518, -0.61872011, 0.54476321, 0.67239428, -0.73829424, 0.05298398, 0.67239434, -0.7382943, 0.05298399, 0.67239434, -0.73829436, 0.05298399, -0.31835693, -0.3072648, -0.89679271, -0.31835687, -0.3072648, -0.89679265, -0.31835693, -0.30726483, -0.89679277, -0.45838761, 0.76964045, -0.44444829, -0.45838764, 0.76964056, -0.44444835, -0.45838758, 0.76964051, -0.44444829, -0.47462776, 0.88018543, 0.0014518, -0.47462776, 0.88018537, 0.0014518, -0.47462773, 0.88018537, 0.0014518, 0.3375591, 0.52684242, 0.78005815, 0.33755916, 0.52684253, 0.78005821, 0.33755916, 0.52684253, 0.78005821, 0.69828796, 0.26642886, 0.66438651, 0.69828796, 0.26642886, 0.66438657, 0.69828802, 0.26642886, 0.66438663, 0.77963901, 0.55222303, 0.29531795, 0.77963901, 0.55222309, 0.29531798, 0.77963901, 0.55222309, 0.29531801, -0.00062545, 0.89167726, -0.45267114, -0.00062545, 0.89167732, -0.45267117, -0.00062545, 0.89167738, -0.45267117], 
    "metadata": {
        "formatVersion": 3.1, 
        "generatedBy": "Maya Exporter"
    }
}