{
    "uvs": [[0.0, 0.25, 0.1666666716337204, 0.25, 0.3333333432674408, 0.25, 0.5, 0.25, 0.6666666865348816, 0.25, 0.8333333730697632, 0.25, 1.0, 0.25, 0.0, 0.5, 0.1666666716337204, 0.5, 0.3333333432674408, 0.5, 0.5, 0.5, 0.6666666865348816, 0.5, 0.8333333730697632, 0.5, 1.0, 0.5, 0.0, 0.75, 0.1666666716337204, 0.75, 0.3333333432674408, 0.75, 0.5, 0.75, 0.6666666865348816, 0.75, 0.8333333730697632, 0.75, 1.0, 0.75, 0.0833333358168602, 0.0, 0.25, 0.0, 0.4166666865348816, 0.0, 0.5833333730697632, 0.0, 0.75, 0.0, 0.9166666865348816, 0.0, 0.0833333358168602, 1.0, 0.25, 1.0, 0.4166666865348816, 1.0, 0.5833333730697632, 1.0, 0.75, 1.0, 0.9166666865348816, 1.0]], 
    "faces": [41, 0, 1, 7, 6, 0, 1, 8, 7, 0, 1, 2, 3, 41, 1, 2, 8, 7, 1, 2, 9, 8, 4, 5, 6, 7, 41, 2, 3, 9, 8, 2, 3, 10, 9, 8, 9, 10, 11, 41, 3, 4, 10, 9, 3, 4, 11, 10, 12, 13, 14, 15, 41, 4, 5, 11, 10, 4, 5, 12, 11, 16, 17, 18, 19, 41, 5, 0, 6, 11, 5, 6, 13, 12, 20, 21, 22, 23, 41, 6, 7, 13, 12, 7, 8, 15, 14, 24, 25, 26, 27, 41, 7, 8, 14, 13, 8, 9, 16, 15, 28, 29, 30, 31, 41, 8, 9, 15, 14, 9, 10, 17, 16, 32, 33, 34, 35, 41, 9, 10, 16, 15, 10, 11, 18, 17, 36, 37, 38, 39, 41, 10, 11, 17, 16, 11, 12, 19, 18, 40, 41, 42, 43, 41, 11, 6, 12, 17, 12, 13, 20, 19, 44, 45, 46, 47, 40, 1, 0, 18, 1, 0, 21, 48, 49, 50, 40, 2, 1, 18, 2, 1, 22, 51, 52, 53, 40, 3, 2, 18, 3, 2, 23, 54, 55, 56, 40, 4, 3, 18, 4, 3, 24, 57, 58, 59, 40, 5, 4, 18, 5, 4, 25, 60, 61, 62, 40, 0, 5, 18, 6, 5, 26, 63, 64, 65, 40, 12, 13, 19, 14, 15, 27, 66, 67, 68, 40, 13, 14, 19, 15, 16, 28, 69, 70, 71, 40, 14, 15, 19, 16, 17, 29, 72, 73, 74, 40, 15, 16, 19, 17, 18, 30, 75, 76, 77, 40, 16, 17, 19, 18, 19, 31, 78, 79, 80, 40, 17, 12, 19, 19, 20, 32, 81, 82, 83], 
    "vertices": [0.03427427, 0.08258472, -0.0693773, -0.07440806, 0.08323131, 0.04428703, -0.09641821, 0.06948887, 0.1321132, -0.00974591, 0.05510007, 0.1062749, 0.09893637, 0.05445348, -0.00738943, 0.12094646, 0.06819592, -0.09521558, 0.10970031, 0.34447966, -0.05961853, -0.05432583, 0.34586368, 0.11211199, -0.09017826, 0.32647334, 0.24222873, 0.03799533, 0.30569921, 0.20061511, 0.20202135, 0.30431519, 0.02888459, 0.23787378, 0.32370506, -0.10123225, 0.14594816, 0.54862438, 0.02494842, 0.03053807, 0.54968892, 0.14582056, 0.00547378, 0.53602157, 0.2375472, 0.09581917, 0.52128874, 0.20840171, 0.21122914, 0.52022396, 0.08752954, 0.2362936, 0.53389154, -0.00419713, -0.01485104, -0.04913558, -0.00680699, 0.13293224, 0.60492001, 0.13585743], 
    "materials": [{
        "opacity": 0.0, 
        "colorDiffuse": [0.4000000059604645, 0.4000000059604645, 0.4000000059604645], 
        "depthWrite": true, 
        "blending": "NormalBlending", 
        "shading": "Lambert", 
        "DbgName": "lambert1", 
        "transparent": true, 
        "depthTest": true, 
        "vertexColors": false
    }], 
    "normals": [-0.70319718, 0.22766833, -0.67355829, -0.70319718, 0.22766832, -0.67355824, -0.70319718, 0.22766833, -0.67355829, -0.7031973, 0.22766834, -0.67355841, -0.96307504, 0.12959936, -0.23598838, -0.96307498, 0.12959936, -0.23598839, -0.9630751, 0.12959938, -0.23598839, -0.96307504, 0.12959936, -0.23598838, 0.21864142, -0.38450754, 0.89685559, 0.21864137, -0.38450748, 0.89685559, 0.21864137, -0.38450751, 0.89685559, 0.21864139, -0.38450748, 0.89685547, 0.67039323, -0.36991319, 0.643224, 0.67039329, -0.36991322, 0.643224, 0.67039329, -0.36991325, 0.64322406, 0.67039323, -0.36991319, 0.643224, 0.89839762, -0.40173981, 0.17744583, 0.89839745, -0.40173978, 0.17744583, 0.89839751, -0.40173981, 0.17744581, 0.89839751, -0.40173975, 0.17744581, -0.28103793, 0.11137451, -0.95321214, -0.28103796, 0.11137451, -0.95321208, -0.28103796, 0.11137452, -0.95321214, -0.28103796, 0.11137451, -0.9532122, -0.66636741, 0.38324568, -0.6395914, -0.66636747, 0.38324568, -0.63959146, -0.66636741, 0.38324568, -0.6395914, -0.66636741, 0.38324565, -0.6395914, -0.89563876, 0.40415686, -0.18571098, -0.89563864, 0.40415686, -0.18571097, -0.89563864, 0.40415686, -0.18571098, -0.89563864, 0.40415686, -0.18571098, 0.2896947, -0.11152346, 0.95059961, 0.28969467, -0.11152344, 0.95059955, 0.28969467, -0.11152343, 0.95059955, 0.28969467, -0.11152343, 0.95059949, 0.70560175, -0.2136309, 0.67563897, 0.70560181, -0.21363091, 0.67563891, 0.70560175, -0.2136309, 0.67563897, 0.70560175, -0.21363093, 0.67563897, 0.96266192, -0.1079371, 0.24825712, 0.96266192, -0.1079371, 0.2482571, 0.96266192, -0.1079371, 0.24825712, 0.96266198, -0.10793712, 0.24825713, -0.22087914, 0.40696406, -0.88633668, -0.22087914, 0.40696403, -0.88633662, -0.22087911, 0.40696403, -0.88633668, -0.22087914, 0.40696403, -0.88633668, -0.721699, -0.05848023, -0.68973231, -0.72169894, -0.05848022, -0.68973225, -0.72169888, -0.05848022, -0.68973219, -0.91188771, -0.30373544, -0.27605298, -0.91188782, -0.30373544, -0.27605298, -0.91188794, -0.30373546, -0.27605301, 0.07886612, -0.73476434, 0.67372215, 0.07886609, -0.73476428, 0.67372203, 0.07886611, -0.7347644, 0.67372215, 0.56605512, -0.61872011, 0.54476327, 0.56605512, -0.61872011, 0.54476321, 0.56605518, -0.61872011, 0.54476321, 0.67239428, -0.73829424, 0.05298398, 0.67239434, -0.7382943, 0.05298399, 0.67239434, -0.73829436, 0.05298399, -0.31835693, -0.3072648, -0.89679271, -0.31835687, -0.3072648, -0.89679265, -0.31835693, -0.30726483, -0.89679277, -0.45838761, 0.76964045, -0.44444829, -0.45838764, 0.76964056, -0.44444835, -0.45838758, 0.76964051, -0.44444829, -0.47462776, 0.88018543, 0.0014518, -0.47462776, 0.88018537, 0.0014518, -0.47462773, 0.88018537, 0.0014518, 0.3375591, 0.52684242, 0.78005815, 0.33755916, 0.52684253, 0.78005821, 0.33755916, 0.52684253, 0.78005821, 0.69828796, 0.26642886, 0.66438651, 0.69828796, 0.26642886, 0.66438657, 0.69828802, 0.26642886, 0.66438663, 0.77963901, 0.55222303, 0.29531795, 0.77963901, 0.55222309, 0.29531798, 0.77963901, 0.55222309, 0.29531801, -0.00062545, 0.89167726, -0.45267114, -0.00062545, 0.89167732, -0.45267117, -0.00062545, 0.89167738, -0.45267117], 
    "metadata": {
        "formatVersion": 3.1, 
        "generatedBy": "Maya Exporter"
    }
}