{
    "uvs": [[0.0, 0.25, 0.1666666716337204, 0.25, 0.3333333432674408, 0.25, 0.5, 0.25, 0.6666666865348816, 0.25, 0.8333333730697632, 0.25, 1.0, 0.25, 0.0, 0.5, 0.1666666716337204, 0.5, 0.3333333432674408, 0.5, 0.5, 0.5, 0.6666666865348816, 0.5, 0.8333333730697632, 0.5, 1.0, 0.5, 0.0, 0.75, 0.1666666716337204, 0.75, 0.3333333432674408, 0.75, 0.5, 0.75, 0.6666666865348816, 0.75, 0.8333333730697632, 0.75, 1.0, 0.75, 0.0833333358168602, 0.0, 0.25, 0.0, 0.4166666865348816, 0.0, 0.5833333730697632, 0.0, 0.75, 0.0, 0.9166666865348816, 0.0, 0.0833333358168602, 1.0, 0.25, 1.0, 0.4166666865348816, 1.0, 0.5833333730697632, 1.0, 0.75, 1.0, 0.9166666865348816, 1.0]], 
    "faces": [41, 0, 1, 7, 6, 0, 1, 8, 7, 0, 1, 2, 3, 41, 1, 2, 8, 7, 1, 2, 9, 8, 4, 5, 6, 7, 41, 2, 3, 9, 8, 2, 3, 10, 9, 8, 9, 10, 11, 41, 3, 4, 10, 9, 3, 4, 11, 10, 12, 13, 14, 15, 41, 4, 5, 11, 10, 4, 5, 12, 11, 16, 17, 18, 19, 41, 5, 0, 6, 11, 5, 6, 13, 12, 20, 21, 22, 23, 41, 6, 7, 13, 12, 7, 8, 15, 14, 24, 25, 26, 27, 41, 7, 8, 14, 13, 8, 9, 16, 15, 28, 29, 30, 31, 41, 8, 9, 15, 14, 9, 10, 17, 16, 32, 33, 34, 35, 41, 9, 10, 16, 15, 10, 11, 18, 17, 36, 37, 38, 39, 41, 10, 11, 17, 16, 11, 12, 19, 18, 40, 41, 42, 43, 41, 11, 6, 12, 17, 12, 13, 20, 19, 44, 45, 46, 47, 40, 1, 0, 18, 1, 0, 21, 48, 49, 50, 40, 2, 1, 18, 2, 1, 22, 51, 52, 53, 40, 3, 2, 18, 3, 2, 23, 54, 55, 56, 40, 4, 3, 18, 4, 3, 24, 57, 58, 59, 40, 5, 4, 18, 5, 4, 25, 60, 61, 62, 40, 0, 5, 18, 6, 5, 26, 63, 64, 65, 40, 12, 13, 19, 14, 15, 27, 66, 67, 68, 40, 13, 14, 19, 15, 16, 28, 69, 70, 71, 40, 14, 15, 19, 16, 17, 29, 72, 73, 74, 40, 15, 16, 19, 17, 18, 30, 75, 76, 77, 40, 16, 17, 19, 18, 19, 31, 78, 79, 80, 40, 17, 12, 19, 19, 20, 32, 81, 82, 83], 
    "vertices": [-0.0905735, 0.06982269, -0.12337863, -0.10914058, 0.13661041, -0.06262207, 0.00717136, 0.12720527, 0.05318513, 0.14205035, 0.05101265, 0.10823578, 0.1606174, -0.01577507, 0.04747915, 0.04430544, -0.00636993, -0.06832802, 0.00108194, 0.43082155, -0.20196819, -0.02673248, 0.53225292, -0.11026037, 0.13867872, 0.52186217, 0.05756453, 0.33190476, 0.41004099, 0.13368154, 0.35971912, 0.30860962, 0.04197371, 0.19430762, 0.31899966, -0.12585114, 0.16414531, 0.72479619, -0.17251593, 0.14462101, 0.79630484, -0.10798687, 0.2616564, 0.78885116, 0.01052419, 0.39821588, 0.70988836, 0.06450611, 0.41774016, 0.63837923, -2.301e-05, 0.30070489, 0.64583339, -0.11853404, -0.03885109, -0.1060854, 0.00397041, 0.31878253, 0.81852187, -0.0585966], 
    "materials": [{
        "opacity": 0.0, 
        "colorDiffuse": [0.4000000059604645, 0.4000000059604645, 0.4000000059604645], 
        "depthWrite": true, 
        "blending": "NormalBlending", 
        "shading": "Lambert", 
        "DbgName": "lambert1", 
        "transparent": true, 
        "depthTest": true, 
        "vertexColors": false
    }], 
    "normals": [-0.89620751, 0.13570812, -0.42236853, -0.89620757, 0.13570814, -0.42236856, -0.89620763, 0.13570815, -0.42236859, -0.89620757, 0.13570814, -0.4223685, -0.68377596, 0.2231106, 0.69474608, -0.68377584, 0.2231106, 0.69474608, -0.6837759, 0.2231106, 0.69474608, -0.68377584, 0.2231106, 0.69474602, -0.31989455, 0.09911164, 0.94225496, -0.31989452, 0.09911163, 0.94225496, -0.31989452, 0.09911162, 0.9422549, -0.31989452, 0.09911163, 0.94225496, 0.66163021, -0.39515242, 0.63725972, 0.66163027, -0.39515239, 0.63725972, 0.66163021, -0.39515239, 0.63725972, 0.66163027, -0.39515245, 0.63725972, 0.63448793, -0.40477538, -0.65846914, 0.63448799, -0.40477544, -0.65846926, 0.63448799, -0.40477544, -0.65846926, 0.63448805, -0.40477547, -0.65846926, 0.22336408, -0.26467812, -0.93811184, 0.2233641, -0.26467812, -0.93811184, 0.2233641, -0.26467815, -0.9381119, 0.22336408, -0.26467812, -0.93811184, -0.63292181, 0.41640857, -0.65269744, -0.63292181, 0.41640857, -0.65269738, -0.63292176, 0.41640854, -0.65269738, -0.63292181, 0.4164086, -0.65269744, -0.63706094, 0.40821251, 0.65384704, -0.63706088, 0.40821245, 0.65384698, -0.63706088, 0.40821248, 0.65384698, -0.63706094, 0.40821251, 0.65384698, -0.2172122, 0.26514149, 0.93942463, -0.21721219, 0.26514146, 0.93942475, -0.2172122, 0.26514146, 0.93942469, -0.21721223, 0.26514152, 0.93942481, 0.91102624, -0.10971877, 0.39748308, 0.9110263, -0.10971878, 0.39748311, 0.9110263, -0.10971879, 0.39748317, 0.9110263, -0.10971878, 0.39748311, 0.68960494, -0.20929898, -0.69328123, 0.68960488, -0.20929898, -0.69328129, 0.68960488, -0.20929898, -0.69328129, 0.68960488, -0.20929898, -0.69328129, 0.32303986, -0.08438541, -0.94261563, 0.32303986, -0.08438541, -0.94261569, 0.32303989, -0.08438541, -0.94261575, 0.32303986, -0.08438541, -0.94261563, -0.96117246, -0.27578717, 0.00943102, -0.9611724, -0.27578717, 0.00943102, -0.9611724, -0.27578717, 0.00943102, -0.70594287, -0.01013547, 0.70819622, -0.70594293, -0.01013547, 0.70819622, -0.70594287, -0.01013547, 0.70819622, -0.42625919, -0.10544235, 0.89843482, -0.42625922, -0.10544235, 0.89843476, -0.42625919, -0.10544235, 0.89843476, 0.12926015, -0.64737046, 0.75113463, 0.12926018, -0.64737046, 0.75113469, 0.12926017, -0.64737046, 0.75113463, 0.44486579, -0.73842657, -0.50677454, 0.44486579, -0.73842663, -0.5067746, 0.44486576, -0.73842663, -0.50677454, -0.00078633, -0.58656228, -0.80990374, -0.00078633, -0.58656228, -0.80990374, -0.00078633, -0.58656228, -0.80990368, 0.1174015, 0.68279314, -0.7211175, 0.1174015, 0.68279314, -0.7211175, 0.1174015, 0.68279308, -0.7211175, -0.19172853, 0.94932455, 0.24904448, -0.19172856, 0.94932449, 0.24904451, -0.19172856, 0.94932449, 0.24904452, 0.24636275, 0.80003607, 0.54703534, 0.24636273, 0.80003601, 0.54703528, 0.24636275, 0.80003607, 0.54703528, 0.8847912, 0.42128772, -0.19915125, 0.88479125, 0.42128775, -0.19915125, 0.88479114, 0.42128769, -0.19915123, 0.70696354, 0.16471687, -0.68780142, 0.7069636, 0.16471688, -0.68780136, 0.7069636, 0.16471691, -0.68780148, 0.47514173, 0.24371433, -0.84548432, 0.47514167, 0.2437143, -0.84548426, 0.47514173, 0.24371433, -0.84548432], 
    "metadata": {
        "formatVersion": 3.1, 
        "generatedBy": "Maya Exporter"
    }
}