{
    "uvs": [[0.0, 0.25, 0.1666666716337204, 0.25, 0.3333333432674408, 0.25, 0.5, 0.25, 0.6666666865348816, 0.25, 0.8333333730697632, 0.25, 1.0, 0.25, 0.0, 0.5, 0.1666666716337204, 0.5, 0.3333333432674408, 0.5, 0.5, 0.5, 0.6666666865348816, 0.5, 0.8333333730697632, 0.5, 1.0, 0.5, 0.0, 0.75, 0.1666666716337204, 0.75, 0.3333333432674408, 0.75, 0.5, 0.75, 0.6666666865348816, 0.75, 0.8333333730697632, 0.75, 1.0, 0.75, 0.0833333358168602, 0.0, 0.25, 0.0, 0.4166666865348816, 0.0, 0.5833333730697632, 0.0, 0.75, 0.0, 0.9166666865348816, 0.0, 0.0833333358168602, 1.0, 0.25, 1.0, 0.4166666865348816, 1.0, 0.5833333730697632, 1.0, 0.75, 1.0, 0.9166666865348816, 1.0]], 
    "faces": [41, 0, 1, 7, 6, 0, 1, 8, 7, 0, 1, 2, 3, 41, 1, 2, 8, 7, 1, 2, 9, 8, 4, 5, 6, 7, 41, 2, 3, 9, 8, 2, 3, 10, 9, 8, 9, 10, 11, 41, 3, 4, 10, 9, 3, 4, 11, 10, 12, 13, 14, 15, 41, 4, 5, 11, 10, 4, 5, 12, 11, 16, 17, 18, 19, 41, 5, 0, 6, 11, 5, 6, 13, 12, 20, 21, 22, 23, 41, 6, 7, 13, 12, 7, 8, 15, 14, 24, 25, 26, 27, 41, 7, 8, 14, 13, 8, 9, 16, 15, 28, 29, 30, 31, 41, 8, 9, 15, 14, 9, 10, 17, 16, 32, 33, 34, 35, 41, 9, 10, 16, 15, 10, 11, 18, 17, 36, 37, 38, 39, 41, 10, 11, 17, 16, 11, 12, 19, 18, 40, 41, 42, 43, 41, 11, 6, 12, 17, 12, 13, 20, 19, 44, 45, 46, 47, 40, 1, 0, 18, 1, 0, 21, 48, 49, 50, 40, 2, 1, 18, 2, 1, 22, 51, 52, 53, 40, 3, 2, 18, 3, 2, 23, 54, 55, 56, 40, 4, 3, 18, 4, 3, 24, 57, 58, 59, 40, 5, 4, 18, 5, 4, 25, 60, 61, 62, 40, 0, 5, 18, 6, 5, 26, 63, 64, 65, 40, 12, 13, 19, 14, 15, 27, 66, 67, 68, 40, 13, 14, 19, 15, 16, 28, 69, 70, 71, 40, 14, 15, 19, 16, 17, 29, 72, 73, 74, 40, 15, 16, 19, 17, 18, 30, 75, 76, 77, 40, 16, 17, 19, 18, 19, 31, 78, 79, 80, 40, 17, 12, 19, 19, 20, 32, 81, 82, 83], 
    "vertices": [-0.01246505, 0.12329132, -0.07937026, -0.10700064, 0.0167454, 0.01176733, -0.11460858, -0.03287619, 0.10274418, -0.02768093, 0.02404911, 0.10258353, 0.06685443, 0.13059551, 0.01144594, 0.07446236, 0.18021709, -0.07953088, -0.14598518, 0.37021119, -0.01697814, -0.28897004, 0.20966513, 0.12081861, -0.3038383, 0.13460643, 0.25454816, -0.17572182, 0.22009379, 0.25048119, -0.03273707, 0.3806401, 0.11268449, -0.01786905, 0.45569903, -0.02104501, -0.26879888, 0.52596528, 0.11135763, -0.36947291, 0.41306073, 0.20836806, -0.37977057, 0.3602956, 0.30271584, -0.28939443, 0.42043526, 0.30005336, -0.18872028, 0.53333933, 0.20304298, -0.17842226, 0.58610422, 0.10869507, 0.04581494, -0.02708285, -0.03783691, -0.32165807, 0.52898199, 0.2383925], 
    "materials": [{
        "opacity": 0.0, 
        "colorDiffuse": [0.4000000059604645, 0.4000000059604645, 0.4000000059604645], 
        "depthWrite": true, 
        "blending": "NormalBlending", 
        "shading": "Lambert", 
        "DbgName": "lambert1", 
        "transparent": true, 
        "depthTest": true, 
        "vertexColors": false
    }], 
    "normals": [-0.60787225, -0.1307371, -0.783198, -0.60787219, -0.1307371, -0.78319806, -0.60787219, -0.13073711, -0.783198, -0.60787219, -0.13073711, -0.783198, -0.76780462, -0.52455717, -0.36785319, -0.7678045, -0.52455711, -0.36785313, -0.76780462, -0.52455717, -0.36785316, -0.76780456, -0.52455717, -0.36785319, 0.29910553, -0.42630947, 0.85369545, 0.29910555, -0.4263095, 0.85369557, 0.29910558, -0.42630953, 0.85369557, 0.29910555, -0.42630947, 0.85369551, 0.69992018, -0.01030449, 0.71414661, 0.69992024, -0.01030449, 0.71414667, 0.6999203, -0.0103045, 0.71414667, 0.69992024, -0.01030449, 0.71414667, 0.93285054, 0.26725021, 0.2415933, 0.93285048, 0.26725021, 0.24159329, 0.93285042, 0.26725021, 0.24159327, 0.93285048, 0.26725021, 0.24159332, -0.13129303, 0.16925579, -0.97678787, -0.13129303, 0.16925579, -0.97678787, -0.13129304, 0.16925584, -0.97678798, -0.13129303, 0.16925581, -0.97678787, -0.70753908, 0.02399545, -0.70626664, -0.70753914, 0.02399545, -0.70626664, -0.70753914, 0.02399545, -0.7062667, -0.70753914, 0.02399545, -0.70626664, -0.93256062, -0.26115271, -0.24925873, -0.93256062, -0.26115271, -0.24925876, -0.93256062, -0.26115271, -0.24925873, -0.93256062, -0.26115271, -0.24925871, 0.13841604, -0.16252907, 0.97694695, 0.13841604, -0.16252908, 0.97694695, 0.13841602, -0.16252907, 0.97694689, 0.13841601, -0.16252907, 0.97694683, 0.59795529, 0.14421608, 0.78844845, 0.59795535, 0.14421608, 0.78844845, 0.59795541, 0.14421608, 0.78844851, 0.59795535, 0.14421609, 0.78844851, 0.74943161, 0.53885716, 0.38468835, 0.74943167, 0.53885716, 0.38468835, 0.74943167, 0.53885722, 0.38468838, 0.74943167, 0.5388571, 0.38468829, -0.31939274, 0.4404321, -0.83905178, -0.31939271, 0.44043204, -0.83905172, -0.31939268, 0.44043207, -0.83905172, -0.31939268, 0.44043207, -0.83905178, -0.38247353, -0.38075674, -0.8418659, -0.38247353, -0.38075674, -0.84186596, -0.38247353, -0.38075674, -0.84186596, -0.38053435, -0.79810923, -0.46713498, -0.38053438, -0.79810923, -0.46713501, -0.38053435, -0.79810923, -0.46713498, 0.47216997, -0.71958876, 0.50916356, 0.47217, -0.7195887, 0.50916356, 0.47216997, -0.7195887, 0.50916356, 0.80873328, -0.27106228, 0.52199203, 0.80873328, -0.27106231, 0.52199209, 0.80873317, -0.27106228, 0.52199197, 0.99079293, -0.13507383, 0.00918166, 0.99079299, -0.13507384, 0.00918166, 0.99079293, -0.13507386, 0.00918166, 0.13809071, -0.21359742, -0.96711272, 0.13809071, -0.21359745, -0.96711278, 0.13809071, -0.21359743, -0.96711272, -0.82827121, 0.43357316, -0.35493809, -0.82827121, 0.43357319, -0.35493815, -0.82827121, 0.43357322, -0.35493812, -0.92868453, 0.35752678, 0.0985889, -0.92868441, 0.35752672, 0.09858889, -0.92868441, 0.35752675, 0.09858889, -0.25360382, 0.41969156, 0.87151825, -0.25360385, 0.41969159, 0.87151825, -0.25360385, 0.41969156, 0.87151825, 0.20194831, 0.5284459, 0.8245979, 0.20194833, 0.5284459, 0.8245979, 0.20194833, 0.52844596, 0.82459795, 0.1030784, 0.86329478, 0.49406156, 0.1030784, 0.86329484, 0.49406165, 0.1030784, 0.8632949, 0.49406165, -0.5421313, 0.80388445, -0.24466994, -0.54213136, 0.80388439, -0.24466993, -0.5421313, 0.80388445, -0.24466993], 
    "metadata": {
        "formatVersion": 3.1, 
        "generatedBy": "Maya Exporter"
    }
}