{
    "uvs": [[0.0, 0.25, 0.1666666716337204, 0.25, 0.3333333432674408, 0.25, 0.5, 0.25, 0.6666666865348816, 0.25, 0.8333333730697632, 0.25, 1.0, 0.25, 0.0, 0.5, 0.1666666716337204, 0.5, 0.3333333432674408, 0.5, 0.5, 0.5, 0.6666666865348816, 0.5, 0.8333333730697632, 0.5, 1.0, 0.5, 0.0, 0.75, 0.1666666716337204, 0.75, 0.3333333432674408, 0.75, 0.5, 0.75, 0.6666666865348816, 0.75, 0.8333333730697632, 0.75, 1.0, 0.75, 0.0833333358168602, 0.0, 0.25, 0.0, 0.4166666865348816, 0.0, 0.5833333730697632, 0.0, 0.75, 0.0, 0.9166666865348816, 0.0, 0.0833333358168602, 1.0, 0.25, 1.0, 0.4166666865348816, 1.0, 0.5833333730697632, 1.0, 0.75, 1.0, 0.9166666865348816, 1.0]], 
    "faces": [41, 0, 1, 7, 6, 0, 1, 8, 7, 0, 1, 2, 3, 41, 1, 2, 8, 7, 1, 2, 9, 8, 4, 5, 6, 7, 41, 2, 3, 9, 8, 2, 3, 10, 9, 8, 9, 10, 11, 41, 3, 4, 10, 9, 3, 4, 11, 10, 12, 13, 14, 15, 41, 4, 5, 11, 10, 4, 5, 12, 11, 16, 17, 18, 19, 41, 5, 0, 6, 11, 5, 6, 13, 12, 20, 21, 22, 23, 41, 6, 7, 13, 12, 7, 8, 15, 14, 24, 25, 26, 27, 41, 7, 8, 14, 13, 8, 9, 16, 15, 28, 29, 30, 31, 41, 8, 9, 15, 14, 9, 10, 17, 16, 32, 33, 34, 35, 41, 9, 10, 16, 15, 10, 11, 18, 17, 36, 37, 38, 39, 41, 10, 11, 17, 16, 11, 12, 19, 18, 40, 41, 42, 43, 41, 11, 6, 12, 17, 12, 13, 20, 19, 44, 45, 46, 47, 40, 1, 0, 18, 1, 0, 21, 48, 49, 50, 40, 2, 1, 18, 2, 1, 22, 51, 52, 53, 40, 3, 2, 18, 3, 2, 23, 54, 55, 56, 40, 4, 3, 18, 4, 3, 24, 57, 58, 59, 40, 5, 4, 18, 5, 4, 25, 60, 61, 62, 40, 0, 5, 18, 6, 5, 26, 63, 64, 65, 40, 12, 13, 19, 14, 15, 27, 66, 67, 68, 40, 13, 14, 19, 15, 16, 28, 69, 70, 71, 40, 14, 15, 19, 16, 17, 29, 72, 73, 74, 40, 15, 16, 19, 17, 18, 30, 75, 76, 77, 40, 16, 17, 19, 18, 19, 31, 78, 79, 80, 40, 17, 12, 19, 19, 20, 32, 81, 82, 83], 
    "vertices": [-0.04474412, 0.12581189, -0.02153057, -0.05978929, 0.10308941, 0.03170943, 0.00620769, 0.07301935, 0.07112063, 0.08724995, 0.06567152, 0.05729187, 0.10229515, 0.08839401, 0.00405186, 0.03629808, 0.11846407, -0.03535937, -0.02850355, 0.32480939, -0.02174294, -0.05115382, 0.29079088, 0.05868644, 0.0424885, 0.24706992, 0.11716343, 0.1587811, 0.23736795, 0.09521168, 0.1814314, 0.27138646, 0.01478231, 0.08778898, 0.31510719, -0.04369497, 0.03434677, 0.46298893, 0.01262021, 0.01842244, 0.43911441, 0.06922811, 0.08468346, 0.40828904, 0.11044583, 0.16686885, 0.40133842, 0.09505552, 0.18279318, 0.42521294, 0.0384475, 0.11653219, 0.45603832, -0.00277023, 0.00121988, 0.01067026, 0.00859511, 0.11192645, 0.48175391, 0.06131461], 
    "materials": [{
        "opacity": 0.0, 
        "colorDiffuse": [0.4000000059604645, 0.4000000059604645, 0.4000000059604645], 
        "depthWrite": true, 
        "blending": "NormalBlending", 
        "shading": "Lambert", 
        "DbgName": "lambert1", 
        "transparent": true, 
        "depthTest": true, 
        "vertexColors": false
    }], 
    "normals": [-0.96770674, 0.07882407, -0.23943804, -0.96770668, 0.07882407, -0.23943804, -0.96770656, 0.07882405, -0.23943803, -0.96770668, 0.07882407, -0.23943806, -0.55285382, -0.09837755, 0.82745051, -0.55285388, -0.09837754, 0.82745051, -0.55285388, -0.09837756, 0.82745057, -0.55285388, -0.09837755, 0.82745051, 0.14823496, -0.27678636, 0.94942909, 0.14823498, -0.27678636, 0.94942909, 0.14823498, -0.27678639, 0.94942915, 0.14823498, -0.27678639, 0.94942909, 0.91247189, -0.39963338, 0.08768307, 0.91247189, -0.39963344, 0.08768309, 0.91247177, -0.39963335, 0.08768307, 0.91247177, -0.39963338, 0.08768307, 0.46376252, -0.1540703, -0.87246013, 0.46376252, -0.15407032, -0.87246013, 0.46376249, -0.1540703, -0.87246007, 0.46376246, -0.15407027, -0.87246001, -0.1776385, 0.00914984, -0.98405331, -0.1776385, 0.00914984, -0.98405331, -0.17763849, 0.00914984, -0.98405325, -0.17763849, 0.00914984, -0.98405325, -0.90091509, 0.42783689, -0.0728528, -0.90091521, 0.42783689, -0.07285281, -0.90091509, 0.42783689, -0.07285279, -0.90091515, 0.42783692, -0.07285281, -0.46819171, 0.15831737, 0.8693285, -0.46819171, 0.15831737, 0.86932856, -0.46819171, 0.15831737, 0.8693285, -0.46819165, 0.15831736, 0.86932844, 0.18426691, -0.00771735, 0.9828459, 0.18426691, -0.00771735, 0.98284584, 0.18426692, -0.00771735, 0.9828459, 0.18426692, -0.00771735, 0.98284584, 0.96655178, -0.0473858, 0.25205564, 0.9665519, -0.0473858, 0.25205562, 0.9665519, -0.0473858, 0.25205562, 0.9665519, -0.0473858, 0.25205564, 0.56520897, 0.12108468, -0.81601304, 0.56520891, 0.12108468, -0.81601304, 0.56520897, 0.12108469, -0.8160131, 0.56520897, 0.12108468, -0.8160131, -0.15152758, 0.30347595, -0.94071341, -0.15152761, 0.30347601, -0.94071347, -0.15152758, 0.30347592, -0.94071335, -0.15152757, 0.30347595, -0.94071341, -0.80486375, -0.42867607, -0.41040376, -0.80486375, -0.42867601, -0.41040373, -0.80486369, -0.42867598, -0.41040373, -0.59892458, -0.54265851, 0.58890682, -0.59892452, -0.54265851, 0.58890682, -0.59892452, -0.54265839, 0.58890676, 0.05561822, -0.70922667, 0.70278317, 0.05561821, -0.70922661, 0.70278305, 0.05561822, -0.70922673, 0.70278311, 0.59634227, -0.78524828, -0.1666159, 0.59634233, -0.7852484, -0.16661595, 0.59634227, -0.7852484, -0.16661593, 0.30242914, -0.44263631, -0.84416205, 0.30242914, -0.44263631, -0.84416205, 0.30242917, -0.44263634, -0.84416199, -0.18741885, -0.31798261, -0.92938751, -0.18741885, -0.31798264, -0.92938751, -0.18741883, -0.31798261, -0.92938745, -0.38120922, 0.88534945, 0.26615015, -0.38120922, 0.88534951, 0.26615015, -0.38120916, 0.88534945, 0.26615012, -0.20589642, 0.59560847, 0.77643871, -0.20589641, 0.59560853, 0.77643865, -0.20589642, 0.59560859, 0.77643877, 0.20026077, 0.49225104, 0.84710354, 0.2002608, 0.49225101, 0.8471036, 0.20026079, 0.49225104, 0.8471036, 0.64196253, 0.62497687, 0.44417107, 0.64196253, 0.62497687, 0.44417101, 0.64196253, 0.62497687, 0.44417104, 0.54226601, 0.79251444, -0.27904904, 0.54226601, 0.7925145, -0.27904904, 0.54226601, 0.7925145, -0.27904904, 0.00887077, 0.92825007, -0.37185085, 0.00887077, 0.92825013, -0.37185088, 0.00887077, 0.92825001, -0.37185085], 
    "metadata": {
        "formatVersion": 3.1, 
        "generatedBy": "Maya Exporter"
    }
}