{
    "uvs": [[0.0, 0.25, 0.1666666716337204, 0.25, 0.3333333432674408, 0.25, 0.5, 0.25, 0.6666666865348816, 0.25, 0.8333333730697632, 0.25, 1.0, 0.25, 0.0, 0.5, 0.1666666716337204, 0.5, 0.3333333432674408, 0.5, 0.5, 0.5, 0.6666666865348816, 0.5, 0.8333333730697632, 0.5, 1.0, 0.5, 0.0, 0.75, 0.1666666716337204, 0.75, 0.3333333432674408, 0.75, 0.5, 0.75, 0.6666666865348816, 0.75, 0.8333333730697632, 0.75, 1.0, 0.75, 0.0833333358168602, 0.0, 0.25, 0.0, 0.4166666865348816, 0.0, 0.5833333730697632, 0.0, 0.75, 0.0, 0.9166666865348816, 0.0, 0.0833333358168602, 1.0, 0.25, 1.0, 0.4166666865348816, 1.0, 0.5833333730697632, 1.0, 0.75, 1.0, 0.9166666865348816, 1.0]], 
    "faces": [41, 0, 1, 7, 6, 0, 1, 8, 7, 0, 1, 2, 3, 41, 1, 2, 8, 7, 1, 2, 9, 8, 4, 5, 6, 7, 41, 2, 3, 9, 8, 2, 3, 10, 9, 8, 9, 10, 11, 41, 3, 4, 10, 9, 3, 4, 11, 10, 12, 13, 14, 15, 41, 4, 5, 11, 10, 4, 5, 12, 11, 16, 17, 18, 19, 41, 5, 0, 6, 11, 5, 6, 13, 12, 20, 21, 22, 23, 41, 6, 7, 13, 12, 7, 8, 15, 14, 24, 25, 26, 27, 41, 7, 8, 14, 13, 8, 9, 16, 15, 28, 29, 30, 31, 41, 8, 9, 15, 14, 9, 10, 17, 16, 32, 33, 34, 35, 41, 9, 10, 16, 15, 10, 11, 18, 17, 36, 37, 38, 39, 41, 10, 11, 17, 16, 11, 12, 19, 18, 40, 41, 42, 43, 41, 11, 6, 12, 17, 12, 13, 20, 19, 44, 45, 46, 47, 40, 1, 0, 18, 1, 0, 21, 48, 49, 50, 40, 2, 1, 18, 2, 1, 22, 51, 52, 53, 40, 3, 2, 18, 3, 2, 23, 54, 55, 56, 40, 4, 3, 18, 4, 3, 24, 57, 58, 59, 40, 5, 4, 18, 5, 4, 25, 60, 61, 62, 40, 0, 5, 18, 6, 5, 26, 63, 64, 65, 40, 12, 13, 19, 14, 15, 27, 66, 67, 68, 40, 13, 14, 19, 15, 16, 28, 69, 70, 71, 40, 14, 15, 19, 16, 17, 29, 72, 73, 74, 40, 15, 16, 19, 17, 18, 30, 75, 76, 77, 40, 16, 17, 19, 18, 19, 31, 78, 79, 80, 40, 17, 12, 19, 19, 20, 32, 81, 82, 83], 
    "vertices": [-0.10290476, 0.16841686, 0.14196593, 0.14731449, 0.04253519, 0.13289195, 0.26741767, -0.02040565, -0.00969768, 0.13730175, 0.04253519, -0.14321333, -0.11291748, 0.16841686, -0.13413936, -0.23302072, 0.2313577, 0.00845032, 0.11512906, 0.8078804, 0.19736493, 0.51638514, 0.65275669, 0.1828137, 0.70971436, 0.57519478, -0.02573723, 0.50178725, 0.65275663, -0.21973687, 0.10053093, 0.80788028, -0.20518565, -0.09279799, 0.88544214, 0.00336525, 0.27002925, 1.10062617, 0.13271785, 0.5524481, 0.99159724, 0.12247622, 0.6884963, 0.93708283, -0.02496778, 0.54212594, 0.99159724, -0.16217005, 0.25970686, 1.10062617, -0.15192837, 0.12365854, 1.15514058, -0.00448438, -0.07326102, -0.07457012, 0.00265676, 0.44747407, 1.1479134, -0.01622732], 
    "materials": [{
        "opacity": 0.0, 
        "colorDiffuse": [0.4000000059604645, 0.4000000059604645, 0.4000000059604645], 
        "depthWrite": true, 
        "blending": "NormalBlending", 
        "shading": "Lambert", 
        "DbgName": "lambert1", 
        "transparent": true, 
        "depthTest": true, 
        "vertexColors": false
    }], 
    "normals": [-7.288e-05, -0.0839461, 0.99647033, -7.288e-05, -0.08394609, 0.99647021, -7.288e-05, -0.08394609, 0.99647027, -7.288e-05, -0.08394609, 0.99647021, 0.58935201, -0.41601932, 0.69252574, 0.58935207, -0.41601938, 0.69252586, 0.58935213, -0.41601938, 0.69252586, 0.58935201, -0.41601932, 0.69252574, 0.53764236, -0.41601953, -0.7333951, 0.53764242, -0.41601959, -0.7333951, 0.5376423, -0.41601953, -0.7333951, 0.53764236, -0.41601956, -0.7333951, -0.07225006, -0.08394611, -0.99384749, -0.07225007, -0.08394611, -0.99384761, -0.07225006, -0.08394609, -0.99384749, -0.07225006, -0.08394611, -0.99384755, -0.70623732, 0.15240277, -0.69137698, -0.70623738, 0.15240279, -0.69137704, -0.70623738, 0.15240279, -0.69137704, -0.70623732, 0.15240277, -0.69137704, -0.65430373, 0.15240273, 0.74071586, -0.65430373, 0.15240273, 0.74071586, -0.65430367, 0.15240273, 0.74071586, -0.65430367, 0.15240273, 0.74071592, 0.09905783, 0.16426449, 0.98142993, 0.09905782, 0.16426449, 0.98142987, 0.09905782, 0.16426447, 0.98142982, 0.09905783, 0.1642645, 0.98142993, 0.74097747, 0.04128024, 0.67025995, 0.74097747, 0.04128024, 0.67025989, 0.74097741, 0.04128024, 0.67025989, 0.74097747, 0.04128024, 0.67025989, 0.69048256, 0.04128017, -0.72217005, 0.69048262, 0.04128017, -0.72217011, 0.69048262, 0.04128017, -0.72217011, 0.69048262, 0.04128017, -0.72217011, 0.02770958, 0.16426432, -0.986027, 0.02770958, 0.16426431, -0.986027, 0.02770958, 0.16426434, -0.98602712, 0.02770958, 0.16426434, -0.98602706, -0.57276785, 0.43844306, -0.69260722, -0.57276785, 0.43844306, -0.6926071, -0.57276779, 0.43844306, -0.69260716, -0.57276779, 0.43844303, -0.6926071, -0.52109575, 0.43844345, 0.73227495, -0.52109569, 0.43844339, 0.73227495, -0.52109575, 0.43844342, 0.73227489, -0.52109575, 0.43844345, 0.73227495, -0.22391461, -0.50516206, 0.83347076, -0.22391459, -0.50516206, 0.8334707, -0.22391461, -0.50516212, 0.83347076, 0.15339614, -0.84978741, 0.5043124, 0.15339614, -0.84978735, 0.50431234, 0.15339614, -0.84978741, 0.50431234, 0.11646423, -0.84978759, -0.51409829, 0.11646422, -0.84978753, -0.51409829, 0.11646423, -0.84978759, -0.51409829, -0.28369731, -0.50516212, -0.81506258, -0.28369731, -0.50516212, -0.81506264, -0.28369731, -0.50516212, -0.81506258, -0.78056842, -0.39850372, -0.48156807, -0.78056836, -0.39850369, -0.48156801, -0.78056836, -0.39850366, -0.48156801, -0.74363649, -0.39850348, 0.53684229, -0.74363655, -0.39850351, 0.53684235, -0.74363655, -0.39850354, 0.53684229, 0.30692345, 0.73865139, 0.60015994, 0.30692348, 0.73865145, 0.60016, 0.30692348, 0.73865151, 0.60016006, 0.63030344, 0.70729482, 0.32008049, 0.63030344, 0.70729482, 0.32008055, 0.6303035, 0.70729482, 0.32008055, 0.60546356, 0.70729512, -0.36489409, 0.6054635, 0.707295, -0.364894, 0.60546345, 0.70729494, -0.364894, 0.26264581, 0.73865211, -0.62081426, 0.26264581, 0.73865205, -0.6208142, 0.26264581, 0.73865205, -0.62081426, 0.00867068, 0.9404847, -0.3397252, 0.00867068, 0.94048476, -0.3397252, 0.00867068, 0.9404847, -0.3397252, 0.03325525, 0.94048488, 0.33820438, 0.03325525, 0.94048488, 0.33820435, 0.03325525, 0.94048488, 0.33820435], 
    "metadata": {
        "formatVersion": 3.1, 
        "generatedBy": "Maya Exporter"
    }
}