{
    "uvs": [[0.49999988079071045, 0.35534873604774475, 0.49999988079071045, 0.4487402141094208, 0.49999988079071045, 0.6252585053443909, 0.49999988079071045, 0.7577859163284302, 0.49999988079071045, 0.7672168016433716, 0.49999985098838806, 0.6324418187141418, 0.49999988079071045, 0.4383840262889862, 0.49999988079071045, 0.34432077407836914, 0.5000001192092896, 0.3088516891002655, 0.4110715687274933, 0.35501158237457275, 0.42683374881744385, 0.3454521894454956, 0.38142889738082886, 0.4485863447189331, 0.40244489908218384, 0.439493864774704, 0.3978969156742096, 0.625041127204895, 0.41599419713020325, 0.6334137916564941, 0.4250756800174713, 0.7567758560180664, 0.4383554756641388, 0.7676718235015869, 0.49999988079071045, 0.9110278487205505, 0.5889285206794739, 0.35501164197921753, 0.5731663107872009, 0.3454521596431732, 0.6185715198516846, 0.4485863447189331, 0.5975552797317505, 0.439493864774704, 0.6021031737327576, 0.625041127204895, 0.5840058922767639, 0.6334137916564941, 0.5749244093894958, 0.7567758560180664, 0.5616444945335388, 0.7676717638969421]], 
    "faces": [40, 0, 2, 1, 8, 0, 18, 0, 1, 2, 40, 0, 3, 2, 8, 9, 0, 0, 3, 1, 41, 1, 2, 5, 4, 18, 0, 1, 20, 2, 1, 4, 5, 41, 2, 3, 6, 5, 0, 9, 11, 1, 1, 3, 6, 4, 41, 4, 5, 8, 7, 20, 1, 2, 22, 5, 4, 7, 8, 41, 5, 6, 9, 8, 1, 11, 13, 2, 4, 6, 9, 7, 41, 7, 8, 11, 10, 22, 2, 3, 24, 8, 7, 10, 11, 41, 8, 9, 12, 11, 2, 13, 15, 3, 7, 9, 12, 10, 40, 10, 11, 13, 24, 3, 17, 11, 10, 13, 40, 11, 12, 13, 3, 15, 17, 10, 12, 13, 40, 13, 15, 14, 17, 4, 25, 13, 14, 15, 40, 13, 16, 15, 17, 16, 4, 13, 16, 14, 41, 14, 15, 18, 17, 25, 4, 5, 23, 15, 14, 17, 18, 41, 15, 16, 19, 18, 4, 16, 14, 5, 14, 16, 19, 17, 41, 17, 18, 21, 20, 23, 5, 6, 21, 18, 17, 20, 21, 41, 18, 19, 22, 21, 5, 14, 12, 6, 17, 19, 22, 20, 41, 20, 21, 24, 23, 21, 6, 7, 19, 21, 20, 23, 24, 41, 21, 22, 25, 24, 6, 12, 10, 7, 20, 22, 25, 23, 40, 23, 24, 0, 19, 7, 8, 24, 23, 0, 40, 24, 25, 0, 7, 10, 8, 23, 25, 0, 40, 0, 25, 3, 8, 10, 9, 0, 25, 3, 41, 3, 25, 22, 6, 9, 10, 12, 11, 3, 25, 22, 6, 41, 6, 22, 19, 9, 11, 12, 14, 13, 6, 22, 19, 9, 41, 9, 19, 16, 12, 13, 14, 16, 15, 9, 19, 16, 12, 40, 12, 16, 13, 15, 16, 17, 12, 16, 13, 40, 0, 1, 23, 8, 18, 19, 0, 2, 24, 41, 23, 1, 4, 20, 19, 18, 20, 21, 24, 2, 5, 21, 41, 20, 4, 7, 17, 21, 20, 22, 23, 21, 5, 8, 18, 41, 17, 7, 10, 14, 23, 22, 24, 25, 18, 8, 11, 15, 40, 14, 10, 13, 25, 24, 17, 15, 11, 13], 
    "vertices": [0.0, -0.02756643, -0.01735224, -0.44999981, 0.19819379, 0.04258832, 0.0, 0.19819379, 0.04917926, 0.44999981, 0.19819379, 0.04258832, -0.5999999, 0.72805369, -0.1053717, 0.0, 0.7281357, -0.10266901, 0.5999999, 0.72805369, -0.1053717, -0.51666641, 1.65611839, -0.11904034, 0.0, 1.65817595, -0.12246997, 0.51666641, 1.65611839, -0.11904034, -0.37913609, 2.26554728, 0.18212122, 0.0, 2.26554036, 0.20189534, 0.37913609, 2.26554728, 0.18212122, 0.0, 2.94478726, 0.66299009, -0.31193638, 2.36544538, 0.0223252, 0.0, 2.36544538, 0.01343099, 0.31193638, 2.36544538, 0.0223252, -0.42508984, 1.75790453, -0.33521405, 0.0, 1.76094687, -0.36557183, 0.42508984, 1.75790453, -0.33521405, -0.49365282, 0.74863988, -0.35996971, 0.0, 0.74996603, -0.38661781, 0.49365282, 0.74863988, -0.35996971, -0.37023973, 0.19819367, -0.14431176, 0.0, 0.19819367, -0.16643196, 0.37023973, 0.19819367, -0.14431176], 
    "materials": [], 
    "normals": [-1.9e-07, -0.98146439, 0.19164419, -0.0, 0.18917713, 0.98194301, -0.39756671, 0.05253184, 0.91606832, 0.39756668, 0.05253212, 0.91606832, -0.0, 0.10940893, 0.9939968, -0.51245797, 0.05561162, 0.85690963, 0.51245803, 0.05561198, 0.85690951, 0.0, -0.16272129, 0.9866721, -0.56951982, -0.05175129, 0.82034689, 0.56951976, -0.05174992, 0.82034701, 0.0, -0.49316263, 0.86993718, -0.54435158, -0.27111161, 0.79383868, 0.54435158, -0.27111045, 0.79383892, -8e-08, 0.32480574, 0.94578087, -0.0, 0.60353953, -0.79733312, -0.43155116, 0.60558128, -0.66860676, 0.43155092, 0.60558146, -0.66860664, -0.0, 0.20895396, -0.97792548, -0.39832932, 0.22442701, -0.88936287, 0.3983292, 0.22442742, -0.88936281, 0.0, -0.11755919, -0.99306589, -0.42359772, -0.1041849, -0.89983922, 0.42359772, -0.10418465, -0.89983922, -0.0, -0.40209475, -0.91559809, -0.38876894, -0.47827458, -0.78747207, 0.38876888, -0.47827438, -0.78747213], 
    "metadata": {
        "formatVersion": 3.1, 
        "generatedBy": "Maya Exporter"
    }
}