{
    "uvs": [[0.9187659025192261, 0.6360651850700378, 0.8562235832214355, 0.7588114738464355, 0.8562235832214355, 0.7588114738464355, 0.9187659025192261, 0.6360651850700378, 0.7588115930557251, 0.8562233448028564, 0.7588115930557251, 0.8562233448028564, 0.6360653042793274, 0.918765664100647, 0.6360653042793274, 0.918765664100647, 0.5000001192092896, 0.9403162002563477, 0.5000001192092896, 0.9403162002563477, 0.36393487453460693, 0.9187655448913574, 0.36393487453460693, 0.9187655448913574, 0.241188645362854, 0.8562232255935669, 0.241188645362854, 0.8562232255935669, 0.14377674460411072, 0.758811354637146, 0.14377674460411072, 0.758811354637146, 0.08123451471328735, 0.6360651850700378, 0.08123451471328735, 0.6360651850700378, 0.05968385934829712, 0.4999999403953552, 0.05968385934829712, 0.4999999403953552, 0.08123451471328735, 0.3639347553253174, 0.08123451471328735, 0.3639347553253174, 0.1437768042087555, 0.24118852615356445, 0.1437768042087555, 0.24118852615356445, 0.24118876457214355, 0.14377662539482117, 0.24118876457214355, 0.14377662539482117, 0.3639349341392517, 0.08123442530632019, 0.3639349341392517, 0.08123442530632019, 0.5000001192092896, 0.059683769941329956, 0.5000001192092896, 0.059683769941329956, 0.6360653042793274, 0.08123442530632019, 0.6360653042793274, 0.08123442530632019, 0.7588114738464355, 0.14377668499946594, 0.7588114738464355, 0.14377668499946594, 0.8562233448028564, 0.24118858575820923, 0.8562233448028564, 0.24118858575820923, 0.9187655448913574, 0.3639347553253174, 0.9187655448913574, 0.3639347553253174, 0.9403162598609924, 0.4999999403953552, 0.9403162598609924, 0.4999999403953552, 0.5000001192092896, 0.4999999403953552, 0.5000001192092896, 0.4999999403953552]], 
    "faces": [41, 0, 1, 21, 20, 0, 1, 2, 3, 0, 1, 2, 3, 41, 1, 2, 22, 21, 1, 4, 5, 2, 1, 4, 5, 2, 41, 2, 3, 23, 22, 4, 6, 7, 5, 4, 6, 7, 5, 41, 3, 4, 24, 23, 6, 8, 9, 7, 6, 8, 9, 7, 41, 4, 5, 25, 24, 8, 10, 11, 9, 8, 10, 11, 9, 41, 5, 6, 26, 25, 10, 12, 13, 11, 10, 12, 13, 11, 41, 6, 7, 27, 26, 12, 14, 15, 13, 12, 14, 15, 13, 41, 7, 8, 28, 27, 14, 16, 17, 15, 14, 16, 17, 15, 41, 8, 9, 29, 28, 16, 18, 19, 17, 16, 18, 19, 17, 41, 9, 10, 30, 29, 18, 20, 21, 19, 18, 20, 21, 19, 41, 10, 11, 31, 30, 20, 22, 23, 21, 20, 22, 23, 21, 41, 11, 12, 32, 31, 22, 24, 25, 23, 22, 24, 25, 23, 41, 12, 13, 33, 32, 24, 26, 27, 25, 24, 26, 27, 25, 41, 13, 14, 34, 33, 26, 28, 29, 27, 26, 28, 29, 27, 41, 14, 15, 35, 34, 28, 30, 31, 29, 28, 30, 31, 29, 41, 15, 16, 36, 35, 30, 32, 33, 31, 30, 32, 33, 31, 41, 16, 17, 37, 36, 32, 34, 35, 33, 32, 34, 35, 33, 41, 17, 18, 38, 37, 34, 36, 37, 35, 34, 36, 37, 35, 41, 18, 19, 39, 38, 36, 38, 39, 37, 36, 38, 39, 37, 41, 19, 0, 20, 39, 38, 0, 3, 39, 38, 0, 3, 39, 40, 1, 0, 40, 1, 0, 40, 40, 41, 42, 40, 2, 1, 40, 4, 1, 40, 43, 40, 42, 40, 3, 2, 40, 6, 4, 40, 44, 43, 42, 40, 4, 3, 40, 8, 6, 40, 45, 44, 42, 40, 5, 4, 40, 10, 8, 40, 46, 45, 42, 40, 6, 5, 40, 12, 10, 40, 47, 46, 42, 40, 7, 6, 40, 14, 12, 40, 48, 47, 42, 40, 8, 7, 40, 16, 14, 40, 49, 48, 42, 40, 9, 8, 40, 18, 16, 40, 50, 49, 42, 40, 10, 9, 40, 20, 18, 40, 51, 50, 42, 40, 11, 10, 40, 22, 20, 40, 52, 51, 42, 40, 12, 11, 40, 24, 22, 40, 53, 52, 42, 40, 13, 12, 40, 26, 24, 40, 54, 53, 42, 40, 14, 13, 40, 28, 26, 40, 55, 54, 42, 40, 15, 14, 40, 30, 28, 40, 56, 55, 42, 40, 16, 15, 40, 32, 30, 40, 57, 56, 42, 40, 17, 16, 40, 34, 32, 40, 58, 57, 42, 40, 18, 17, 40, 36, 34, 40, 59, 58, 42, 40, 19, 18, 40, 38, 36, 40, 60, 59, 42, 40, 0, 19, 40, 0, 38, 40, 41, 60, 42, 40, 20, 21, 41, 3, 2, 41, 61, 62, 63, 40, 21, 22, 41, 2, 5, 41, 62, 64, 63, 40, 22, 23, 41, 5, 7, 41, 64, 65, 63, 40, 23, 24, 41, 7, 9, 41, 65, 66, 63, 40, 24, 25, 41, 9, 11, 41, 66, 67, 63, 40, 25, 26, 41, 11, 13, 41, 67, 68, 63, 40, 26, 27, 41, 13, 15, 41, 68, 69, 63, 40, 27, 28, 41, 15, 17, 41, 69, 70, 63, 40, 28, 29, 41, 17, 19, 41, 70, 71, 63, 40, 29, 30, 41, 19, 21, 41, 71, 72, 63, 40, 30, 31, 41, 21, 23, 41, 72, 73, 63, 40, 31, 32, 41, 23, 25, 41, 73, 74, 63, 40, 32, 33, 41, 25, 27, 41, 74, 75, 63, 40, 33, 34, 41, 27, 29, 41, 75, 76, 63, 40, 34, 35, 41, 29, 31, 41, 76, 77, 63, 40, 35, 36, 41, 31, 33, 41, 77, 78, 63, 40, 36, 37, 41, 33, 35, 41, 78, 79, 63, 40, 37, 38, 41, 35, 37, 41, 79, 80, 63, 40, 38, 39, 41, 37, 39, 41, 80, 81, 63, 40, 39, 20, 41, 39, 3, 41, 81, 61, 63], 
    "vertices": [0.95105714, 0.00151542, -0.30901718, 0.80901754, 0.00151542, -0.5877856, 0.5877856, 0.00151542, -0.80901748, 0.30901715, 0.00151542, -0.95105702, 0.0, 0.00151542, -1.00000048, -0.30901715, 0.00151542, -0.95105696, -0.58778548, 0.00151542, -0.8090173, -0.80901724, 0.00151542, -0.58778542, -0.95105678, 0.00151542, -0.30901706, -1.00000024, 0.00151542, 0.0, -0.95105678, 0.00151542, 0.30901706, -0.80901718, 0.00151542, 0.58778536, -0.58778536, 0.00151542, 0.80901712, -0.30901706, 0.00151542, 0.95105666, -3e-08, 0.00151542, 1.00000012, 0.30901697, 0.00151542, 0.9510566, 0.58778524, 0.00151542, 0.80901706, 0.809017, 0.00151542, 0.5877853, 0.95105654, 0.00151542, 0.309017, 1.0, 0.00151542, 0.0, 0.95105714, 0.10151542, -0.30901718, 0.80901754, 0.10151542, -0.5877856, 0.5877856, 0.10151542, -0.80901748, 0.30901715, 0.10151542, -0.95105702, 0.0, 0.10151542, -1.00000048, -0.30901715, 0.10151542, -0.95105696, -0.58778548, 0.10151542, -0.8090173, -0.80901724, 0.10151542, -0.58778542, -0.95105678, 0.10151542, -0.30901706, -1.00000024, 0.10151542, 0.0, -0.95105678, 0.10151542, 0.30901706, -0.80901718, 0.10151542, 0.58778536, -0.58778536, 0.10151542, 0.80901712, -0.30901706, 0.10151542, 0.95105666, -3e-08, 0.10151542, 1.00000012, 0.30901697, 0.10151542, 0.9510566, 0.58778524, 0.10151542, 0.80901706, 0.809017, 0.10151542, 0.5877853, 0.95105654, 0.10151542, 0.309017, 1.0, 0.10151542, 0.0, 0.0, 0.00151542, 0.0, 0.0, 0.10151542, 0.0], 
    "materials": [], 
    "normals": [0.95105684, 0.0, -0.30901602, 0.80901694, 0.0, -0.5877853, 0.80901694, 0.0, -0.5877853, 0.95105684, 0.0, -0.30901602, 0.58778501, 0.0, -0.80901706, 0.58778501, 0.0, -0.80901706, 0.30901673, 0.0, -0.95105648, 0.30901673, 0.0, -0.95105648, 0.0, 0.0, -1.0, 0.0, 0.0, -1.0, -0.30901706, 0.0, -0.95105654, -0.30901706, 0.0, -0.95105654, -0.58778554, 0.0, -0.80901682, -0.58778554, 0.0, -0.80901682, -0.80901718, 0.0, -0.58778507, -0.80901718, 0.0, -0.58778507, -0.95105654, 0.0, -0.30901694, -0.95105654, 0.0, -0.30901694, -1.0, 0.0, 0.0, -1.0, 0.0, 0.0, -0.95105648, 0.0, 0.309017, -0.95105648, 0.0, 0.309017, -0.80901694, 0.0, 0.58778536, -0.80901694, 0.0, 0.58778536, -0.58778518, 0.0, 0.809017, -0.58778518, 0.0, 0.809017, -0.309017, 0.0, 0.95105654, -0.309017, 0.0, 0.95105654, 1.2e-07, 0.0, 1.0, 1.2e-07, 0.0, 1.0, 0.30901715, 0.0, 0.95105648, 0.30901715, 0.0, 0.95105648, 0.5877853, 0.0, 0.809017, 0.5877853, 0.0, 0.809017, 0.809017, 0.0, 0.5877853, 0.809017, 0.0, 0.5877853, 0.95105648, 0.0, 0.30901697, 0.95105648, 0.0, 0.30901697, 1.0, 0.0, 9.7e-07, 1.0, 0.0, 9.7e-07, 0.0, -0.99999994, 0.0, 0.0, -1.0, 0.0, 0.0, -0.99999994, -0.0, 0.0, -0.99999994, 0.0, 0.0, -1.00000012, 0.0, 0.0, -1.0, 0.0, 0.0, -0.99999994, 0.0, 0.0, -0.99999994, 0.0, 0.0, -1.0, -0.0, 0.0, -0.99999994, -0.0, 0.0, -0.99999994, 0.0, 0.0, -1.0, 0.0, 0.0, -0.99999994, 0.0, 0.0, -1.0, 0.0, 0.0, -1.0, -0.0, 0.0, -1.0, -0.0, 0.0, -1.0, 0.0, 0.0, -1.0, -0.0, 0.0, -0.99999994, -0.0, 0.0, -1.0, 0.0, 0.0, -1.00000012, 0.0, 0.0, 1.0, 0.0, 0.0, 0.99999994, -2e-08, 0.0, 0.99999994, -1e-08, 0.0, 0.99999994, -2e-08, 0.0, 1.00000012, 0.0, 0.0, 1.0, 0.0, 0.0, 0.99999994, 0.0, 0.0, 0.99999994, -1e-08, 0.0, 0.99999994, 1e-08, 0.0, 0.99999994, 2e-08, 0.0, 0.99999994, 0.0, 0.0, 1.0, -2e-08, 0.0, 0.99999994, -2e-08, 0.0, 1.0, 0.0, 0.0, 1.0, -1e-08, 0.0, 1.0, -1e-08, 0.0, 1.0, 1e-08, 0.0, 1.0, -0.0, 0.0, 0.99999994, -1e-08, 0.0, 1.0, 0.0, 0.0, 1.00000012, 0.0], 
    "metadata": {
        "formatVersion": 3.1, 
        "generatedBy": "Maya Exporter"
    }
}