{
    "uvs": [[0.6744006276130676, 0.4523342251777649, 0.8441196084022522, 0.9380995035171509, 0.8441196084022522, 0.8297119140625, 0.9833155870437622, 0.8297119140625, 0.9833155870437622, 0.9380995035171509, 0.7049227356910706, 0.9380995035171509, 0.7049227356910706, 0.8297119140625, 0.6744006276130676, 0.4523342251777649, 0.6744006276130676, 0.4523342251777649, 0.6847755312919617, 0.9363831281661987, 0.6847755312919617, 0.8418557643890381, 0.4637969136238098, 0.5699532628059387, 0.8809833526611328, 0.5699532628059387, 0.8809833526611328, 0.7593817710876465, 0.6723899841308594, 0.832808792591095, 0.4637969136238098, 0.7593817710876465, 0.6847755312919617, 0.8413729071617126, 0.6847755312919617, 0.935900092124939, 0.5509592294692993, 0.8413729071617126, 0.5509592294692993, 0.935900092124939, 0.5509592294692993, 0.9363831281661987, 0.5509592294692993, 0.8418557643890381, 0.46787044405937195, 0.9363831281661987, 0.46787044405937195, 0.8418557643890381, 0.46787044405937195, 0.8413729071617126, 0.46787044405937195, 0.935900092124939, 0.4637969136238098, 0.4523342251777649, 0.8809833526611328, 0.4523342251777649, 0.8249616026878357, 0.9734897613525391, 0.4601057469844818, 0.9734897613525391, 0.4601057469844818, 0.9502955675125122, 0.8249616026878357, 0.9502955675125122, 0.6744006276130676, 0.4523342251777649]], 
    "faces": [41, 0, 1, 2, 3, 0, 32, 8, 7, 0, 1, 2, 3, 41, 4, 5, 6, 7, 1, 2, 3, 4, 4, 5, 6, 7, 41, 4, 8, 9, 5, 1, 5, 6, 2, 8, 9, 10, 11, 41, 6, 11, 13, 7, 9, 20, 21, 10, 12, 13, 14, 15, 40, 9, 6, 5, 15, 13, 14, 16, 17, 18, 41, 10, 9, 8, 12, 18, 16, 17, 19, 19, 20, 21, 22, 41, 11, 3, 2, 13, 20, 22, 23, 21, 23, 24, 25, 26, 41, 0, 10, 12, 1, 24, 18, 19, 25, 27, 28, 29, 30, 41, 3, 11, 10, 0, 27, 12, 11, 26, 31, 32, 33, 34, 41, 13, 12, 10, 11, 28, 29, 30, 31, 35, 36, 37, 38, 41, 10, 11, 6, 9, 11, 12, 13, 15, 39, 40, 17, 16], 
    "vertices": [2.88005638, 2.82165813, 1.33091629, 3.34615135, 2.82165813, 0.51968098, 5.42980289, 2.82165813, 1.71683741, 4.96370983, 2.82165813, 2.52807283, 4.38798141, 5.01326752, 1.11826181, 3.92188835, 5.01326752, 1.92949712, 4.96370983, 4.5903244, 2.52807283, 5.42980289, 4.5903244, 1.71683741, 3.34615135, 4.5903244, 0.51968098, 2.88005638, 4.5903244, 1.33091629, 2.88005638, 3.49916506, 1.33091629, 4.96370983, 3.49916506, 2.52807283, 3.34615135, 3.49916506, 0.51968098, 5.42980289, 3.49916506, 1.71683741], 
    "materials": [], 
    "normals": [0.0, -0.99999994, 2.1e-07, 0.0, -1.0, 2.1e-07, 0.0, -0.99999994, 0.0, 0.0, -0.99999994, 0.0, 0.28786361, 0.94328165, 0.16539122, 0.28786361, 0.94328165, 0.16539122, 0.28786361, 0.94328165, 0.16539122, 0.28786361, 0.94328165, 0.16539122, -0.28786361, 0.94328165, -0.16539122, -0.28786361, 0.94328165, -0.16539122, -0.28786361, 0.94328165, -0.16539122, -0.28786361, 0.94328165, -0.16539122, 0.86707592, 0.0, 0.49817601, 0.86707592, 0.0, 0.49817601, 0.86707592, 0.0, 0.49817601, 0.86707592, 0.0, 0.49817601, -0.49817601, 0.0, 0.86707592, -0.49817601, 0.0, 0.86707592, -0.49817601, 0.0, 0.86707592, -0.86707592, 0.0, -0.49817601, -0.86707592, 0.0, -0.49817601, -0.86707592, 0.0, -0.49817601, -0.86707592, 0.0, -0.49817601, 0.86707592, 0.0, 0.49817601, 0.86707592, 0.0, 0.49817601, 0.86707592, 0.0, 0.49817601, 0.86707592, 0.0, 0.49817601, -0.86707592, 0.0, -0.49817601, -0.86707592, 0.0, -0.49817601, -0.86707592, 0.0, -0.49817601, -0.86707592, 0.0, -0.49817601, -0.49817601, 0.0, 0.86707592, -0.49817601, 0.0, 0.86707592, -0.49817601, 0.0, 0.86707592, -0.49817601, 0.0, 0.86707592, 0.0, 0.99999994, 0.0, 0.0, 0.99999994, 0.0, 0.0, 0.99999994, 0.0, 0.0, 0.99999994, 0.0, -0.49817601, 0.0, 0.86707592, -0.49817601, 0.0, 0.86707592], 
    "metadata": {
        "formatVersion": 3.1, 
        "generatedBy": "Maya Exporter"
    }
}