{
    "uvs": [[0.0, 0.20000000298023224, 0.1666666716337204, 0.20000000298023224, 0.3333333432674408, 0.20000000298023224, 0.5, 0.20000000298023224, 0.6666666865348816, 0.20000000298023224, 0.8333333730697632, 0.20000000298023224, 1.0, 0.20000000298023224, 0.0, 0.4000000059604645, 0.1666666716337204, 0.4000000059604645, 0.3333333432674408, 0.4000000059604645, 0.5, 0.4000000059604645, 0.6666666865348816, 0.4000000059604645, 0.8333333730697632, 0.4000000059604645, 1.0, 0.4000000059604645, 0.0, 0.6000000238418579, 0.1666666716337204, 0.6000000238418579, 0.3333333432674408, 0.6000000238418579, 0.5, 0.6000000238418579, 0.6666666865348816, 0.6000000238418579, 0.8333333730697632, 0.6000000238418579, 1.0, 0.6000000238418579, 0.0, 0.800000011920929, 0.1666666716337204, 0.800000011920929, 0.3333333432674408, 0.800000011920929, 0.5, 0.800000011920929, 0.6666666865348816, 0.800000011920929, 0.8333333730697632, 0.800000011920929, 1.0, 0.800000011920929, 0.0833333358168602, 0.0, 0.25, 0.0, 0.4166666865348816, 0.0, 0.5833333730697632, 0.0, 0.75, 0.0, 0.9166666865348816, 0.0, 0.0833333358168602, 1.0, 0.25, 1.0, 0.4166666865348816, 1.0, 0.5833333730697632, 1.0, 0.75, 1.0, 0.9166666865348816, 1.0, 0.0, 0.0, 1.0, 0.0, 1.0, 1.0, 0.0, 1.0, 0.0, 0.0, 1.0, 0.0, 1.0, 1.0, 0.0, 1.0, 0.0, 0.0, 1.0, 0.0, 1.0, 1.0, 0.0, 1.0, 0.0, 0.0, 1.0, 0.0, 1.0, 1.0, 0.0, 1.0, 0.0, 0.0, 1.0, 0.0, 1.0, 1.0, 0.0, 1.0, 0.0, 0.0, 1.0, 0.0, 1.0, 1.0, 0.0, 1.0, 0.0, 0.0, 1.0, 0.0, 1.0, 1.0, 0.0, 1.0, 0.0, 0.0, 1.0, 0.0, 1.0, 1.0, 0.0, 1.0, 0.0, 0.0, 1.0, 0.0, 1.0, 1.0, 0.0, 1.0, 0.0, 0.0, 1.0, 0.0, 1.0, 1.0, 0.0, 1.0, 0.0, 0.0, 1.0, 0.0, 1.0, 1.0, 0.0, 1.0, 0.0, 0.0, 1.0, 0.0, 1.0, 1.0, 0.0, 1.0]], 
    "faces": [41, 0, 1, 7, 6, 0, 1, 8, 7, 0, 1, 2, 3, 41, 1, 2, 8, 7, 1, 2, 9, 8, 1, 4, 5, 2, 41, 2, 3, 9, 8, 2, 3, 10, 9, 4, 6, 7, 5, 41, 3, 4, 10, 9, 3, 4, 11, 10, 6, 8, 9, 7, 41, 4, 5, 11, 10, 4, 5, 12, 11, 8, 10, 11, 9, 41, 5, 0, 6, 11, 5, 6, 13, 12, 10, 0, 3, 11, 41, 6, 7, 13, 12, 7, 8, 15, 14, 3, 2, 12, 13, 41, 7, 8, 14, 13, 8, 9, 16, 15, 2, 5, 14, 12, 41, 8, 9, 15, 14, 9, 10, 17, 16, 5, 7, 15, 14, 41, 9, 10, 16, 15, 10, 11, 18, 17, 7, 9, 16, 15, 41, 10, 11, 17, 16, 11, 12, 19, 18, 9, 11, 17, 16, 41, 11, 6, 12, 17, 12, 13, 20, 19, 11, 3, 13, 17, 41, 12, 13, 19, 18, 14, 15, 22, 21, 13, 12, 18, 19, 41, 13, 14, 20, 19, 15, 16, 23, 22, 12, 14, 20, 18, 41, 14, 15, 21, 20, 16, 17, 24, 23, 14, 15, 21, 20, 41, 15, 16, 22, 21, 17, 18, 25, 24, 15, 16, 22, 21, 41, 16, 17, 23, 22, 18, 19, 26, 25, 16, 17, 23, 22, 41, 17, 12, 18, 23, 19, 20, 27, 26, 17, 13, 19, 23, 40, 1, 0, 24, 1, 0, 28, 24, 25, 26, 40, 2, 1, 24, 2, 1, 29, 27, 28, 29, 40, 3, 2, 24, 3, 2, 30, 30, 31, 32, 40, 4, 3, 24, 4, 3, 31, 33, 34, 35, 40, 5, 4, 24, 5, 4, 32, 36, 37, 38, 40, 0, 5, 24, 6, 5, 33, 39, 40, 41, 40, 18, 19, 25, 21, 22, 34, 42, 43, 44, 40, 19, 20, 25, 22, 23, 35, 45, 46, 47, 40, 20, 21, 25, 23, 24, 36, 48, 49, 50, 40, 21, 22, 25, 24, 25, 37, 51, 52, 53, 40, 22, 23, 25, 25, 26, 38, 54, 55, 56, 40, 23, 18, 25, 26, 27, 39, 57, 58, 59, 41, 18, 19, 27, 26, 40, 41, 42, 43, 60, 61, 62, 63, 41, 19, 20, 28, 27, 44, 45, 46, 47, 64, 65, 66, 67, 41, 20, 21, 29, 28, 48, 49, 50, 51, 68, 69, 70, 71, 41, 21, 22, 30, 29, 52, 53, 54, 55, 72, 73, 74, 75, 41, 22, 23, 31, 30, 56, 57, 58, 59, 76, 77, 78, 79, 41, 23, 18, 26, 31, 60, 61, 62, 63, 80, 81, 82, 83, 41, 0, 32, 33, 1, 64, 67, 66, 65, 84, 85, 86, 87, 41, 1, 33, 34, 2, 68, 71, 70, 69, 88, 89, 90, 91, 41, 2, 34, 35, 3, 72, 75, 74, 73, 92, 93, 94, 95, 41, 3, 35, 36, 4, 76, 79, 78, 77, 96, 97, 98, 99, 41, 4, 36, 37, 5, 80, 83, 82, 81, 100, 101, 102, 103, 41, 5, 37, 32, 0, 84, 87, 86, 85, 104, 105, 106, 107], 
    "vertices": [0.05422185, -0.22298757, -0.09391493, -0.0542218, -0.22298757, -0.09391495, -0.10844363, -0.22298757, -2e-08, -0.05422183, -0.22298757, 0.09391494, 0.05422181, -0.22298757, 0.09391494, 0.10844363, -0.22298757, -0.0, 0.11462809, -0.07448985, -0.19854153, -0.11462798, -0.07448985, -0.19854158, -0.22925604, -0.07448985, -3e-08, -0.11462805, -0.07448985, 0.19854155, 0.11462802, -0.07448985, 0.19854156, 0.22925604, -0.07448985, 0.0, 0.11462809, 0.07448985, -0.19854153, -0.11462798, 0.07448985, -0.19854158, -0.22925604, 0.07448985, -3e-08, -0.11462805, 0.07448985, 0.19854155, 0.11462802, 0.07448985, 0.19854156, 0.22925604, 0.07448985, 0.0, 0.05403006, 0.22260376, -0.09358275, -0.05403001, 0.22260376, -0.09358276, -0.10806007, 0.22260376, -2e-08, -0.05403004, 0.22260376, 0.09358275, 0.05403003, 0.22260376, 0.09358275, 0.10806005, 0.22260376, -0.0, 0.0, -0.24683204, -0.0, -0.0, 0.2472161, -0.0, -0.03992654, 0.3076543, -0.23357552, -0.22224559, 0.37470419, -0.08221033, -0.18231906, 0.3076543, 0.15136519, 0.03992657, 0.37470419, 0.2335755, 0.22224559, 0.3076543, 0.08221032, 0.18231905, 0.37470419, -0.15136522, 0.2056441, -0.34977153, -0.1561778, -0.03243191, -0.42929869, -0.25618178, -0.23807592, -0.34977153, -0.10000409, -0.20564408, -0.42929869, 0.15617783, 0.03243209, -0.34977153, 0.25618181, 0.23807606, -0.42929869, 0.10000395], 
    "materials": [],