{
    "uvs": [[0.4951423704624176, 0.5999657511711121, 0.3919949233531952, 0.616644024848938, 0.31596827507019043, 0.19046708941459656, 0.49444156885147095, 0.185354083776474, 0.4581895172595978, 0.6987284421920776, 0.33545351028442383, 0.005422442685812712, 0.46105384826660156, 0.001904022297821939, 0.7488683462142944, 0.010243174619972706, 0.8441193699836731, 0.001904022297821939, 0.8441193699836731, 0.4338638186454773, 0.6902306079864502, 0.4364202618598938, 0.9393703937530518, 0.010243174619972706, 0.9980080127716064, 0.4364203214645386, 0.8441193699836731, 0.6197056770324707, 0.7353035807609558, 0.6214648485183716, 0.9529350399971008, 0.6214648485183716, 0.579094409942627, 0.08398842066526413, 0.6822418570518494, 0.10066672414541245, 0.6815409660339355, 0.5152783393859863, 0.503067672252655, 0.5101655721664429, 0.6452890634536743, 0.001904022297821939, 0.6481533050537109, 0.6987284421920776, 0.5225529670715332, 0.6952100396156311, 0.06062965467572212, 0.10066672414541245, 0.15588074922561646, 0.10900580883026123, 0.15588074922561646, 0.5178346633911133, 0.0019920128397643566, 0.5152783393859863, 0.15588074922561646, 0.001904022297821939, 0.2511318325996399, 0.10066672414541245, 0.30976933240890503, 0.5152783393859863, 0.15588074922561646, 0.7004876136779785, 0.04706503823399544, 0.6987284421920776, 0.2646964490413666, 0.6987284421920776, 0.3425602614879608, 0.7979707717895508, 0.39413395524024963, 0.7027197480201721, 0.460328608751297, 0.7979707717895508, 0.39413395524024963, 0.8932217955589294, 0.6840952634811401, 0.7655200958251953, 0.6840952634811401, 0.891120433807373, 0.5752795934677124, 0.8345807790756226, 0.5752795934677124, 0.9539206027984619, 0.5752795934677124, 0.7027199268341064, 0.4664638638496399, 0.891120433807373, 0.4664638638496399, 0.7655200958251953]], 
    "faces": [41, 0, 1, 7, 6, 0, 1, 2, 3, 0, 1, 2, 3, 41, 1, 2, 8, 7, 7, 8, 9, 10, 4, 5, 6, 7, 41, 2, 3, 9, 8, 8, 11, 12, 9, 8, 9, 10, 11, 41, 3, 4, 10, 9, 16, 17, 18, 19, 12, 13, 14, 15, 41, 4, 5, 11, 10, 23, 24, 25, 26, 16, 17, 18, 19, 41, 5, 0, 6, 11, 24, 28, 29, 25, 20, 21, 22, 23, 41, 6, 7, 13, 12, 3, 2, 5, 6, 24, 25, 26, 27, 41, 7, 8, 14, 13, 10, 9, 13, 14, 28, 29, 30, 31, 41, 8, 9, 15, 14, 9, 12, 15, 13, 32, 33, 34, 35, 41, 9, 10, 16, 15, 19, 18, 21, 22, 36, 37, 38, 39, 41, 10, 11, 17, 16, 26, 25, 30, 31, 40, 41, 42, 43, 41, 11, 6, 12, 17, 25, 29, 32, 30, 44, 45, 46, 47, 40, 1, 0, 18, 1, 0, 4, 48, 49, 50, 40, 2, 1, 18, 33, 34, 35, 51, 52, 53, 40, 3, 2, 18, 36, 33, 35, 54, 55, 56, 40, 4, 3, 18, 17, 16, 20, 57, 58, 59, 40, 5, 4, 18, 24, 23, 27, 60, 61, 62, 40, 0, 5, 18, 28, 24, 27, 63, 64, 65, 40, 12, 13, 19, 37, 38, 39, 66, 67, 68, 40, 13, 14, 19, 38, 40, 39, 69, 70, 71, 40, 14, 15, 19, 40, 42, 39, 72, 73, 74, 40, 15, 16, 19, 42, 43, 39, 75, 76, 77, 40, 16, 17, 19, 43, 41, 39, 78, 79, 80, 40, 17, 12, 19, 41, 37, 39, 81, 82, 83], 
    "vertices": [0.05770007, 0.21610546, -0.28008503, -0.24560428, 0.16706309, -0.28008512, -0.39725646, 0.14254189, -5e-08, -0.24560436, 0.16706307, 0.28008503, 0.05769998, 0.21610545, 0.28008509, 0.20935217, 0.24062663, -0.0, 0.05563936, 1.4352684, -0.45250863, -0.46916022, 1.42023408, -0.45250875, -0.73156007, 1.41271698, -8e-08, -0.4691604, 1.4202342, 0.45250869, 0.05563921, 1.43526828, 0.45250872, 0.31803901, 1.44278538, 0.0, -0.042537, 1.97470236, -0.31997195, -0.41186392, 1.96435666, -0.31997201, -0.59652748, 1.95918369, -6e-08, -0.41186404, 1.96435666, 0.31997195, -0.04253709, 1.97470236, 0.31997198, 0.14212636, 1.97987521, 0.0, -0.05095947, -0.0743056, -0.0, -0.24560941, 2.14973068, 0.0], 
    "materials": [{
        "opacity": 0.0, 
        "colorDiffuse": [0.4000000059604645, 0.4000000059604645, 0.4000000059604645], 
        "depthWrite": true, 
        "blending": "NormalBlending", 
        "shading": "Lambert", 
        "DbgName": "lambert1", 
        "transparent": true, 
        "depthTest": true, 
        "vertexColors": false
    }], 
    "normals": [0.01061542, -0.13718702, -0.99048823, 0.01061541, -0.13718703, -0.99048829, 0.01061542, -0.13718703, -0.99048823, 0.01061541, -0.13718699, -0.99048811, -0.84506655, -0.22012095, -0.48724663, -0.84506649, -0.22012095, -0.48724663, -0.84506649, -0.22012094, -0.48724663, -0.84506649, -0.22012097, -0.48724663, -0.84506667, -0.22012098, 0.48724633, -0.84506679, -0.220121, 0.48724636, -0.84506673, -0.22012101, 0.48724636, -0.84506673, -0.220121, 0.4872463, 0.01061507, -0.13718709, 0.99048829, 0.01061507, -0.13718708, 0.99048829, 0.01061507, -0.13718709, 0.99048829, 0.01061507, -0.13718706, 0.99048811, 0.86961281, -0.0730665, 0.48829791, 0.86961275, -0.0730665, 0.48829788, 0.86961281, -0.0730665, 0.48829788, 0.86961287, -0.07306651, 0.48829794, 0.86961293, -0.0730665, -0.4882977, 0.86961293, -0.0730665, -0.4882977, 0.86961293, -0.0730665, -0.48829773, 0.86961287, -0.07306649, -0.48829761, -0.00673794, 0.23738049, -0.97139335, -0.00673794, 0.2373805, -0.97139335, -0.00673794, 0.23738052, -0.97139341, -0.00673794, 0.2373805, -0.97139329, -0.8479194, 0.20875292, -0.4872933, -0.84791946, 0.20875292, -0.4872933, -0.8479194, 0.20875293, -0.48729333, -0.8479194, 0.20875292, -0.4872933, -0.84791958, 0.20875297, 0.48729295, -0.84791964, 0.208753, 0.487293, -0.84791946, 0.20875297, 0.48729292, -0.84791964, 0.208753, 0.487293, -0.00673811, 0.23738047, 0.97139329, -0.00673811, 0.23738047, 0.97139335, -0.00673812, 0.2373805, 0.97139341, -0.00673812, 0.23738049, 0.97139341, 0.83108908, 0.27136499, 0.48543984, 0.83108902, 0.27136502, 0.48543987, 0.83108908, 0.27136499, 0.4854399, 0.83108908, 0.27136502, 0.4854399, 0.83108914, 0.27136508, -0.48543963, 0.8310892, 0.27136511, -0.48543972, 0.83108926, 0.27136514, -0.48543972, 0.8310892, 0.27136511, -0.48543975, 0.11505357, -0.7115519, -0.69314975, 0.11505357, -0.71155196, -0.69314981, 0.11505356, -0.71155185, -0.69314969, -0.49910215, -0.79704678, -0.34001985, -0.49910212, -0.79704672, -0.34001982, -0.49910215, -0.79704678, -0.34001985, -0.49910223, -0.79704678, 0.34001961, -0.49910223, -0.79704672, 0.34001961, -0.49910218, -0.79704666, 0.34001961, 0.11505323, -0.71155185, 0.69314975, 0.11505324, -0.7115519, 0.69314981, 0.11505323, -0.71155185, 0.69314975, 0.72485667, -0.59914052, 0.34001979, 0.72485673, -0.59914052, 0.34001979, 0.72485662, -0.59914041, 0.34001976, 0.72485673, -0.59914052, -0.3400197, 0.72485667, -0.59914047, -0.34001967, 0.72485662, -0.59914047, -0.34001967, -0.02438363, 0.87046325, -0.4916288, -0.02438364, 0.87046337, -0.49162886, -0.02438363, 0.87046337, -0.49162886, -0.46169725, 0.8502782, -0.25271037, -0.46169725, 0.8502782, -0.25271037, -0.46169728, 0.8502782, -0.25271037, -0.46169731, 0.85027814, 0.25271031, -0.46169731, 0.85027814, 0.25271031, -0.46169734, 0.8502782, 0.25271034, -0.02438374, 0.87046343, 0.49162877, -0.02438374, 0.87046337, 0.49162874, -0.02438374, 0.87046343, 0.49162877, 0.38960597, 0.88936877, 0.23922899, 0.38960591, 0.88936871, 0.23922895, 0.38960591, 0.88936865, 0.23922895, 0.38960591, 0.88936865, -0.23922898, 0.38960591, 0.88936871, -0.23922898, 0.38960591, 0.88936865, -0.23922898], 
    "metadata": {
        "formatVersion": 3.1, 
        "generatedBy": "Maya Exporter"
    }
}