{
    "uvs": [[0.7611440420150757, 0.34674519300460815, 0.6960817575454712, 0.386310875415802, 0.49098214507102966, 0.19916710257530212, 0.586825430393219, 0.14261546730995178, 0.8434799909591675, 0.4683394730091095, 0.3802836835384369, 0.04189394414424896, 0.44791096448898315, 0.0019528751727193594, 0.20182287693023682, 0.38121548295021057, 0.12248029559850693, 0.34678786993026733, 0.2372811883687973, 0.14033903181552887, 0.3554515540599823, 0.1894323229789734, 0.040207087993621826, 0.47352054715156555, 0.0019919523037970066, 0.351925790309906, 0.05547529086470604, 0.14779670536518097, 0.290150910615921, 0.0019527116091921926, 0.3733874559402466, 0.03671303763985634, 0.1622392237186432, 0.007133782375603914, 0.9670144319534302, 0.6862688064575195, 0.8488442301750183, 0.7353618144989014, 0.7580525279045105, 0.5637563467025757, 0.8412894010543823, 0.5289959907531738, 0.9980079531669617, 0.8734126091003418, 0.9186657071113586, 0.907840371131897, 0.667037844657898, 0.7279037833213806, 0.6301411390304565, 0.5585752725601196, 0.6934598684310913, 0.4723312258720398, 0.7981770634651184, 0.9027021527290344, 0.5854663848876953, 0.5186338424682617, 0.4356240928173065, 0.6867820620536804, 0.339780330657959, 0.6302312612533569, 0.5117031335830688, 0.4775119721889496, 0.57933109998703, 0.5174533724784851, 0.2700479328632355, 0.8615802526473999, 0.20498615503311157, 0.8220143914222717, 0.14607225358486176, 0.8989615440368652, 0.14939020574092865, 0.9783037900924683, 0.0019919523037970066, 0.898942232131958, 0.07769235223531723, 0.7784726619720459, 0.012630576267838478, 0.737326443195343, 0.05830339342355728, 0.650098443031311, 0.13122358918190002, 0.5221867561340332, 0.17530716955661774, 0.625341534614563, 0.19885121285915375, 0.4775119721889496, 0.053010161966085434, 0.733335018157959]], 
    "faces": [41, 0, 1, 7, 6, 8, 12, 13, 9, 0, 1, 2, 3, 41, 1, 2, 8, 7, 0, 1, 2, 3, 4, 5, 6, 7, 41, 2, 3, 9, 8, 21, 22, 18, 17, 8, 9, 10, 11, 41, 3, 4, 10, 9, 22, 26, 23, 18, 12, 13, 14, 15, 41, 4, 5, 11, 10, 32, 33, 29, 28, 16, 17, 18, 19, 41, 5, 0, 6, 11, 7, 8, 9, 10, 20, 21, 22, 23, 41, 6, 7, 13, 12, 9, 13, 16, 14, 24, 25, 26, 27, 41, 7, 8, 14, 13, 3, 2, 5, 6, 28, 29, 30, 31, 41, 8, 9, 15, 14, 17, 18, 19, 20, 32, 33, 34, 35, 41, 9, 10, 16, 15, 18, 23, 24, 19, 36, 37, 38, 39, 41, 10, 11, 17, 16, 28, 29, 30, 31, 40, 41, 42, 43, 41, 11, 6, 12, 17, 10, 9, 14, 15, 44, 45, 46, 47, 40, 1, 0, 18, 12, 8, 11, 48, 49, 50, 40, 2, 1, 18, 1, 0, 4, 51, 52, 53, 40, 3, 2, 18, 34, 35, 36, 54, 55, 56, 40, 4, 3, 18, 37, 34, 36, 57, 58, 59, 40, 5, 4, 18, 38, 37, 36, 60, 61, 62, 40, 0, 5, 18, 8, 7, 11, 63, 64, 65, 40, 12, 13, 19, 39, 40, 41, 66, 67, 68, 40, 13, 14, 19, 40, 42, 41, 69, 70, 71, 40, 14, 15, 19, 20, 19, 25, 72, 73, 74, 40, 15, 16, 19, 19, 24, 25, 75, 76, 77, 40, 16, 17, 19, 24, 27, 25, 78, 79, 80, 40, 17, 12, 19, 43, 39, 41, 81, 82, 83], 
    "vertices": [0.09413905, -0.03546672, 0.07156503, 0.08799798, 0.04626126, -0.0724436, 0.04070831, 0.12402338, -0.12162179, -0.00043988, 0.12005777, -0.02679133, 0.00570155, 0.03832979, 0.11721751, 0.0529908, -0.03943258, 0.16639571, 0.34088797, 0.13086457, 0.20877576, 0.33197445, 0.25460739, -0.00851983, 0.26438422, 0.36916012, -0.08457774, 0.20570785, 0.35997028, 0.05666006, 0.21462149, 0.23622722, 0.27395594, 0.28221125, 0.12167425, 0.35001364, 0.50628824, 0.33348424, 0.27196586, 0.50009567, 0.42063899, 0.11908519, 0.45235748, 0.50146789, 0.06568947, 0.41081185, 0.49514169, 0.16517457, 0.41700429, 0.40798683, 0.31805527, 0.46474237, 0.32715768, 0.37145096, -0.05733281, -0.05214792, -0.02676857, 0.52008361, 0.47332782, 0.24237618], 
    "materials": [{
        "opacity": 0.0, 
        "colorDiffuse": [0.4000000059604645, 0.4000000059604645, 0.4000000059604645], 
        "depthWrite": true, 
        "blending": "NormalBlending", 
        "shading": "Lambert", 
        "DbgName": "lambert1", 
        "transparent": true, 
        "depthTest": true, 
        "vertexColors": false
    }], 
    "normals": [0.65430969, -0.64532381, -0.39425385, 0.65430963, -0.64532387, -0.39425382, 0.65430963, -0.64532387, -0.39425385, 0.65430963, -0.64532381, -0.39425379, 0.45392731, -0.27975264, -0.84598356, 0.45392734, -0.27975267, -0.84598362, 0.4539274, -0.27975267, -0.84598374, 0.45392737, -0.27975267, -0.84598374, -0.69146353, 0.67601436, -0.25472102, -0.69146353, 0.67601436, -0.25472099, -0.69146359, 0.67601436, -0.25472102, -0.69146347, 0.6760143, -0.25472099, -0.76848888, 0.54192477, 0.34020913, -0.76848894, 0.54192483, 0.34020913, -0.76848888, 0.54192477, 0.34020916, -0.76848888, 0.54192477, 0.34020913, -0.65761685, 0.09392965, 0.74747407, -0.65761667, 0.09392964, 0.74747396, -0.65761679, 0.09392964, 0.74747401, -0.65761679, 0.09392964, 0.74747401, 0.48551032, -0.85994846, 0.15737955, 0.48551035, -0.85994852, 0.15737957, 0.48551029, -0.85994846, 0.15737957, 0.48551035, -0.85994846, 0.15737955, 0.77845675, -0.53120428, -0.3344059, 0.77845681, -0.53120428, -0.3344059, 0.77845675, -0.53120416, -0.33440584, 0.77845669, -0.53120416, -0.33440584, 0.66294503, -0.10025731, -0.7419247, 0.66294491, -0.10025731, -0.7419247, 0.66294503, -0.10025731, -0.74192476, 0.66294509, -0.10025732, -0.74192482, -0.48807251, 0.86020499, -0.14775771, -0.48807257, 0.86020505, -0.14775772, -0.48807257, 0.86020511, -0.14775771, -0.48807257, 0.86020511, -0.14775774, -0.64233041, 0.65436637, 0.39901915, -0.64233041, 0.65436637, 0.39901915, -0.64233047, 0.65436637, 0.39901918, -0.64233047, 0.65436637, 0.39901918, -0.43940404, 0.30132511, 0.84624308, -0.43940404, 0.30132508, 0.84624308, -0.43940404, 0.30132508, 0.84624302, -0.43940404, 0.30132508, 0.84624308, 0.70966727, -0.65751261, 0.2530801, 0.70966727, -0.65751261, 0.25308013, 0.70966733, -0.65751266, 0.2530801, 0.70966733, -0.65751261, 0.2530801, 0.39049867, -0.79340476, -0.46692568, 0.39049858, -0.79340476, -0.46692562, 0.39049861, -0.79340482, -0.46692571, 0.06955046, -0.50265133, -0.86168694, 0.06955046, -0.50265133, -0.861687, 0.06955046, -0.50265127, -0.86168689, -0.88195735, 0.29133078, -0.3705098, -0.88195735, 0.29133081, -0.37050983, -0.88195735, 0.29133081, -0.3705098, -0.92762035, 0.30649334, 0.21350037, -0.92762029, 0.30649331, 0.21350035, -0.92762029, 0.30649334, 0.21350037, -0.84501374, -0.20031965, 0.49580631, -0.84501368, -0.20031965, 0.49580625, -0.84501374, -0.20031963, 0.49580625, 0.10649566, -0.99430245, 0.00462746, 0.10649564, -0.99430233, 0.00462746, 0.10649565, -0.99430245, 0.00462746, 0.98678207, -0.12031622, -0.10856003, 0.98678201, -0.12031621, -0.10856001, 0.98678207, -0.12031622, -0.10856003, 0.89562035, 0.33770427, -0.28951687, 0.89562029, 0.33770421, -0.28951687, 0.89562035, 0.33770424, -0.2895169, 0.11786845, 0.98669666, 0.11196654, 0.11786848, 0.98669678, 0.11196656, 0.11786846, 0.98669672, 0.11196655, -0.17811878, 0.85173225, 0.49277359, -0.1781188, 0.85173231, 0.49277359, -0.1781188, 0.85173231, 0.49277362, 0.17672916, 0.61305219, 0.77002192, 0.17672917, 0.61305219, 0.77002203, 0.17672914, 0.61305219, 0.77002192, 0.92294264, -0.00962343, 0.38481703, 0.92294264, -0.00962343, 0.384817, 0.9229427, -0.00962343, 0.38481706], 
    "metadata": {
        "formatVersion": 3.1, 
        "generatedBy": "Maya Exporter"
    }
}