{
    "uvs": [[0.8740548491477966, 0.8584003448486328, 0.7626132965087891, 0.9494113922119141, 0.6104066967964172, 0.7998896837234497, 0.7789036631584167, 0.6627240777015686, 0.866330623626709, 0.9848139882087708, 0.6941779255867004, 0.9980079531669617, 0.5080053806304932, 0.8728861212730408, 0.5208061337471008, 0.6434153914451599, 0.6394296884536743, 0.5469470620155334, 0.9170609712600708, 0.8159860372543335, 0.8449984788894653, 0.5985552072525024, 0.4486579895019531, 0.6947703957557678, 0.5271628499031067, 0.5555421113967896, 0.6859051585197449, 0.5018337368965149, 0.1817074567079544, 0.4557521641254425, 0.07026591151952744, 0.36474108695983887, 0.17629438638687134, 0.17170965671539307, 0.34479108452796936, 0.3088749945163727, 0.05256087705492973, 0.484972208738327, 0.001830525230616331, 0.31614428758621216, 0.07389306277036667, 0.09871317446231842, 0.30513444542884827, 0.05334699526429176, 0.42375805974006653, 0.14981533586978912, 0.22471360862255096, 0.49816644191741943, 0.41088616847991943, 0.37304437160491943, 0.23298633098602295, 0.001991972792893648, 0.3917286694049835, 0.05570034682750702, 0.4702335298061371, 0.19492864608764648, 0.3737178146839142, 0.5442482829093933, 0.4430203139781952, 0.5018340349197388, 0.4211687743663788, 0.6706619262695312, 0.2546173930168152, 0.6410620212554932, 0.18379084765911102, 0.5959486961364746, 0.2278662919998169, 0.5018337368965149, 0.26025471091270447, 0.5739820003509521, 0.29725369811058044, 0.5018338561058044, 0.33815798163414, 0.6605762243270874, 0.3680802285671234, 0.548309326171875]], 
    "faces": [41, 0, 1, 7, 6, 0, 1, 2, 3, 0, 1, 2, 3, 41, 1, 2, 8, 7, 1, 5, 6, 2, 4, 5, 6, 7, 41, 2, 3, 9, 8, 23, 14, 17, 24, 8, 9, 10, 11, 41, 3, 4, 10, 9, 14, 15, 16, 17, 12, 13, 14, 15, 41, 4, 5, 11, 10, 15, 19, 20, 16, 16, 17, 18, 19, 41, 5, 0, 6, 11, 9, 0, 3, 10, 20, 21, 22, 23, 41, 6, 7, 13, 12, 3, 2, 7, 8, 24, 25, 26, 27, 41, 7, 8, 14, 13, 2, 6, 11, 7, 28, 29, 30, 31, 41, 8, 9, 15, 14, 24, 17, 22, 27, 32, 33, 34, 35, 41, 9, 10, 16, 15, 17, 16, 21, 22, 36, 37, 38, 39, 41, 10, 11, 17, 16, 16, 20, 25, 21, 40, 41, 42, 43, 41, 11, 6, 12, 17, 10, 3, 8, 13, 44, 45, 46, 47, 40, 1, 0, 18, 1, 0, 4, 48, 49, 50, 40, 2, 1, 18, 5, 1, 4, 51, 52, 53, 40, 3, 2, 18, 14, 23, 18, 54, 55, 56, 40, 4, 3, 18, 15, 14, 18, 57, 58, 59, 40, 5, 4, 18, 19, 15, 18, 60, 61, 62, 40, 0, 5, 18, 28, 29, 30, 63, 64, 65, 40, 12, 13, 19, 8, 7, 12, 66, 67, 68, 40, 13, 14, 19, 7, 11, 12, 69, 70, 71, 40, 14, 15, 19, 31, 32, 33, 72, 73, 74, 40, 15, 16, 19, 22, 21, 26, 75, 76, 77, 40, 16, 17, 19, 34, 35, 36, 78, 79, 80, 40, 17, 12, 19, 35, 37, 36, 81, 82, 83], 
    "vertices": [0.1953577, -0.01930564, -0.06371397, 0.06734984, 0.13743788, -0.10844362, -0.00100211, 0.23369271, -0.0556985, 0.05865391, 0.17320425, 0.04177606, 0.18666177, 0.01646072, 0.08650571, 0.25501369, -0.07979434, 0.0337607, 0.47057809, 0.11452562, -0.11370325, 0.2776535, 0.35151798, -0.18129736, 0.17498316, 0.49554617, -0.10785642, 0.26523783, 0.40258295, 0.03317845, 0.45816239, 0.16559094, 0.1007725, 0.5608324, 0.0215624, 0.02733164, 0.63341953, 0.3106969, -0.11768848, 0.497736, 0.47754199, -0.16526759, 0.42550464, 0.57901889, -0.11322846, 0.48895689, 0.51365072, -0.0136103, 0.62464048, 0.3468054, 0.03396881, 0.69687166, 0.24532849, -0.01807033, 0.0175557, -0.00844139, 0.00302612, 0.62133046, 0.46860105, -0.07560279], 
    "materials": [{
        "opacity": 0.0, 
        "colorDiffuse": [0.4000000059604645, 0.4000000059604645, 0.4000000059604645], 
        "depthWrite": true, 
        "blending": "NormalBlending", 
        "shading": "Lambert", 
        "DbgName": "lambert1", 
        "transparent": true, 
        "depthTest": true, 
        "vertexColors": false
    }], 
    "normals": [-0.02928412, -0.2962153, -0.9546721, -0.02928412, -0.2962153, -0.95467216, -0.02928412, -0.2962153, -0.95467222, -0.02928412, -0.2962153, -0.95467222, -0.45495054, 0.13818279, -0.8797304, -0.45495051, 0.13818277, -0.8797304, -0.45495048, 0.13818277, -0.87973028, -0.45495051, 0.13818279, -0.8797304, -0.54456383, 0.50676066, 0.66831428, -0.54456383, 0.50676066, 0.66831434, -0.54456377, 0.50676066, 0.66831422, -0.54456365, 0.50676054, 0.6683141, -0.14106996, 0.16355751, 0.97639549, -0.14106995, 0.16355751, 0.97639549, -0.14106996, 0.16355753, 0.97639555, -0.14106995, 0.1635575, 0.97639543, 0.14984299, -0.37399438, 0.91524595, 0.14984301, -0.37399441, 0.91524607, 0.14984301, -0.37399444, 0.91524601, 0.14984301, -0.37399441, 0.91524607, 0.23913237, -0.74124038, -0.62719899, 0.23913234, -0.7412402, -0.62719893, 0.23913236, -0.74124026, -0.62719893, 0.23913234, -0.74124026, -0.62719893, 0.15725207, -0.15040471, -0.97603792, 0.1572521, -0.15040474, -0.97603804, 0.15725209, -0.15040471, -0.97603798, 0.1572521, -0.15040474, -0.9760381, -0.14292741, 0.36781058, -0.91885096, -0.14292741, 0.36781052, -0.91885096, -0.14292742, 0.36781055, -0.91885096, -0.14292741, 0.36781052, -0.9188509, -0.23281524, 0.73751599, 0.63392979, -0.23281527, 0.73751611, 0.63392985, -0.23281527, 0.73751605, 0.63392985, -0.23281525, 0.73751599, 0.63392979, 0.0457449, 0.30822161, 0.95021409, 0.0457449, 0.30822164, 0.95021415, 0.04574489, 0.30822158, 0.95021415, 0.04574489, 0.30822164, 0.95021415, 0.47228274, -0.11050052, 0.87449336, 0.47228274, -0.11050051, 0.8744933, 0.4722828, -0.11050052, 0.8744933, 0.47228277, -0.11050052, 0.87449336, 0.56193531, -0.47923598, -0.67421168, 0.56193542, -0.47923601, -0.67421174, 0.56193537, -0.47923595, -0.67421174, 0.56193537, -0.47923598, -0.6742118, -0.33110839, -0.49895313, -0.8008827, -0.33110839, -0.49895313, -0.80088264, -0.33110839, -0.49895313, -0.8008827, -0.7634691, -0.2068958, -0.61180794, -0.76346916, -0.20689583, -0.611808, -0.7634691, -0.2068958, -0.61180794, -0.83084279, 0.07021282, 0.55206013, -0.83084279, 0.07021283, 0.55206013, -0.83084273, 0.07021282, 0.55206019, -0.42946085, -0.09442893, 0.89813501, -0.42946088, -0.09442893, 0.89813501, -0.42946085, -0.09442893, 0.89813501, -0.27854759, -0.60606557, 0.74504751, -0.27854756, -0.60606557, 0.74504751, -0.27854756, -0.60606557, 0.74504751, -0.21117364, -0.88317424, -0.4188183, -0.21117367, -0.8831743, -0.4188183, -0.21117365, -0.88317424, -0.41881832, 0.5802598, 0.25093237, -0.77481055, 0.5802598, 0.25093234, -0.77481061, 0.58025986, 0.25093237, -0.77481061, 0.47843811, 0.64572698, -0.59509134, 0.47843805, 0.64572692, -0.59509128, 0.47843805, 0.64572692, -0.59509128, 0.42720991, 0.85642958, 0.2898623, 0.42720994, 0.85642958, 0.28986233, 0.42720985, 0.85642946, 0.28986225, 0.4984929, 0.58724004, 0.63769424, 0.49849284, 0.58724004, 0.6376943, 0.49849284, 0.58724004, 0.63769424, 0.8305909, 0.38475826, 0.40259126, 0.83059096, 0.38475829, 0.40259126, 0.83059096, 0.38475829, 0.40259129, 0.87931424, 0.18435436, -0.43911263, 0.87931418, 0.18435438, -0.43911263, 0.8793143, 0.18435439, -0.43911263], 
    "metadata": {
        "formatVersion": 3.1, 
        "generatedBy": "Maya Exporter"
    }
}