{
    "uvs": [[0.4187352955341339, 0.3676430583000183, 0.30308598279953003, 0.4546566307544708, 0.1457350254058838, 0.30096742510795593, 0.3205837607383728, 0.169845849275589, 0.42104071378707886, 0.49106842279434204, 0.24526125192642212, 0.4981635510921478, 0.05831078812479973, 0.3665282428264618, 0.06337986141443253, 0.14031235873699188, 0.18647319078445435, 0.04809883236885071, 0.47655993700027466, 0.3241361379623413, 0.4080081582069397, 0.10428504645824432, 0.0018330867169424891, 0.18641889095306396, 0.08499652147293091, 0.05005142092704773, 0.24801990389823914, 0.001992071745917201, 0.7449009418487549, 0.5453434586524963, 0.8605502247810364, 0.6323570609092712, 0.7623987197875977, 0.8301542401313782, 0.5875500440597534, 0.6990326642990112, 0.8628556728363037, 0.5089316964149475, 0.9183748960494995, 0.6758639812469482, 0.8498231172561646, 0.895715057849884, 0.6282881498336792, 0.9519012570381165, 0.5051947236061096, 0.8596881628036499, 0.6870762705802917, 0.5018365383148193, 0.5001257061958313, 0.6334718465805054, 0.6898348927497864, 0.9980080127716064, 0.5268114805221558, 0.9499486684799194, 0.4436480700969696, 0.8135812282562256, 0.1775008589029312, 0.547943115234375, 0.241214781999588, 0.5018365383148193, 0.241214781999588, 0.638204038143158, 0.30492866039276123, 0.5479435324668884, 0.3105744421482086, 0.5633832216262817, 0.3742883801460266, 0.5018365383148193, 0.3742883801460266, 0.6648597717285156, 0.4380022883415222, 0.5633832216262817]], 
    "faces": [41, 0, 1, 7, 6, 0, 1, 2, 3, 0, 1, 2, 3, 41, 1, 2, 8, 7, 1, 5, 6, 2, 4, 5, 6, 7, 41, 2, 3, 9, 8, 23, 14, 17, 24, 8, 9, 10, 11, 41, 3, 4, 10, 9, 14, 15, 16, 17, 12, 13, 14, 15, 41, 4, 5, 11, 10, 15, 19, 20, 16, 16, 17, 18, 19, 41, 5, 0, 6, 11, 9, 0, 3, 10, 20, 21, 22, 23, 41, 6, 7, 13, 12, 3, 2, 7, 8, 24, 25, 26, 27, 41, 7, 8, 14, 13, 2, 6, 11, 7, 28, 29, 30, 31, 41, 8, 9, 15, 14, 24, 17, 22, 27, 32, 33, 34, 35, 41, 9, 10, 16, 15, 17, 16, 21, 22, 36, 37, 38, 39, 41, 10, 11, 17, 16, 16, 20, 25, 21, 40, 41, 42, 43, 41, 11, 6, 12, 17, 10, 3, 8, 13, 44, 45, 46, 47, 40, 1, 0, 18, 1, 0, 4, 48, 49, 50, 40, 2, 1, 18, 5, 1, 4, 51, 52, 53, 40, 3, 2, 18, 14, 23, 18, 54, 55, 56, 40, 4, 3, 18, 15, 14, 18, 57, 58, 59, 40, 5, 4, 18, 19, 15, 18, 60, 61, 62, 40, 0, 5, 18, 0, 9, 4, 63, 64, 65, 40, 12, 13, 19, 8, 7, 12, 66, 67, 68, 40, 13, 14, 19, 28, 29, 30, 69, 70, 71, 40, 14, 15, 19, 29, 31, 30, 72, 73, 74, 40, 15, 16, 19, 22, 21, 26, 75, 76, 77, 40, 16, 17, 19, 32, 33, 34, 78, 79, 80, 40, 17, 12, 19, 33, 35, 34, 81, 82, 83], 
    "vertices": [0.06464823, 0.17827898, -0.11432287, -0.14484922, 0.02065497, -0.11432287, -0.24959801, -0.05815739, -1e-08, -0.14484934, 0.02065497, 0.1143229, 0.06464817, 0.17827898, 0.1143229, 0.1693969, 0.25709086, 1e-08, -0.11315218, 0.53658634, -0.16322422, -0.42988864, 0.29906088, -0.16322422, -0.58825664, 0.18029815, -2e-08, -0.42988864, 0.29906088, 0.16322416, -0.1131523, 0.53658634, 0.16322422, 0.04521605, 0.65534907, 1e-08, -0.3560919, 0.75712949, -0.11541691, -0.57907406, 0.59008604, -0.11541694, -0.69056527, 0.50656444, -1e-08, -0.57907418, 0.59008628, 0.11541697, -0.35609195, 0.75712949, 0.11541697, -0.24460075, 0.84065133, 1e-08, 0.06882437, -0.04530448, 1e-08, -0.53991572, 0.75359231, 1e-08], 
    "materials": [{
        "opacity": 0.0, 
        "colorDiffuse": [0.4000000059604645, 0.4000000059604645, 0.4000000059604645], 
        "depthWrite": true, 
        "blending": "NormalBlending", 
        "shading": "Lambert", 
        "DbgName": "lambert1", 
        "transparent": true, 
        "depthTest": true, 
        "vertexColors": false
    }], 
    "normals": [0.07404505, -0.09860829, -0.99236768, 0.07404506, -0.0986083, -0.99236768, 0.07404505, -0.09860829, -0.99236768, 0.07404505, -0.09860829, -0.99236768, -0.38673592, -0.53756833, -0.74930346, -0.38673586, -0.53756827, -0.7493034, -0.38673592, -0.53756827, -0.74930346, -0.38673592, -0.53756827, -0.74930346, -0.38673621, -0.53756863, 0.7493031, -0.38673618, -0.53756857, 0.7493031, -0.38673618, -0.53756857, 0.74930304, -0.38673621, -0.53756863, 0.74930304, 0.07404486, -0.09860817, 0.99236768, 0.07404486, -0.09860818, 0.99236768, 0.07404488, -0.09860819, 0.99236774, 0.07404488, -0.0986082, 0.9923678, 0.63348371, 0.20462155, 0.74620932, 0.63348365, 0.20462157, 0.74620932, 0.63348377, 0.20462158, 0.74620938, 0.63348371, 0.20462157, 0.74620932, 0.63348395, 0.20462154, -0.74620914, 0.63348389, 0.20462154, -0.74620914, 0.63348389, 0.20462151, -0.74620908, 0.63348395, 0.20462152, -0.74620914, -0.08801471, 0.11741686, -0.98917478, -0.0880147, 0.11741686, -0.9891746, -0.08801471, 0.11741687, -0.98917478, -0.08801471, 0.11741686, -0.98917472, -0.62847733, -0.19779132, -0.75225979, -0.62847733, -0.19779134, -0.75225985, -0.62847728, -0.19779131, -0.75225979, -0.62847739, -0.19779135, -0.75225985, -0.62847733, -0.19779143, 0.75225967, -0.62847739, -0.19779144, 0.75225973, -0.62847733, -0.19779143, 0.75225967, -0.62847733, -0.19779143, 0.75225973, -0.08801463, 0.11741657, 0.98917472, -0.08801464, 0.11741657, 0.98917478, -0.08801464, 0.11741658, 0.98917484, -0.08801465, 0.11741658, 0.98917478, 0.35693553, 0.55689663, 0.7499755, 0.3569355, 0.55689657, 0.74997544, 0.3569355, 0.55689657, 0.74997544, 0.35693547, 0.55689657, 0.7499755, 0.35693562, 0.55689704, -0.74997514, 0.35693562, 0.55689704, -0.74997514, 0.35693559, 0.55689698, -0.74997509, 0.35693559, 0.55689698, -0.74997509, 0.32084432, -0.42643303, -0.84570313, 0.32084429, -0.426433, -0.84570313, 0.32084435, -0.42643306, -0.84570313, 0.03378681, -0.83704507, -0.54608965, 0.03378681, -0.83704507, -0.54608965, 0.03378682, -0.83704513, -0.54608965, 0.03378676, -0.83704585, 0.54608852, 0.03378677, -0.83704579, 0.54608858, 0.03378676, -0.83704585, 0.54608852, 0.32084405, -0.42643279, 0.84570324, 0.32084405, -0.42643282, 0.84570324, 0.32084411, -0.42643285, 0.84570336, 0.79491639, -0.26437825, 0.54608804, 0.79491633, -0.26437825, 0.54608798, 0.79491639, -0.26437822, 0.54608804, 0.79491645, -0.26437834, -0.5460878, 0.79491645, -0.26437834, -0.54608774, 0.79491657, -0.26437834, -0.5460878, -0.43895394, 0.58594912, -0.68116307, -0.43895391, 0.58594906, -0.68116301, -0.43895388, 0.58594906, -0.68116301, -0.77916235, 0.47517088, -0.40880165, -0.77916235, 0.47517085, -0.40880159, -0.77916235, 0.47517085, -0.40880162, -0.77916282, 0.4751713, 0.4088001, -0.77916288, 0.47517133, 0.40880013, -0.77916288, 0.47517136, 0.40880013, -0.4389537, 0.58595002, 0.68116236, -0.43895373, 0.58595008, 0.68116242, -0.43895367, 0.58595008, 0.68116236, -0.26061818, 0.88404882, 0.38798922, -0.26061818, 0.88404882, 0.38798922, -0.26061821, 0.88404882, 0.38798925, -0.26061809, 0.88404894, -0.38798928, -0.26061806, 0.88404888, -0.38798925, -0.26061806, 0.88404894, -0.38798922], 
    "metadata": {
        "formatVersion": 3.1, 
        "generatedBy": "Maya Exporter"
    }
}