{
    "uvs": [[0.7348838448524475, 0.12558378279209137, 0.7775709629058838, 0.17250868678092957, 0.7441006898880005, 0.4504844546318054, 0.6796672344207764, 0.3792194724082947, 0.8243584632873535, 0.0019919550977647305, 0.8589364290237427, 0.16590069234371185, 0.8620133399963379, 0.44318392872810364, 0.7456980347633362, 0.6360059380531311, 0.7003602981567383, 0.5857644081115723, 0.8289631605148315, 0.6307687759399414, 0.034201886504888535, 0.16590069234371185, 0.1289670765399933, 0.11236806958913803, 0.262357622385025, 0.3646192252635956, 0.12659823894500732, 0.44318392872810364, 0.0018668057164177299, 0.0019919550977647305, 0.14201219379901886, 0.06544344127178192, 0.2818998098373413, 0.29335397481918335, 0.3089473843574524, 0.5752900242805481, 0.213001549243927, 0.6307687759399414, 0.2531380355358124, 0.6516153812408447, 0.4109661877155304, 0.5815558433532715, 0.3162010610103607, 0.5280235409736633, 0.3805975914001465, 0.27438783645629883, 0.5163567662239075, 0.35295334458351135, 0.35254088044166565, 0.6516153812408447, 0.4951649606227875, 0.06784290075302124, 0.59111088514328, 0.12332162261009216, 0.49268627166748047, 0.5881638526916504, 0.6325738430023193, 0.36025333404541016, 0.6038121581077576, 0.0019919550977647305, 0.6733391880989075, 0.12855908274650574, 0.4814472496509552, 0.017601368948817253, 0.8001906275749207, 0.7110119462013245, 0.8646241426467896, 0.6397466659545898, 0.8941308259963989, 0.8714409470558167, 0.848793089389801, 0.9216827750205994, 0.9352841377258301, 0.9980080723762512, 0.7944410443305969, 0.762111485004425, 0.7111760377883911, 0.6798833012580872, 0.7597397565841675, 0.6397465467453003]], 
    "faces": [41, 0, 1, 7, 6, 0, 1, 2, 3, 0, 1, 2, 3, 41, 1, 2, 8, 7, 1, 5, 6, 2, 4, 5, 6, 7, 41, 2, 3, 9, 8, 10, 11, 12, 13, 8, 9, 10, 11, 41, 3, 4, 10, 9, 11, 15, 16, 12, 12, 13, 14, 15, 41, 4, 5, 11, 10, 27, 20, 23, 28, 16, 17, 18, 19, 41, 5, 0, 6, 11, 20, 21, 22, 23, 20, 21, 22, 23, 41, 6, 7, 13, 12, 3, 2, 7, 8, 24, 25, 26, 27, 41, 7, 8, 14, 13, 2, 6, 9, 7, 28, 29, 30, 31, 41, 8, 9, 15, 14, 13, 12, 17, 18, 32, 33, 34, 35, 41, 9, 10, 16, 15, 32, 33, 34, 35, 36, 37, 38, 39, 41, 10, 11, 17, 16, 28, 23, 26, 30, 40, 41, 42, 43, 41, 11, 6, 12, 17, 23, 22, 25, 26, 44, 45, 46, 47, 40, 1, 0, 18, 1, 0, 4, 48, 49, 50, 40, 2, 1, 18, 5, 1, 4, 51, 52, 53, 40, 3, 2, 18, 11, 10, 14, 54, 55, 56, 40, 4, 3, 18, 15, 11, 14, 57, 58, 59, 40, 5, 4, 18, 20, 27, 24, 60, 61, 62, 40, 0, 5, 18, 21, 20, 24, 63, 64, 65, 40, 12, 13, 19, 25, 31, 29, 66, 67, 68, 40, 13, 14, 19, 37, 38, 39, 69, 70, 71, 40, 14, 15, 19, 18, 17, 19, 72, 73, 74, 40, 15, 16, 19, 35, 34, 36, 75, 76, 77, 40, 16, 17, 19, 30, 26, 29, 78, 79, 80, 40, 17, 12, 19, 26, 25, 29, 81, 82, 83], 
    "vertices": [-0.0905735, 0.06982269, -0.12337863, -0.10914058, 0.13661041, -0.06262207, 0.00717136, 0.12720527, 0.05318513, 0.14205035, 0.05101265, 0.10823578, 0.1606174, -0.01577507, 0.04747915, 0.04430544, -0.00636993, -0.06832802, 0.00108194, 0.43082155, -0.20196819, -0.02673248, 0.53225292, -0.11026037, 0.13867872, 0.52186217, 0.05756453, 0.33190476, 0.41004099, 0.13368154, 0.35971912, 0.30860962, 0.04197371, 0.19430762, 0.31899966, -0.12585114, 0.16414531, 0.72479619, -0.17251593, 0.14462101, 0.79630484, -0.10798687, 0.2616564, 0.78885116, 0.01052419, 0.39821588, 0.70988836, 0.06450611, 0.41774016, 0.63837923, -2.301e-05, 0.30070489, 0.64583339, -0.11853404, -0.03885109, -0.1060854, 0.00397041, 0.31878253, 0.81852187, -0.0585966], 
    "materials": [{
        "opacity": 0.0, 
        "colorDiffuse": [0.4000000059604645, 0.4000000059604645, 0.4000000059604645], 
        "depthWrite": true, 
        "blending": "NormalBlending", 
        "shading": "Lambert", 
        "DbgName": "lambert1", 
        "transparent": true, 
        "depthTest": true, 
        "vertexColors": false
    }], 
    "normals": [-0.89620751, 0.13570812, -0.42236853, -0.89620757, 0.13570814, -0.42236856, -0.89620763, 0.13570815, -0.42236859, -0.89620757, 0.13570814, -0.4223685, -0.68377596, 0.2231106, 0.69474608, -0.68377584, 0.2231106, 0.69474608, -0.6837759, 0.2231106, 0.69474608, -0.68377584, 0.2231106, 0.69474602, -0.31989455, 0.09911164, 0.94225496, -0.31989452, 0.09911163, 0.94225496, -0.31989452, 0.09911162, 0.9422549, -0.31989452, 0.09911163, 0.94225496, 0.66163021, -0.39515242, 0.63725972, 0.66163027, -0.39515239, 0.63725972, 0.66163021, -0.39515239, 0.63725972, 0.66163027, -0.39515245, 0.63725972, 0.63448793, -0.40477538, -0.65846914, 0.63448799, -0.40477544, -0.65846926, 0.63448799, -0.40477544, -0.65846926, 0.63448805, -0.40477547, -0.65846926, 0.22336408, -0.26467812, -0.93811184, 0.2233641, -0.26467812, -0.93811184, 0.2233641, -0.26467815, -0.9381119, 0.22336408, -0.26467812, -0.93811184, -0.63292181, 0.41640857, -0.65269744, -0.63292181, 0.41640857, -0.65269738, -0.63292176, 0.41640854, -0.65269738, -0.63292181, 0.4164086, -0.65269744, -0.63706094, 0.40821251, 0.65384704, -0.63706088, 0.40821245, 0.65384698, -0.63706088, 0.40821248, 0.65384698, -0.63706094, 0.40821251, 0.65384698, -0.2172122, 0.26514149, 0.93942463, -0.21721219, 0.26514146, 0.93942475, -0.2172122, 0.26514146, 0.93942469, -0.21721223, 0.26514152, 0.93942481, 0.91102624, -0.10971877, 0.39748308, 0.9110263, -0.10971878, 0.39748311, 0.9110263, -0.10971879, 0.39748317, 0.9110263, -0.10971878, 0.39748311, 0.68960494, -0.20929898, -0.69328123, 0.68960488, -0.20929898, -0.69328129, 0.68960488, -0.20929898, -0.69328129, 0.68960488, -0.20929898, -0.69328129, 0.32303986, -0.08438541, -0.94261563, 0.32303986, -0.08438541, -0.94261569, 0.32303989, -0.08438541, -0.94261575, 0.32303986, -0.08438541, -0.94261563, -0.96117246, -0.27578717, 0.00943102, -0.9611724, -0.27578717, 0.00943102, -0.9611724, -0.27578717, 0.00943102, -0.70594287, -0.01013547, 0.70819622, -0.70594293, -0.01013547, 0.70819622, -0.70594287, -0.01013547, 0.70819622, -0.42625919, -0.10544235, 0.89843482, -0.42625922, -0.10544235, 0.89843476, -0.42625919, -0.10544235, 0.89843476, 0.12926015, -0.64737046, 0.75113463, 0.12926018, -0.64737046, 0.75113469, 0.12926017, -0.64737046, 0.75113463, 0.44486579, -0.73842657, -0.50677454, 0.44486579, -0.73842663, -0.5067746, 0.44486576, -0.73842663, -0.50677454, -0.00078633, -0.58656228, -0.80990374, -0.00078633, -0.58656228, -0.80990374, -0.00078633, -0.58656228, -0.80990368, 0.1174015, 0.68279314, -0.7211175, 0.1174015, 0.68279314, -0.7211175, 0.1174015, 0.68279308, -0.7211175, -0.19172853, 0.94932455, 0.24904448, -0.19172856, 0.94932449, 0.24904451, -0.19172856, 0.94932449, 0.24904452, 0.24636275, 0.80003607, 0.54703534, 0.24636273, 0.80003601, 0.54703528, 0.24636275, 0.80003607, 0.54703528, 0.8847912, 0.42128772, -0.19915125, 0.88479125, 0.42128775, -0.19915125, 0.88479114, 0.42128769, -0.19915123, 0.70696354, 0.16471687, -0.68780142, 0.7069636, 0.16471688, -0.68780136, 0.7069636, 0.16471691, -0.68780148, 0.47514173, 0.24371433, -0.84548432, 0.47514167, 0.2437143, -0.84548426, 0.47514173, 0.24371433, -0.84548432], 
    "metadata": {
        "formatVersion": 3.1, 
        "generatedBy": "Maya Exporter"
    }
}