{
    "uvs": [[0.4041830599308014, 0.12835253775119781, 0.46261081099510193, 0.10341625660657883, 0.49221643805503845, 0.30940765142440796, 0.40394994616508484, 0.34674108028411865, 0.4372442066669464, 0.0019919169135391712, 0.505862295627594, 0.07041623443365097, 0.5563915371894836, 0.2614266574382782, 0.5037853121757507, 0.47218382358551025, 0.4416614770889282, 0.4983849823474884, 0.06456293910741806, 0.07041623443365097, 0.15350209176540375, 0.062352489680051804, 0.232003316283226, 0.25077909231185913, 0.10437897592782974, 0.2614266574382782, 0.059089139103889465, 0.0019919169135391712, 0.24087922275066376, 0.43072715401649475, 0.15068557858467102, 0.4383546710014343, 0.18058308959007263, 0.5189784169197083, 0.0016119986539706588, 0.30940765142440796, 0.07796795666217804, 0.47218382358551025, 0.28784701228141785, 0.062352489680051804, 0.34627485275268555, 0.08728919923305511, 0.334498792886734, 0.2881125211715698, 0.2462320625782013, 0.25077909231185913, 0.34128904342651367, 0.0019919169135391712, 0.30852749943733215, 0.4569278955459595, 0.24640363454818726, 0.43072715401649475, 0.3986741900444031, 0.3360935151576996, 0.3537617027759552, 0.490757018327713, 0.28343209624290466, 0.5189784169197083, 0.7207837700843811, 0.9127105474472046, 0.6483558416366577, 0.8797109723091125, 0.7048642039299011, 0.6639062762260437, 0.8076311349868774, 0.7118872404098511, 0.6098596453666687, 0.9980078339576721, 0.5594168305397034, 0.8716472387313843, 0.5772398710250854, 0.6532586812973022, 0.646214485168457, 0.5016147494316101, 0.7364081144332886, 0.5092427134513855, 0.53756183385849, 0.5918086171150208, 0.4754379391670227, 0.6092846393585205, 0.4841223359107971, 0.5066696405410767, 0.5544519424438477, 0.5016147494316101]], 
    "faces": [41, 0, 1, 7, 6, 0, 1, 2, 3, 0, 1, 2, 3, 41, 1, 2, 8, 7, 1, 5, 6, 2, 4, 5, 6, 7, 41, 2, 3, 9, 8, 9, 10, 11, 12, 8, 9, 10, 11, 41, 3, 4, 10, 9, 19, 20, 21, 22, 12, 13, 14, 15, 41, 4, 5, 11, 10, 29, 30, 31, 32, 16, 17, 18, 19, 41, 5, 0, 6, 11, 30, 34, 35, 31, 20, 21, 22, 23, 41, 6, 7, 13, 12, 3, 2, 7, 8, 24, 25, 26, 27, 41, 7, 8, 14, 13, 17, 12, 15, 18, 28, 29, 30, 31, 41, 8, 9, 15, 14, 12, 11, 14, 15, 32, 33, 34, 35, 41, 9, 10, 16, 15, 22, 21, 24, 25, 36, 37, 38, 39, 41, 10, 11, 17, 16, 21, 26, 27, 24, 40, 41, 42, 43, 41, 11, 6, 12, 17, 31, 35, 36, 37, 44, 45, 46, 47, 40, 1, 0, 18, 1, 0, 4, 48, 49, 50, 40, 2, 1, 18, 5, 1, 4, 51, 52, 53, 40, 3, 2, 18, 10, 9, 13, 54, 55, 56, 40, 4, 3, 18, 20, 19, 23, 57, 58, 59, 40, 5, 4, 18, 30, 29, 33, 60, 61, 62, 40, 0, 5, 18, 34, 30, 33, 63, 64, 65, 40, 12, 13, 19, 38, 39, 40, 66, 67, 68, 40, 13, 14, 19, 18, 15, 16, 69, 70, 71, 40, 14, 15, 19, 15, 14, 16, 72, 73, 74, 40, 15, 16, 19, 25, 24, 28, 75, 76, 77, 40, 16, 17, 19, 24, 27, 28, 78, 79, 80, 40, 17, 12, 19, 41, 38, 40, 81, 82, 83], 
    "vertices": [-0.04474412, 0.12581189, -0.02153057, -0.05978929, 0.10308941, 0.03170943, 0.00620769, 0.07301935, 0.07112063, 0.08724995, 0.06567152, 0.05729187, 0.10229515, 0.08839401, 0.00405186, 0.03629808, 0.11846407, -0.03535937, -0.02850355, 0.32480939, -0.02174294, -0.05115382, 0.29079088, 0.05868644, 0.0424885, 0.24706992, 0.11716343, 0.1587811, 0.23736795, 0.09521168, 0.1814314, 0.27138646, 0.01478231, 0.08778898, 0.31510719, -0.04369497, 0.03434677, 0.46298893, 0.01262021, 0.01842244, 0.43911441, 0.06922811, 0.08468346, 0.40828904, 0.11044583, 0.16686885, 0.40133842, 0.09505552, 0.18279318, 0.42521294, 0.0384475, 0.11653219, 0.45603832, -0.00277023, 0.00121988, 0.01067026, 0.00859511, 0.11192645, 0.48175391, 0.06131461], 
    "materials": [{
        "opacity": 0.0, 
        "colorDiffuse": [0.4000000059604645, 0.4000000059604645, 0.4000000059604645], 
        "depthWrite": true, 
        "blending": "NormalBlending", 
        "shading": "Lambert", 
        "DbgName": "lambert1", 
        "transparent": true, 
        "depthTest": true, 
        "vertexColors": false
    }], 
    "normals": [-0.96770674, 0.07882407, -0.23943804, -0.96770668, 0.07882407, -0.23943804, -0.96770656, 0.07882405, -0.23943803, -0.96770668, 0.07882407, -0.23943806, -0.55285382, -0.09837755, 0.82745051, -0.55285388, -0.09837754, 0.82745051, -0.55285388, -0.09837756, 0.82745057, -0.55285388, -0.09837755, 0.82745051, 0.14823496, -0.27678636, 0.94942909, 0.14823498, -0.27678636, 0.94942909, 0.14823498, -0.27678639, 0.94942915, 0.14823498, -0.27678639, 0.94942909, 0.91247189, -0.39963338, 0.08768307, 0.91247189, -0.39963344, 0.08768309, 0.91247177, -0.39963335, 0.08768307, 0.91247177, -0.39963338, 0.08768307, 0.46376252, -0.1540703, -0.87246013, 0.46376252, -0.15407032, -0.87246013, 0.46376249, -0.1540703, -0.87246007, 0.46376246, -0.15407027, -0.87246001, -0.1776385, 0.00914984, -0.98405331, -0.1776385, 0.00914984, -0.98405331, -0.17763849, 0.00914984, -0.98405325, -0.17763849, 0.00914984, -0.98405325, -0.90091509, 0.42783689, -0.0728528, -0.90091521, 0.42783689, -0.07285281, -0.90091509, 0.42783689, -0.07285279, -0.90091515, 0.42783692, -0.07285281, -0.46819171, 0.15831737, 0.8693285, -0.46819171, 0.15831737, 0.86932856, -0.46819171, 0.15831737, 0.8693285, -0.46819165, 0.15831736, 0.86932844, 0.18426691, -0.00771735, 0.9828459, 0.18426691, -0.00771735, 0.98284584, 0.18426692, -0.00771735, 0.9828459, 0.18426692, -0.00771735, 0.98284584, 0.96655178, -0.0473858, 0.25205564, 0.9665519, -0.0473858, 0.25205562, 0.9665519, -0.0473858, 0.25205562, 0.9665519, -0.0473858, 0.25205564, 0.56520897, 0.12108468, -0.81601304, 0.56520891, 0.12108468, -0.81601304, 0.56520897, 0.12108469, -0.8160131, 0.56520897, 0.12108468, -0.8160131, -0.15152758, 0.30347595, -0.94071341, -0.15152761, 0.30347601, -0.94071347, -0.15152758, 0.30347592, -0.94071335, -0.15152757, 0.30347595, -0.94071341, -0.80486375, -0.42867607, -0.41040376, -0.80486375, -0.42867601, -0.41040373, -0.80486369, -0.42867598, -0.41040373, -0.59892458, -0.54265851, 0.58890682, -0.59892452, -0.54265851, 0.58890682, -0.59892452, -0.54265839, 0.58890676, 0.05561822, -0.70922667, 0.70278317, 0.05561821, -0.70922661, 0.70278305, 0.05561822, -0.70922673, 0.70278311, 0.59634227, -0.78524828, -0.1666159, 0.59634233, -0.7852484, -0.16661595, 0.59634227, -0.7852484, -0.16661593, 0.30242914, -0.44263631, -0.84416205, 0.30242914, -0.44263631, -0.84416205, 0.30242917, -0.44263634, -0.84416199, -0.18741885, -0.31798261, -0.92938751, -0.18741885, -0.31798264, -0.92938751, -0.18741883, -0.31798261, -0.92938745, -0.38120922, 0.88534945, 0.26615015, -0.38120922, 0.88534951, 0.26615015, -0.38120916, 0.88534945, 0.26615012, -0.20589642, 0.59560847, 0.77643871, -0.20589641, 0.59560853, 0.77643865, -0.20589642, 0.59560859, 0.77643877, 0.20026077, 0.49225104, 0.84710354, 0.2002608, 0.49225101, 0.8471036, 0.20026079, 0.49225104, 0.8471036, 0.64196253, 0.62497687, 0.44417107, 0.64196253, 0.62497687, 0.44417101, 0.64196253, 0.62497687, 0.44417104, 0.54226601, 0.79251444, -0.27904904, 0.54226601, 0.7925145, -0.27904904, 0.54226601, 0.7925145, -0.27904904, 0.00887077, 0.92825007, -0.37185085, 0.00887077, 0.92825013, -0.37185088, 0.00887077, 0.92825001, -0.37185085], 
    "metadata": {
        "formatVersion": 3.1, 
        "generatedBy": "Maya Exporter"
    }
}