{
    "uvs": [[0.16698238253593445, 0.08890397846698761, 0.24499642848968506, 0.10045677423477173, 0.2499702274799347, 0.3137674331665039, 0.13498283922672272, 0.29708132147789, 0.17415258288383484, 0.0019920491613447666, 0.1805131882429123, 0.4877029359340668, 0.09943611919879913, 0.4758685529232025, 0.07873716950416565, 0.08836738020181656, 0.0017849955474957824, 0.2959325909614563, 0.07974353432655334, 0.544892430305481, 0.005713594611734152, 0.47498467564582825, 0.5253588557243347, 0.10045677423477173, 0.6040623784065247, 0.1114729791879654, 0.5617602467536926, 0.3293044865131378, 0.4455404579639435, 0.3137674331665039, 0.6341964602470398, 0.0019920491613447666, 0.6969307661056519, 0.1109367087483406, 0.7020552158355713, 0.3281557559967041, 0.5396131873130798, 0.4986536204814911, 0.4576636850833893, 0.4877029359340668, 0.6383557319641113, 0.49776992201805115, 0.731330931186676, 0.6111748218536377, 0.809345006942749, 0.5996218919754028, 0.8942763805389404, 0.8117077946662903, 0.779289186000824, 0.8283939361572266, 0.7036983966827393, 0.502230167388916, 0.8847830891609192, 0.9861733317375183, 0.8037061095237732, 0.9980080723762512, 0.42452746629714966, 0.4475010633468628, 0.3458237946033478, 0.45851677656173706, 0.32334181666374207, 0.2509515583515167, 0.43956175446510315, 0.23541449010372162, 0.34762832522392273, 0.5448920726776123, 0.2866312563419342, 0.07189963757991791, 0.3685806393623352, 0.06094895303249359, 0.2569313049316406, 0.0019920491613447666, 0.5107553601264954, 0.6997153162956238, 0.5234009027481079, 0.6177657246589661, 0.6115249395370483, 0.6138795018196106, 0.6171237230300903, 0.5190233588218689, 0.6982007026672363, 0.502230167388916]], 
    "faces": [41, 0, 1, 7, 6, 7, 0, 3, 8, 0, 1, 2, 3, 41, 1, 2, 8, 7, 0, 1, 2, 3, 4, 5, 6, 7, 41, 2, 3, 9, 8, 11, 12, 13, 14, 8, 9, 10, 11, 41, 3, 4, 10, 9, 12, 16, 17, 13, 12, 13, 14, 15, 41, 4, 5, 11, 10, 21, 22, 23, 24, 16, 17, 18, 19, 41, 5, 0, 6, 11, 28, 29, 30, 31, 20, 21, 22, 23, 41, 6, 7, 13, 12, 8, 3, 6, 10, 24, 25, 26, 27, 41, 7, 8, 14, 13, 3, 2, 5, 6, 28, 29, 30, 31, 41, 8, 9, 15, 14, 14, 13, 18, 19, 32, 33, 34, 35, 41, 9, 10, 16, 15, 13, 17, 20, 18, 36, 37, 38, 39, 41, 10, 11, 17, 16, 24, 23, 26, 27, 40, 41, 42, 43, 41, 11, 6, 12, 17, 31, 30, 33, 34, 44, 45, 46, 47, 40, 1, 0, 18, 0, 7, 4, 48, 49, 50, 40, 2, 1, 18, 1, 0, 4, 51, 52, 53, 40, 3, 2, 18, 12, 11, 15, 54, 55, 56, 40, 4, 3, 18, 16, 12, 15, 57, 58, 59, 40, 5, 4, 18, 22, 21, 25, 60, 61, 62, 40, 0, 5, 18, 29, 28, 32, 63, 64, 65, 40, 12, 13, 19, 10, 6, 9, 66, 67, 68, 40, 13, 14, 19, 6, 5, 9, 69, 70, 71, 40, 14, 15, 19, 36, 37, 38, 72, 73, 74, 40, 15, 16, 19, 37, 39, 38, 75, 76, 77, 40, 16, 17, 19, 39, 40, 38, 78, 79, 80, 40, 17, 12, 19, 34, 33, 35, 81, 82, 83], 
    "vertices": [0.00298448, 0.04928761, -0.10062736, -0.10754256, 0.04992609, 0.00439733, -0.1244006, 0.06367569, 0.09724538, -0.0307319, 0.07678657, 0.08506876, 0.07979502, 0.07614832, -0.01995587, 0.09665312, 0.06239848, -0.11280385, -0.0237724, 0.29632037, -0.19221151, -0.19074361, 0.29768758, -0.0336867, -0.21939604, 0.3175463, 0.10316496, -0.0810775, 0.33603769, 0.08149177, 0.08589371, 0.33467048, -0.0770331, 0.11454614, 0.31481176, -0.21388464, -0.06746332, 0.5094183, -0.18753606, -0.18498151, 0.5104702, -0.07599252, -0.2049676, 0.52455502, 0.02050099, -0.10743575, 0.53758769, 0.0054509, 0.01008226, 0.53653603, -0.10609263, 0.03006842, 0.52245097, -0.20258605, 0.00513204, -0.05351157, 0.01293089, -0.1028106, 0.59261875, -0.09942958], 
    "materials": [{
        "opacity": 0.0, 
        "colorDiffuse": [0.4000000059604645, 0.4000000059604645, 0.4000000059604645], 
        "depthWrite": true, 
        "blending": "NormalBlending", 
        "shading": "Lambert", 
        "DbgName": "lambert1", 
        "transparent": true, 
        "depthTest": true, 
        "vertexColors": false
    }], 
    "normals": [-0.65262216, -0.32446611, -0.68469405, -0.65262222, -0.32446614, -0.68469417, -0.65262222, -0.32446611, -0.68469411, -0.65262222, -0.32446617, -0.68469411, -0.93095207, -0.33934841, -0.13479838, -0.93095219, -0.33934844, -0.13479841, -0.93095219, -0.33934847, -0.13479841, -0.93095213, -0.33934844, -0.13479839, 0.13962086, 0.03502965, 0.98958534, 0.13962084, 0.03502964, 0.98958516, 0.13962086, 0.03502964, 0.98958516, 0.13962086, 0.03502964, 0.98958516, 0.68217933, 0.14231233, 0.71720183, 0.68217927, 0.14231233, 0.71720183, 0.68217939, 0.14231235, 0.71720189, 0.68217933, 0.14231233, 0.71720183, 0.98121691, 0.01349282, 0.19243504, 0.98121691, 0.01349282, 0.19243501, 0.98121697, 0.01349282, 0.19243503, 0.98121691, 0.01349282, 0.19243501, -0.08652154, -0.35989353, -0.92897296, -0.08652153, -0.35989347, -0.9289729, -0.08652154, -0.35989353, -0.92897296, -0.08652154, -0.3598935, -0.92897284, -0.68369216, -0.12442703, -0.71908486, -0.68369216, -0.12442702, -0.71908486, -0.6836921, -0.12442702, -0.71908486, -0.68369216, -0.12442701, -0.71908486, -0.97925442, -0.01309858, -0.20221058, -0.97925442, -0.01309858, -0.20221058, -0.97925448, -0.01309858, -0.20221058, -0.97925442, -0.01309857, -0.20221055, 0.09582496, 0.36285505, 0.92690545, 0.09582496, 0.36285508, 0.92690545, 0.09582496, 0.36285511, 0.92690551, 0.09582498, 0.36285511, 0.92690557, 0.64862585, 0.34148267, 0.68020147, 0.64862579, 0.3414827, 0.68020147, 0.64862585, 0.3414827, 0.68020147, 0.64862585, 0.3414827, 0.68020153, 0.92017245, 0.3661842, 0.13853411, 0.92017251, 0.36618426, 0.13853414, 0.92017239, 0.36618423, 0.13853411, 0.92017239, 0.36618423, 0.13853414, -0.1526722, -0.00898816, -0.98823607, -0.1526722, -0.00898816, -0.98823595, -0.15267222, -0.00898816, -0.98823601, -0.15267219, -0.00898816, -0.98823589, -0.5364874, -0.63065743, -0.56076056, -0.5364874, -0.63065743, -0.56076056, -0.5364874, -0.63065737, -0.5607605, -0.67564869, -0.73709977, -0.01351946, -0.67564869, -0.73709971, -0.01351946, -0.67564869, -0.73709971, -0.01351946, 0.17600554, -0.4392775, 0.88094109, 0.17600551, -0.43927747, 0.88094115, 0.17600554, -0.43927753, 0.88094121, 0.67318988, -0.20763484, 0.70972049, 0.67318988, -0.20763479, 0.70972049, 0.67318982, -0.20763479, 0.70972049, 0.8681348, -0.44327518, 0.22326878, 0.86813486, -0.44327518, 0.22326876, 0.8681348, -0.44327521, 0.22326876, 0.01648004, -0.7410984, -0.67119408, 0.01648004, -0.7410984, -0.67119408, 0.01648004, -0.7410984, -0.67119414, -0.61888403, 0.4318651, -0.65610605, -0.61888403, 0.43186507, -0.656106, -0.61888403, 0.4318651, -0.656106, -0.719567, 0.65016603, -0.24394111, -0.71956706, 0.65016609, -0.24394111, -0.71956706, 0.65016603, -0.24394113, -0.04694206, 0.88538057, 0.46249065, -0.04694207, 0.88538063, 0.46249071, -0.04694206, 0.88538057, 0.46249071, 0.42090589, 0.79547775, 0.43595108, 0.42090586, 0.79547775, 0.43595111, 0.42090595, 0.79547781, 0.43595114, 0.44271404, 0.89581156, -0.03906244, 0.44271404, 0.89581162, -0.03906244, 0.44271407, 0.89581156, -0.03906244, -0.19984013, 0.6711095, -0.71391594, -0.1998401, 0.67110944, -0.71391582, -0.19984013, 0.6711095, -0.71391588], 
    "metadata": {
        "formatVersion": 3.1, 
        "generatedBy": "Maya Exporter"
    }
}