{
    "uvs": [[0.86780846118927, 0.4846782088279724, 0.6937301158905029, 0.7218356132507324, 0.7218338251113892, 0.8050894737243652, 0.917577862739563, 0.5446509122848511, 0.5077298879623413, 0.8416635990142822, 0.23538076877593994, 0.7490413188934326, 0.18457072973251343, 0.7958712577819824, 0.4633287787437439, 1.0, 0.21704864501953125, 0.7212378978729248, 0.4174160957336426, 0.8692729473114014, 0.7236952781677246, 0.7463341951370239, 0.8967899084091187, 0.5163789987564087, 0.6897245645523071, 0.5112264156341553, 0.8812106847763062, 0.3945541977882385, 0.23704403638839722, 0.4960975646972656, 0.41053617000579834, 0.5323944091796875, 0.26929545402526855, 0.44647955894470215, 0.4167081117630005, 0.4687459468841553, 0.6179273128509521, 0.4185863137245178, 0.8464725017547607, 0.3196999430656433, 0.5901837348937988, 0.38851404190063477, 0.8374736309051514, 0.30418115854263306, 0.28137046098709106, 0.41024303436279297, 0.42342209815979004, 0.43852126598358154, 0.28959184885025024, 0.47389060258865356, 0.4509263038635254, 0.51368248462677, 0.6154855489730835, 0.48405396938323975, 0.8130241632461548, 0.35048192739486694, 0.6643644571304321, 0.5949983596801758, 0.8287922143936157, 0.43549931049346924, 0.2684100866317749, 0.5827929973602295, 0.48088812828063965, 0.6498829126358032, 0.06324136257171631, 0.3945953845977783, 0.0962945818901062, 0.32841551303863525, -5.960464477539063e-08, -5.960464477539063e-08, 0.04167050123214722, 0.4103568196296692, 0.1445695161819458, 0.30071479082107544, 0.13630539178848267, 0.3041290044784546, 0.1288086175918579, 0.3100239038467407, 0.08989274501800537, 0.29097163677215576, 0.0768120288848877, 0.4097002148628235, 1.0, 0.25286567211151123]], 
    "faces": [41, 0, 26, 30, 19, 0, 1, 2, 3, 0, 1, 2, 3, 41, 18, 34, 38, 20, 4, 5, 6, 7, 4, 5, 6, 7, 41, 20, 38, 35, 9, 7, 6, 8, 9, 7, 6, 8, 9, 41, 19, 30, 27, 2, 3, 2, 10, 11, 3, 2, 10, 11, 41, 2, 27, 31, 10, 11, 10, 12, 13, 11, 10, 12, 13, 41, 9, 35, 39, 21, 9, 8, 14, 15, 9, 8, 14, 15, 41, 21, 39, 36, 12, 15, 14, 16, 17, 15, 14, 16, 17, 41, 10, 31, 28, 4, 13, 12, 18, 19, 13, 12, 18, 19, 41, 4, 28, 32, 13, 19, 18, 20, 21, 19, 18, 20, 21, 41, 12, 36, 40, 22, 17, 16, 22, 23, 17, 16, 22, 23, 41, 22, 40, 37, 15, 23, 22, 24, 25, 23, 22, 24, 25, 41, 13, 32, 29, 6, 21, 20, 26, 27, 21, 20, 26, 27, 41, 6, 29, 33, 16, 27, 26, 28, 29, 27, 26, 28, 29, 41, 15, 37, 41, 23, 25, 24, 30, 31, 25, 24, 30, 31, 41, 23, 41, 34, 18, 31, 30, 5, 4, 31, 30, 5, 4, 41, 16, 33, 26, 0, 29, 28, 1, 0, 29, 28, 1, 0, 41, 1, 17, 24, 8, 32, 33, 34, 35, 32, 33, 34, 35, 41, 17, 7, 14, 24, 33, 36, 37, 34, 33, 36, 37, 34, 41, 24, 14, 5, 11, 34, 37, 38, 39, 34, 37, 38, 39, 41, 8, 24, 11, 3, 35, 34, 39, 40, 35, 34, 39, 40, 41, 6, 16, 25, 13, 27, 29, 41, 21, 27, 29, 41, 21, 41, 16, 0, 19, 25, 29, 0, 3, 41, 29, 0, 3, 41, 41, 25, 19, 2, 10, 41, 3, 11, 13, 41, 3, 11, 13, 41, 13, 25, 10, 4, 21, 41, 13, 19, 21, 41, 13, 19, 41, 30, 26, 18, 20, 2, 1, 4, 7, 2, 1, 4, 7, 41, 27, 30, 20, 9, 10, 2, 7, 9, 10, 2, 7, 9, 41, 31, 27, 9, 21, 12, 10, 9, 15, 12, 10, 9, 15, 41, 28, 31, 21, 12, 18, 12, 15, 17, 18, 12, 15, 17, 41, 32, 28, 12, 22, 20, 18, 17, 23, 20, 18, 17, 23, 41, 29, 32, 22, 15, 26, 20, 23, 25, 26, 20, 23, 25, 41, 33, 29, 15, 23, 28, 26, 25, 31, 28, 26, 25, 31, 41, 26, 33, 23, 18, 1, 28, 31, 4, 1, 28, 31, 4, 41, 38, 34, 1, 8, 6, 5, 32, 35, 6, 5, 32, 35, 41, 35, 38, 8, 3, 8, 6, 35, 40, 8, 6, 35, 40, 41, 39, 35, 3, 11, 14, 8, 40, 39, 14, 8, 40, 39, 41, 36, 39, 11, 5, 16, 14, 39, 38, 16, 14, 39, 38, 41, 40, 36, 5, 14, 22, 16, 38, 37, 22, 16, 38, 37, 41, 37, 40, 14, 7, 24, 22, 37, 36, 24, 22, 37, 36, 41, 41, 37, 7, 17, 30, 24, 36, 33, 30, 24, 36, 33, 41, 34, 41, 17, 1, 5, 30, 33, 32, 5, 30, 33, 32], 
    "vertices": [4.37179422, -0.25540173, 0.50184464, -4.55230427, -0.28391287, 0.90789717, 4.69325018, 0.06270194, 0.35895211, -4.40178108, 0.00510943, 0.8398115, 4.13513899, 0.06477645, 1.24549174, -3.82504559, -0.02933133, 1.28910708, 3.76413727, -0.26146421, 1.10674059, -3.65022874, -0.32721108, 1.33106816, -4.79156399, -0.15388933, 0.83685172, -0.62386847, 0.51042521, -1.23173308, 4.52044916, 0.14440769, 0.90808284, -4.25669289, 0.00416716, 1.37498605, -0.63172156, 0.14283337, 0.57366025, 4.035326, -0.13807048, 1.3154434, -3.74189258, -0.18415886, 1.3156786, -0.25218037, -0.32670742, 0.37110651, 3.93903375, -0.27862591, 0.72352087, -4.18568468, -0.42312664, 1.20620596, 0.37787384, -0.36583, -1.10728312, 4.92382622, -0.13745919, 0.23151521, -0.11461449, -0.11664192, -1.82099116, -0.70017946, 0.69678384, 0.28676191, -0.55725092, -0.13493451, 0.70989919, 0.08015081, -0.38780761, -0.24282275, -5.25376558, -0.17533013, 2.68655396, 5.83803558, -0.14267096, 1.54675043, 2.44095135, -0.27618605, -0.5671528, 2.77331972, 0.42424306, -0.67758143, 1.60016179, 0.16771519, 0.799757, 1.57307816, -0.32188317, 0.50465846, 2.75267243, -0.06510229, -0.94242328, 2.39652228, 0.71604133, 0.3821778, 1.29243577, -0.14303198, 0.93530923, 2.11523318, -0.33957303, 0.00457147, -2.64296865, -0.41424447, -0.68978411, -2.84630489, 0.10238858, -0.56445891, -2.26679301, -0.02496561, 0.67402679, -2.04166985, -0.33161908, 0.55047029, -3.20654297, -0.13626128, -0.90087205, -2.62451982, 0.20549278, 0.4503715, -2.13285971, -0.17340669, 0.83736467, -2.27661324, -0.42089, 0.05958804], 
    "materials": [], 
    "normals": [0.11767334, -0.98114449, -0.15332419, 0.10021153, -0.96988815, -0.22197896, 0.32764998, -0.0312915, -0.9442808, 0.57761055, -0.48278308, -0.65824497, 0.04215248, -0.97088587, -0.23580483, -0.0876173, -0.96451956, -0.24904877, -0.50480396, -0.13707274, -0.85228169, 0.03685183, -0.06109625, -0.99745136, -0.2494518, 0.91308725, -0.32256082, -0.07313044, 0.9161799, -0.39403853, 0.1727189, 0.90149218, -0.39683715, 0.35794362, 0.87385535, -0.32901835, 0.06091974, 0.99429971, 0.08750458, 0.19593731, 0.97006291, 0.14348026, -0.14521708, 0.98631394, 0.07808256, -0.07886889, 0.9898625, 0.11811801, 0.05046842, 0.60885924, 0.79167116, -0.04766041, 0.54228991, 0.83883852, -0.06889331, 0.57246131, 0.81703228, -0.03385047, 0.74363977, 0.66772294, -0.11241142, -0.42001629, 0.90052754, -0.09387866, -0.32481441, 0.94110698, 0.1862829, -0.08969158, 0.97839367, -0.02511981, -0.35066038, 0.93616575, 0.07056685, -0.95863098, 0.27576613, 0.00405088, -0.97155172, 0.23679267, -0.01960264, -0.97722125, 0.21131535, -0.02552339, -0.96702552, 0.25339702, 0.03090594, -0.99951357, -0.00415427, 0.0415096, -0.99894756, 0.01950607, -0.00016547, -0.99983573, 0.01812213, 0.01891474, -0.99970889, 0.01497816, -0.26527664, -0.94938445, -0.16821875, -0.05547605, -0.99742573, 0.04543594, -0.89409983, 0.01478619, 0.44762346, -0.87909579, -0.01915691, -0.47625992, 0.18009612, -0.91832113, 0.35249346, 0.46706855, -0.05242649, 0.88266546, 0.25131249, 0.8115285, 0.52750695, -0.06803299, 0.99383193, 0.08757585, -0.22566384, 0.96587247, -0.12714665, 0.7343502, -0.63997787, 0.22618143], 
    "metadata": {
        "formatVersion": 3.1, 
        "generatedBy": "Maya Exporter"
    }
}