{
    "uvs": [[0.13317900896072388, 0.46492213010787964, 0.17209434509277344, 0.41061651706695557, 0.15330082178115845, 0.3927094340324402, 0.10585331916809082, 0.47291815280914307, 0.23497647047042847, 0.3598121404647827, 0.32745420932769775, 0.3343488574028015, 0.34000712633132935, 0.31889379024505615, 0.22307002544403076, 0.3226875066757202, 0.3380967378616333, 0.335565984249115, 0.24237042665481567, 0.3525936007499695, 0.1810760498046875, 0.4106730818748474, 0.13219046592712402, 0.4678778052330017, 0.2025749683380127, 0.436819851398468, 0.1431180238723755, 0.5030410289764404, 0.347933828830719, 0.3682088255882263, 0.27830028533935547, 0.4014754891395569, 0.34920305013656616, 0.39706701040267944, 0.29368507862091064, 0.43949002027511597, 0.22563689947128296, 0.4602590799331665, 0.18319255113601685, 0.5139302015304565, 0.23761320114135742, 0.4713757634162903, 0.1716853380203247, 0.5313652753829956, 0.35177695751190186, 0.4060216546058655, 0.29721224308013916, 0.4425576329231262, 0.34352028369903564, 0.3966161012649536, 0.2836322784423828, 0.4289170503616333, 0.22893989086151123, 0.4615103602409363, 0.17604798078536987, 0.5042665004730225, 0.1991102695465088, 0.436082661151886, 0.145859956741333, 0.4974522590637207, 0.33780544996261597, 0.36743974685668945, 0.2606661319732666, 0.39883744716644287, 0.40967410802841187, 0.31924259662628174, 0.42113304138183594, 0.35646337270736694, 0.470905065536499, 0.36243736743927, 0.4295385479927063, 0.3091312646865845, 0.40324145555496216, 0.3872186541557312, 0.41574960947036743, 0.3907092809677124, 0.41458624601364136, 0.38264966011047363, 0.4315509796142578, 0.35441911220550537, 0.41876763105392456, 0.32195472717285156, 0.11260783672332764, 0.5423034429550171]], 
    "faces": [41, 0, 26, 30, 19, 0, 1, 2, 3, 0, 1, 2, 3, 41, 18, 34, 38, 20, 4, 5, 6, 7, 4, 5, 6, 7, 41, 20, 38, 35, 9, 7, 6, 8, 9, 7, 6, 8, 9, 41, 19, 30, 27, 2, 3, 2, 10, 11, 3, 2, 10, 11, 41, 2, 27, 31, 10, 11, 10, 12, 13, 11, 10, 12, 13, 41, 9, 35, 39, 21, 9, 8, 14, 15, 9, 8, 14, 15, 41, 21, 39, 36, 12, 15, 14, 16, 17, 15, 14, 16, 17, 41, 10, 31, 28, 4, 13, 12, 18, 19, 13, 12, 18, 19, 41, 4, 28, 32, 13, 19, 18, 20, 21, 19, 18, 20, 21, 41, 12, 36, 40, 22, 17, 16, 22, 23, 17, 16, 22, 23, 41, 22, 40, 37, 15, 23, 22, 24, 25, 23, 22, 24, 25, 41, 13, 32, 29, 6, 21, 20, 26, 27, 21, 20, 26, 27, 41, 6, 29, 33, 16, 27, 26, 28, 29, 27, 26, 28, 29, 41, 15, 37, 41, 23, 25, 24, 30, 31, 25, 24, 30, 31, 41, 23, 41, 34, 18, 31, 30, 5, 4, 31, 30, 5, 4, 41, 16, 33, 26, 0, 29, 28, 1, 0, 29, 28, 1, 0, 41, 1, 17, 24, 8, 32, 33, 34, 35, 32, 33, 34, 35, 41, 17, 7, 14, 24, 33, 36, 37, 34, 33, 36, 37, 34, 41, 24, 14, 5, 11, 34, 37, 38, 39, 34, 37, 38, 39, 41, 8, 24, 11, 3, 35, 34, 39, 40, 35, 34, 39, 40, 41, 6, 16, 25, 13, 27, 29, 41, 21, 27, 29, 41, 21, 41, 16, 0, 19, 25, 29, 0, 3, 41, 29, 0, 3, 41, 41, 25, 19, 2, 10, 41, 3, 11, 13, 41, 3, 11, 13, 41, 13, 25, 10, 4, 21, 41, 13, 19, 21, 41, 13, 19, 41, 30, 26, 18, 20, 2, 1, 4, 7, 2, 1, 4, 7, 41, 27, 30, 20, 9, 10, 2, 7, 9, 10, 2, 7, 9, 41, 31, 27, 9, 21, 12, 10, 9, 15, 12, 10, 9, 15, 41, 28, 31, 21, 12, 18, 12, 15, 17, 18, 12, 15, 17, 41, 32, 28, 12, 22, 20, 18, 17, 23, 20, 18, 17, 23, 41, 29, 32, 22, 15, 26, 20, 23, 25, 26, 20, 23, 25, 41, 33, 29, 15, 23, 28, 26, 25, 31, 28, 26, 25, 31, 41, 26, 33, 23, 18, 1, 28, 31, 4, 1, 28, 31, 4, 41, 38, 34, 1, 8, 6, 5, 32, 35, 6, 5, 32, 35, 41, 35, 38, 8, 3, 8, 6, 35, 40, 8, 6, 35, 40, 41, 39, 35, 3, 11, 14, 8, 40, 39, 14, 8, 40, 39, 41, 36, 39, 11, 5, 16, 14, 39, 38, 16, 14, 39, 38, 41, 40, 36, 5, 14, 22, 16, 38, 37, 22, 16, 38, 37, 41, 37, 40, 14, 7, 24, 22, 37, 36, 24, 22, 37, 36, 41, 41, 37, 7, 17, 30, 24, 36, 33, 30, 24, 36, 33, 41, 34, 41, 17, 1, 5, 30, 33, 32, 5, 30, 33, 32], 
    "vertices": [0.90430975, 0.4906961, -0.60036445, -0.90630043, 0.41112301, -0.57171464, 0.58958721, 0.65966773, -0.60834575, -0.68114448, 0.69537073, -0.57660103, 0.52407813, 0.56749761, 0.06041831, -0.59800923, 0.52918828, 0.06106591, 0.82717156, 0.35161188, 0.05962521, -0.86939228, 0.2971907, 0.06080866, -0.83678073, 0.65357918, -0.5770545, 0.00768018, 0.02973497, -0.69856477, 0.57583475, 0.76483351, -0.21364006, -0.66096169, 0.77154338, -0.20909476, 0.01148367, 0.00396705, 0.12762195, 0.78939939, 0.56898206, 0.06148434, -0.81751388, 0.51565433, 0.06214273, -0.00206828, -0.56983024, -0.01457351, 1.05573797, 0.45826522, -0.25502196, -1.05573797, 0.36354968, -0.22903085, -0.00026751, -0.60841739, -0.52417207, 0.80686378, 0.66049159, -0.61782002, 0.00254416, -0.40862966, -0.68767929, -0.0064137, 0.28916132, -0.28446853, 0.00680447, -0.3620342, 0.09140241, -0.00296497, -0.7853362, -0.29821932, -0.94102055, 0.73868573, -0.20496774, 0.89212656, 0.78533614, -0.2105612, 0.57002687, -0.14051396, -0.65450287, 0.25143719, 0.316073, -0.69375086, 0.28230381, 0.29058838, 0.12691766, 0.54548407, -0.13102168, 0.06868649, 0.4141531, 0.01103342, -0.72093463, 0.20471334, 0.47523141, -0.28838134, 0.39044476, -0.03046381, 0.12860206, 0.68410635, -0.2224212, -0.29018521, -0.5445081, -0.13903746, -0.62703109, -0.29300106, 0.35446519, -0.6716516, -0.29630649, 0.26365864, 0.12773216, -0.54089642, -0.17084923, 0.06925237, -0.41284823, 0.05927199, -0.68528271, -0.23143232, 0.47564179, -0.26954019, -0.44497585, -0.02342391, 0.12887549, -0.66213906, -0.25685358, -0.27389991], 
    "materials": [], 
    "normals": [0.76663911, -0.13877292, -0.62690234, 0.60705227, -0.50276518, -0.61539805, 0.13261652, -0.08986356, -0.98708528, 0.3549245, 0.53097099, -0.76947927, 0.00883174, -0.77756691, -0.62873816, -0.57283944, -0.49452731, -0.65368003, -0.16302079, -0.06964111, -0.98416185, -0.02480333, -0.31860119, -0.94756424, 0.37018058, 0.54478449, -0.75244677, -0.03832586, 0.26102903, -0.96456993, -0.39146435, 0.48657182, -0.7810272, -0.28884849, 0.67835468, -0.67557496, -0.67376208, 0.73888218, 0.00988822, -0.41250566, 0.90674639, 0.08746433, 0.62241077, 0.7801466, 0.06305578, 0.00637719, 0.99764359, 0.06831237, 0.3313221, 0.44725385, 0.83077651, -0.00787105, 0.25150117, 0.96782494, -0.36334339, 0.43491086, 0.82391393, -0.30315077, 0.56017715, 0.77090925, 0.11462939, -0.12324665, 0.98573333, 0.37064898, 0.39090407, 0.8425042, -0.10714051, -0.10789639, 0.98837203, 0.01275213, -0.28046685, 0.9597789, -0.54215032, -0.56468046, 0.62226111, 0.03326647, -0.78342932, 0.62058997, 0.57899922, -0.52845472, 0.62088281, 0.69619292, -0.25863969, 0.66964245, 0.76442581, -0.64463967, 0.0096161, 0.97543836, -0.22027113, 0.00067607, -0.73323494, -0.6793704, -0.02867463, 0.0243394, -0.99953288, 0.0184805, -0.72416085, -0.18636723, -0.6639716, -0.95789784, -0.28610834, -0.02395217, -0.70705479, 0.68828893, 0.16227075, -0.49957472, 0.41551277, -0.76011455, -0.69663793, -0.296808, 0.65314674, -0.40982768, 0.33441988, 0.84864861, 0.25364712, 0.56260931, 0.78685057, 0.36332667, 0.9208889, 0.14126997, 0.24582539, 0.72412157, -0.64437401, 0.52395684, 0.83682173, 0.15874068], 
    "metadata": {
        "formatVersion": 3.1, 
        "generatedBy": "Maya Exporter"
    }
}