{
    "uvs": [[0.31172847747802734, 0.009509623050689697, 0.7676547765731812, 0.061049818992614746, 0.8781919479370117, 0.815253734588623, 0.19198006391525269, 0.990490198135376, 0.8781919479370117, 0.815253734588623, 0.19198006391525269, 0.990490198135376, 0.7676547765731812, 0.061049818992614746, 0.31172847747802734, 0.009509623050689697, 0.7676547765731812, 0.061049818992614746, 0.7676547765731812, 0.061049818992614746, 0.7676547765731812, 0.061049818992614746, 0.7676547765731812, 0.061049818992614746, 0.3117285370826721, 0.009509623050689697, 0.31172847747802734, 0.009509623050689697, 0.3117285370826721, 0.009509623050689697, 0.31172847747802734, 0.009509623050689697, 0.8781919479370117, 0.815253734588623, 0.8781919479370117, 0.815253734588623, 0.1919800490140915, 0.990490198135376, 0.19198006391525269, 0.990490198135376, 0.8781919479370117, 0.815253734588623, 0.8781919479370117, 0.815253734588623, 0.19198006391525269, 0.990490198135376, 0.19198006391525269, 0.990490198135376]], 
    "faces": [41, 0, 1, 3, 2, 14, 10, 20, 22, 0, 1, 2, 3, 41, 2, 3, 5, 4, 3, 21, 16, 18, 4, 5, 6, 7, 41, 4, 5, 7, 6, 5, 17, 8, 12, 8, 9, 10, 11, 41, 6, 7, 1, 0, 7, 9, 1, 15, 12, 13, 14, 15, 41, 1, 7, 5, 3, 11, 6, 4, 2, 16, 17, 18, 19, 41, 6, 0, 2, 4, 13, 0, 23, 19, 20, 21, 22, 23], 
    "vertices": [-0.34723482, -0.03837109, 0.28432834, 0.34723482, 0.04013529, 0.28432834, -0.52963644, 1.45586443, 0.28432834, 0.51560557, 1.18894303, 0.28432834, -0.52963644, 1.45586443, -0.28432834, 0.51560557, 1.18894303, -0.28432834, -0.34723482, -0.03837109, -0.28432834, 0.34723482, 0.04013529, -0.28432834], 
    "materials": [{
        "opacity": 0.0, 
        "colorDiffuse": [0.4000000059604645, 0.4000000059604645, 0.4000000059604645], 
        "depthWrite": true, 
        "blending": "NormalBlending", 
        "shading": "Lambert", 
        "DbgName": "lambert1", 
        "transparent": true, 
        "depthTest": true, 
        "vertexColors": false
    }], 
    "normals": [0.0, 0.0, 1.0, 0.0, 0.0, 0.99999994, 0.0, 0.0, 1.0, 0.0, 0.0, 1.00000012, 0.24742773, 0.96890634, 0.0, 0.24742773, 0.96890634, 0.0, 0.24742773, 0.96890634, 0.0, 0.24742773, 0.96890634, 0.0, 0.0, 0.0, -1.00000012, 0.0, 0.0, -1.0, 0.0, 0.0, -0.99999994, 0.0, 0.0, -1.0, 0.11232964, -0.99367106, 0.0, 0.11232964, -0.99367106, 0.0, 0.11232964, -0.99367106, 0.0, 0.11232964, -0.99367106, 0.0, 0.98942989, -0.14501211, 0.0, 0.98942989, -0.14501211, 0.0, 0.98942989, -0.14501211, 0.0, 0.98942989, -0.14501211, 0.0, -0.99263167, -0.12117076, 0.0, -0.99263167, -0.12117076, 0.0, -0.99263167, -0.12117076, 0.0, -0.99263167, -0.12117076, 0.0], 
    "metadata": {
        "formatVersion": 3.1, 
        "generatedBy": "Maya Exporter"
    }
}