{
    "uvs": [[0.8397848606109619, 0.5795494318008423, 0.6847410202026367, 0.754967451095581, 0.7001385688781738, 0.8213741779327393, 0.9022793769836426, 0.5112366676330566, 0.46260225772857666, 0.8385993242263794, 0.24726778268814087, 0.7360252141952515, 0.20594441890716553, 0.7561118602752686, 0.43569642305374146, 0.9526419639587402, 0.23244452476501465, 0.7049849033355713, 0.4393024444580078, 0.8556826114654541, 0.654504656791687, 0.7413135766983032, 0.8244143724441528, 0.5700092315673828, 0.6409074068069458, 0.6406505107879639, 0.8486342430114746, 0.4563623070716858, 0.25444352626800537, 0.5892462730407715, 0.4315475821495056, 0.6683257818222046, 0.28644585609436035, 0.512749433517456, 0.44846367835998535, 0.5348367691040039, 0.6202594041824341, 0.5450236797332764, 0.7794927358627319, 0.46394824981689453, 0.6109788417816162, 0.5114855766296387, 0.8225351572036743, 0.3948369026184082, 0.28858834505081177, 0.5035839080810547, 0.4443141222000122, 0.5323692560195923, 0.292507529258728, 0.5435317754745483, 0.45541661977767944, 0.5861668586730957, 0.6191024780273438, 0.5447863340377808, 0.7916973829269409, 0.47150224447250366, 0.6534125804901123, 0.6415517330169678, 0.8534190654754639, 0.46539509296417236, 0.2680264711380005, 0.6235781908035278, 0.46373677253723145, 0.6992506980895996, 0.09901237487792969, 0.43194347620010376, 0.10757017135620117, 0.31815123558044434, 0.017099976539611816, 0.03068709373474121, 0.056527018547058105, 0.37553977966308594, 0.1664646863937378, 0.3701122999191284, 0.1511070728302002, 0.30977773666381836, 0.16255050897598267, 0.34447455406188965, 0.09770846366882324, 0.27667999267578125, 0.09400582313537598, 0.40041470527648926, 0.9725542068481445, 0.2237485647201538]], 
    "faces": [41, 0, 26, 30, 19, 0, 1, 2, 3, 0, 1, 2, 3, 41, 18, 34, 38, 20, 4, 5, 6, 7, 4, 5, 6, 7, 41, 20, 38, 35, 9, 7, 6, 8, 9, 7, 6, 8, 9, 41, 19, 30, 27, 2, 3, 2, 10, 11, 3, 2, 10, 11, 41, 2, 27, 31, 10, 11, 10, 12, 13, 11, 10, 12, 13, 41, 9, 35, 39, 21, 9, 8, 14, 15, 9, 8, 14, 15, 41, 21, 39, 36, 12, 15, 14, 16, 17, 15, 14, 16, 17, 41, 10, 31, 28, 4, 13, 12, 18, 19, 13, 12, 18, 19, 41, 4, 28, 32, 13, 19, 18, 20, 21, 19, 18, 20, 21, 41, 12, 36, 40, 22, 17, 16, 22, 23, 17, 16, 22, 23, 41, 22, 40, 37, 15, 23, 22, 24, 25, 23, 22, 24, 25, 41, 13, 32, 29, 6, 21, 20, 26, 27, 21, 20, 26, 27, 41, 6, 29, 33, 16, 27, 26, 28, 29, 27, 26, 28, 29, 41, 15, 37, 41, 23, 25, 24, 30, 31, 25, 24, 30, 31, 41, 23, 41, 34, 18, 31, 30, 5, 4, 31, 30, 5, 4, 41, 16, 33, 26, 0, 29, 28, 1, 0, 29, 28, 1, 0, 41, 1, 17, 24, 8, 32, 33, 34, 35, 32, 33, 34, 35, 41, 17, 7, 14, 24, 33, 36, 37, 34, 33, 36, 37, 34, 41, 24, 14, 5, 11, 34, 37, 38, 39, 34, 37, 38, 39, 41, 8, 24, 11, 3, 35, 34, 39, 40, 35, 34, 39, 40, 41, 6, 16, 25, 13, 27, 29, 41, 21, 27, 29, 41, 21, 41, 16, 0, 19, 25, 29, 0, 3, 41, 29, 0, 3, 41, 41, 25, 19, 2, 10, 41, 3, 11, 13, 41, 3, 11, 13, 41, 13, 25, 10, 4, 21, 41, 13, 19, 21, 41, 13, 19, 41, 30, 26, 18, 20, 2, 1, 4, 7, 2, 1, 4, 7, 41, 27, 30, 20, 9, 10, 2, 7, 9, 10, 2, 7, 9, 41, 31, 27, 9, 21, 12, 10, 9, 15, 12, 10, 9, 15, 41, 28, 31, 21, 12, 18, 12, 15, 17, 18, 12, 15, 17, 41, 32, 28, 12, 22, 20, 18, 17, 23, 20, 18, 17, 23, 41, 29, 32, 22, 15, 26, 20, 23, 25, 26, 20, 23, 25, 41, 33, 29, 15, 23, 28, 26, 25, 31, 28, 26, 25, 31, 41, 26, 33, 23, 18, 1, 28, 31, 4, 1, 28, 31, 4, 41, 38, 34, 1, 8, 6, 5, 32, 35, 6, 5, 32, 35, 41, 35, 38, 8, 3, 8, 6, 35, 40, 8, 6, 35, 40, 41, 39, 35, 3, 11, 14, 8, 40, 39, 14, 8, 40, 39, 41, 36, 39, 11, 5, 16, 14, 39, 38, 16, 14, 39, 38, 41, 40, 36, 5, 14, 22, 16, 38, 37, 22, 16, 38, 37, 41, 37, 40, 14, 7, 24, 22, 37, 36, 24, 22, 37, 36, 41, 41, 37, 7, 17, 30, 24, 36, 33, 30, 24, 36, 33, 41, 34, 41, 17, 1, 5, 30, 33, 32, 5, 30, 33, 32], 
    "vertices": [4.06096172, -0.32951808, 0.0742085, -4.15553904, -0.36911556, 0.73954886, 3.89047575, 0.09951269, 0.11721125, -4.21107149, 0.09313314, 0.88166618, 3.39221358, 0.08132583, 0.59528613, -3.45078707, 0.01326256, 1.13381886, 3.52758551, -0.29236469, 0.56123602, -3.40737128, -0.25743777, 1.01825571, -4.62677813, -0.14425582, 0.99379116, -0.38110989, 0.59352493, -1.17047453, 4.15911818, 0.17536926, 0.62948, -4.17000198, 0.08590794, 1.43940592, -0.27949521, 0.35306421, 0.27575272, 3.86963129, -0.11755075, 0.90680838, -3.57771564, -0.12414752, 1.29021668, -0.20237449, -0.37676042, 0.04437982, 4.21218967, -0.30622467, 0.58876443, -4.06061792, -0.35725123, 1.25247276, -0.1226728, -0.27893221, -1.09347081, 4.75413799, -0.09373632, 0.38213128, -0.42110682, 0.0420962, -1.60752308, -0.46712485, 0.58781946, -0.32595521, -0.32552081, -0.10638284, 0.28687504, -0.11008878, -0.3585006, -0.46535057, -5.06409502, -0.17008032, 2.54823017, 5.53361368, -0.18521012, 1.67799675, 2.34124684, -0.38632375, -0.71649635, 2.00587082, 0.25428194, -0.65495086, 1.62602949, 0.15006797, 0.22983479, 1.61319602, -0.31128278, 0.23090467, 2.51203275, -0.07406587, -1.01582742, 1.85505271, 0.37385926, -0.20120727, 1.52309084, -0.0860776, 0.38100934, 1.99375725, -0.31813702, -0.20526955, -2.51111984, -0.29114023, -0.63111299, -2.67553616, 0.33877477, -0.49119735, -2.07656479, 0.18278342, 0.37531269, -2.0093298, -0.27779627, 0.23655951, -2.96947002, -0.00164095, -0.72165471, -2.43152833, 0.41550732, 0.03049965, -2.05280042, -0.07397082, 0.41662633, -2.28086829, -0.37631306, -0.1242533], 
    "materials": [], 
    "normals": [0.21015953, -0.92891127, -0.30488831, 0.09149537, -0.93606699, -0.3397162, 0.34788236, 0.1242253, -0.92927176, 0.77889997, 0.18437187, -0.59943449, -0.00948335, -0.92111146, -0.38918346, -0.1420445, -0.90867901, -0.39258862, -0.54059494, 0.05619459, -0.83940405, -0.06457001, 0.06085451, -0.99605596, -0.27018896, 0.87876558, -0.39340672, 0.00044849, 0.8948319, -0.44640297, 0.19292702, 0.88395166, -0.4259209, 0.24466205, 0.90605038, -0.34527263, 0.09019177, 0.9905799, 0.10303856, 0.11249935, 0.98576498, 0.12494552, -0.06445551, 0.98736733, 0.14474531, 0.00863698, 0.99023414, 0.1391459, 0.10137354, 0.72080326, 0.68568659, 0.03931809, 0.7232995, 0.68941414, -0.00959159, 0.78797174, 0.61563665, -0.11946542, 0.79487664, 0.59489417, -0.08555013, -0.15523691, 0.98416603, -0.31350243, -0.08919543, 0.94538897, 0.22930941, -0.27001455, 0.93515205, 0.02192655, -0.25223577, 0.96741742, 0.08591145, -0.92613268, 0.36728391, 0.00143923, -0.94500178, 0.32706216, -0.03056052, -0.948255, 0.31603557, -0.07384279, -0.9418844, 0.32772082, -0.00599385, -0.99974018, 0.02199062, 0.05810227, -0.99525237, 0.07808154, 0.00761345, -0.99979419, -0.01880657, -0.00510323, -0.99940085, -0.03423337, -0.28294834, -0.91480833, -0.28821152, -0.0149809, -0.9937306, 0.11079249, -0.80633134, -0.25136781, 0.53539133, -0.90809536, -0.08166312, -0.41072369, 0.26389346, -0.8698073, 0.41688791, 0.57359725, -0.20481229, 0.79311907, 0.30884883, 0.71966034, 0.62185305, -0.09059934, 0.98030412, 0.17548619, -0.36914113, 0.9066456, -0.20427516, 0.84751576, 0.29138169, 0.44363675], 
    "metadata": {
        "formatVersion": 3.1, 
        "generatedBy": "Maya Exporter"
    }
}