{
    "uvs": [[0.8685128688812256, 0.3087313771247864, 0.8235490322113037, 0.4629771411418915, 0.9385457038879395, 0.5258523225784302, 0.9663829207420349, 0.25559061765670776, 0.6748356819152832, 0.6812042593955994, 0.40161949396133423, 0.8406413197517395, 0.3801908791065216, 0.9028710126876831, 0.7236086130142212, 0.8173906207084656, 0.3546287417411804, 0.8173533082008362, 0.6002405285835266, 0.7477368712425232, 0.8691216707229614, 0.5040147304534912, 0.9269169569015503, 0.27211374044418335, 0.6823714375495911, 0.3761839270591736, 0.8482447862625122, 0.19291728734970093, 0.3124062418937683, 0.7291194796562195, 0.46422356367111206, 0.5869158506393433, 0.3064608573913574, 0.6622284054756165, 0.3941049575805664, 0.5110445022583008, 0.5507514476776123, 0.3448597192764282, 0.7072490453720093, 0.17713862657546997, 0.5141342878341675, 0.34522318840026855, 0.7243473529815674, 0.1586974859237671, 0.28342247009277344, 0.6350507736206055, 0.3891146779060364, 0.49480780959129333, 0.3055933117866516, 0.6366194486618042, 0.4466410279273987, 0.5140892267227173, 0.57407146692276, 0.3726935386657715, 0.7184858322143555, 0.23003804683685303, 0.6978885531425476, 0.41611427068710327, 0.8254488110542297, 0.23150008916854858, 0.3453199863433838, 0.7178183197975159, 0.5469631552696228, 0.5787431597709656, 0.1880052089691162, 0.9031378030776978, 0.13595804572105408, 0.8166594505310059, 0.031056523323059082, 0.844889760017395, 0.1424884796142578, 0.9391195774078369, 0.15451711416244507, 0.7195401787757874, 0.12206748127937317, 0.7239713072776794, 0.12855264544487, 0.7430090308189392, 0.10425564646720886, 0.8322080373764038, 0.15508100390434265, 0.9005715847015381, 0.8632627129554749, 0.10415887832641602]], 
    "faces": [41, 0, 26, 30, 19, 0, 1, 2, 3, 0, 1, 2, 3, 41, 18, 34, 38, 20, 4, 5, 6, 7, 4, 5, 6, 7, 41, 20, 38, 35, 9, 7, 6, 8, 9, 7, 6, 8, 9, 41, 19, 30, 27, 2, 3, 2, 10, 11, 3, 2, 10, 11, 41, 2, 27, 31, 10, 11, 10, 12, 13, 11, 10, 12, 13, 41, 9, 35, 39, 21, 9, 8, 14, 15, 9, 8, 14, 15, 41, 21, 39, 36, 12, 15, 14, 16, 17, 15, 14, 16, 17, 41, 10, 31, 28, 4, 13, 12, 18, 19, 13, 12, 18, 19, 41, 4, 28, 32, 13, 19, 18, 20, 21, 19, 18, 20, 21, 41, 12, 36, 40, 22, 17, 16, 22, 23, 17, 16, 22, 23, 41, 22, 40, 37, 15, 23, 22, 24, 25, 23, 22, 24, 25, 41, 13, 32, 29, 6, 21, 20, 26, 27, 21, 20, 26, 27, 41, 6, 29, 33, 16, 27, 26, 28, 29, 27, 26, 28, 29, 41, 15, 37, 41, 23, 25, 24, 30, 31, 25, 24, 30, 31, 41, 23, 41, 34, 18, 31, 30, 5, 4, 31, 30, 5, 4, 41, 16, 33, 26, 0, 29, 28, 1, 0, 29, 28, 1, 0, 41, 1, 17, 24, 8, 32, 33, 34, 35, 32, 33, 34, 35, 41, 17, 7, 14, 24, 33, 36, 37, 34, 33, 36, 37, 34, 41, 24, 14, 5, 11, 34, 37, 38, 39, 34, 37, 38, 39, 41, 8, 24, 11, 3, 35, 34, 39, 40, 35, 34, 39, 40, 41, 6, 16, 25, 13, 27, 29, 41, 21, 27, 29, 41, 21, 41, 16, 0, 19, 25, 29, 0, 3, 41, 29, 0, 3, 41, 41, 25, 19, 2, 10, 41, 3, 11, 13, 41, 3, 11, 13, 41, 13, 25, 10, 4, 21, 41, 13, 19, 21, 41, 13, 19, 41, 30, 26, 18, 20, 2, 1, 4, 7, 2, 1, 4, 7, 41, 27, 30, 20, 9, 10, 2, 7, 9, 10, 2, 7, 9, 41, 31, 27, 9, 21, 12, 10, 9, 15, 12, 10, 9, 15, 41, 28, 31, 21, 12, 18, 12, 15, 17, 18, 12, 15, 17, 41, 32, 28, 12, 22, 20, 18, 17, 23, 20, 18, 17, 23, 41, 29, 32, 22, 15, 26, 20, 23, 25, 26, 20, 23, 25, 41, 33, 29, 15, 23, 28, 26, 25, 31, 28, 26, 25, 31, 41, 26, 33, 23, 18, 1, 28, 31, 4, 1, 28, 31, 4, 41, 38, 34, 1, 8, 6, 5, 32, 35, 6, 5, 32, 35, 41, 35, 38, 8, 3, 8, 6, 35, 40, 8, 6, 35, 40, 41, 39, 35, 3, 11, 14, 8, 40, 39, 14, 8, 40, 39, 41, 36, 39, 11, 5, 16, 14, 39, 38, 16, 14, 39, 38, 41, 40, 36, 5, 14, 22, 16, 38, 37, 22, 16, 38, 37, 41, 37, 40, 14, 7, 24, 22, 37, 36, 24, 22, 37, 36, 41, 41, 37, 7, 17, 30, 24, 36, 33, 30, 24, 36, 33, 41, 34, 41, 17, 1, 5, 30, 33, 32, 5, 30, 33, 32], 
    "vertices": [4.37179422, -0.42802107, 0.50184464, -4.55230427, -0.47580212, 0.90789717, 4.69325018, 0.10508054, 0.35895211, -4.40178108, 0.00856276, 0.8398115, 4.13513899, 0.10855715, 1.24549174, -3.82504559, -0.04915561, 1.28910708, 3.76413727, -0.43818101, 1.10674059, -3.65022874, -0.54836446, 1.33106816, -4.79156399, -0.25789908, 0.83685172, -0.62386847, 0.85540825, -1.23173308, 4.52044916, 0.24200907, 0.90808284, -4.25669289, 0.00698364, 1.37498605, -0.63172156, 0.23937069, 0.57366025, 4.035326, -0.23138869, 1.3154434, -3.74189258, -0.30862701, 1.3156786, -0.25218037, -0.5475204, 0.37110651, 3.93903375, -0.46694186, 0.72352087, -4.18568468, -0.7091068, 1.20620596, 0.37787384, -0.61308491, -1.10728312, 4.92382622, -0.23036425, 0.23151521, -0.11461449, -0.19547714, -1.82099116, -0.70017946, 1.16772175, 0.28676191, -0.55725092, -0.22613323, 0.70989919, 0.08015081, -0.64991659, -0.24282275, -5.25376558, -0.29383117, 2.68655396, 5.83803558, -0.2390985, 1.54675043, 2.44095135, -0.46285295, -0.5671528, 2.77331972, 0.71097779, -0.67758143, 1.60016179, 0.28106949, 0.799757, 1.57307816, -0.53943557, 0.50465846, 2.75267243, -0.10910322, -0.94242328, 2.39652228, 1.19999492, 0.3821778, 1.29243577, -0.23970354, 0.93530923, 2.11523318, -0.56908154, 0.00457147, -2.64296865, -0.69422144, -0.68978411, -2.84630489, 0.17159033, -0.56445891, -2.26679301, -0.04183922, 0.67402679, -2.04166985, -0.55575168, 0.55047029, -3.20654297, -0.22835672, -0.90087205, -2.62451982, 0.34437996, 0.4503715, -2.13285971, -0.29060772, 0.83736467, -2.27661324, -0.70535851, 0.05958804], 
    "materials": [], 
    "normals": [0.19070451, -0.94930357, -0.24990889, 0.15956937, -0.92198622, -0.35281569, 0.33241114, -0.02030274, -0.94291604, 0.62285227, -0.30141371, -0.72194505, 0.06387568, -0.92481732, -0.37501028, -0.1400767, -0.91201818, -0.38548848, -0.49391761, -0.09555653, -0.86424208, 0.02009784, -0.03312264, -0.99924928, -0.36583528, 0.79823446, -0.47852513, -0.0955707, 0.81525069, -0.57116771, 0.24652985, 0.78369892, -0.57012177, 0.50276166, 0.72793847, -0.46619329, 0.09712257, 0.98382413, 0.15052262, 0.30641413, 0.92078757, 0.24137212, -0.23974669, 0.95729685, 0.16156799, -0.1271417, 0.97352028, 0.18998218, 0.06406808, 0.42281592, 0.90394801, -0.05403373, 0.35773185, 0.9322598, -0.07558011, 0.39244971, 0.91666287, -0.04533203, 0.5453912, 0.83695489, -0.12110811, -0.26407731, 0.95686775, -0.09577573, -0.2058921, 0.97387636, 0.18862116, -0.06570785, 0.97984928, -0.02603487, -0.22162756, 0.97478378, 0.11332712, -0.89325112, 0.43503958, 0.00806141, -0.92514122, 0.37953743, -0.03130225, -0.93974316, 0.34044501, -0.03896613, -0.9171415, 0.39665264, 0.05172893, -0.99863726, -0.00689767, 0.06939838, -0.9970597, 0.03249414, -0.00022319, -0.99953443, 0.03051007, 0.03170212, -0.99917966, 0.02519622, -0.40944055, -0.87502223, -0.25825277, -0.08978509, -0.99304301, 0.07618472, -0.83741289, -0.08029772, 0.54064023, -0.87410361, -0.01342308, -0.48555416, 0.27339545, -0.80873919, 0.52076471, 0.46791232, -0.02783521, 0.88333642, 0.32858858, 0.63390172, 0.70014149, -0.11125831, 0.98256254, 0.1489713, -0.35543185, 0.91324461, -0.19912939, 0.89082819, -0.30952489, 0.33259487], 
    "metadata": {
        "formatVersion": 3.1, 
        "generatedBy": "Maya Exporter"
    }
}