{
    "uvs": [[0.8370035886764526, 0.6589244604110718, 0.814667820930481, 0.7075891494750977, 0.8495199680328369, 0.7339189052581787, 0.8718588352203369, 0.6461701393127441, 0.7550104856491089, 0.7722959518432617, 0.657167911529541, 0.8115569353103638, 0.6470725536346436, 0.8310303688049316, 0.7644588947296143, 0.8195712566375732, 0.642809271812439, 0.8015906810760498, 0.7271767854690552, 0.79059898853302, 0.8276945352554321, 0.7233383655548096, 0.8580423593521118, 0.649695873260498, 0.7723486423492432, 0.6720987558364868, 0.835961103439331, 0.6197539567947388, 0.6331853866577148, 0.7704441547393799, 0.6901639699935913, 0.7309532165527344, 0.6344826221466064, 0.7481008768081665, 0.6707408428192139, 0.7025240659713745, 0.73047935962677, 0.6553617715835571, 0.7902436256408691, 0.6076856851577759, 0.7183891534805298, 0.6536984443664551, 0.7967789173126221, 0.6024383306503296, 0.6282104253768921, 0.7380186319351196, 0.6698862314224243, 0.6969279050827026, 0.6354436874389648, 0.7396154403686523, 0.6879135370254517, 0.706086277961731, 0.7368124723434448, 0.665674090385437, 0.7913722991943359, 0.6256736516952515, 0.7755200862884521, 0.6860193014144897, 0.8265664577484131, 0.6313644647598267, 0.6445872783660889, 0.7683210372924805, 0.7178409099578857, 0.7322878837585449, 0.5836966037750244, 0.8217594623565674, 0.5707480907440186, 0.7907133102416992, 0.534787654876709, 0.7949123382568359, 0.5669376850128174, 0.8314059972763062, 0.5815963745117188, 0.7595971822738647, 0.5706820487976074, 0.7594778537750244, 0.5718930959701538, 0.7660703659057617, 0.559538722038269, 0.7942957878112793, 0.5729665756225586, 0.8193100690841675, 0.845234751701355, 0.5912219285964966]], 
    "faces": [41, 0, 26, 30, 19, 0, 1, 2, 3, 0, 1, 2, 3, 41, 18, 34, 38, 20, 4, 5, 6, 7, 4, 5, 6, 7, 41, 20, 38, 35, 9, 7, 6, 8, 9, 7, 6, 8, 9, 41, 19, 30, 27, 2, 3, 2, 10, 11, 3, 2, 10, 11, 41, 2, 27, 31, 10, 11, 10, 12, 13, 11, 10, 12, 13, 41, 9, 35, 39, 21, 9, 8, 14, 15, 9, 8, 14, 15, 41, 21, 39, 36, 12, 15, 14, 16, 17, 15, 14, 16, 17, 41, 10, 31, 28, 4, 13, 12, 18, 19, 13, 12, 18, 19, 41, 4, 28, 32, 13, 19, 18, 20, 21, 19, 18, 20, 21, 41, 12, 36, 40, 22, 17, 16, 22, 23, 17, 16, 22, 23, 41, 22, 40, 37, 15, 23, 22, 24, 25, 23, 22, 24, 25, 41, 13, 32, 29, 6, 21, 20, 26, 27, 21, 20, 26, 27, 41, 6, 29, 33, 16, 27, 26, 28, 29, 27, 26, 28, 29, 41, 15, 37, 41, 23, 25, 24, 30, 31, 25, 24, 30, 31, 41, 23, 41, 34, 18, 31, 30, 5, 4, 31, 30, 5, 4, 41, 16, 33, 26, 0, 29, 28, 1, 0, 29, 28, 1, 0, 41, 1, 17, 24, 8, 32, 33, 34, 35, 32, 33, 34, 35, 41, 17, 7, 14, 24, 33, 36, 37, 34, 33, 36, 37, 34, 41, 24, 14, 5, 11, 34, 37, 38, 39, 34, 37, 38, 39, 41, 8, 24, 11, 3, 35, 34, 39, 40, 35, 34, 39, 40, 41, 6, 16, 25, 13, 27, 29, 41, 21, 27, 29, 41, 21, 41, 16, 0, 19, 25, 29, 0, 3, 41, 29, 0, 3, 41, 41, 25, 19, 2, 10, 41, 3, 11, 13, 41, 3, 11, 13, 41, 13, 25, 10, 4, 21, 41, 13, 19, 21, 41, 13, 19, 41, 30, 26, 18, 20, 2, 1, 4, 7, 2, 1, 4, 7, 41, 27, 30, 20, 9, 10, 2, 7, 9, 10, 2, 7, 9, 41, 31, 27, 9, 21, 12, 10, 9, 15, 12, 10, 9, 15, 41, 28, 31, 21, 12, 18, 12, 15, 17, 18, 12, 15, 17, 41, 32, 28, 12, 22, 20, 18, 17, 23, 20, 18, 17, 23, 41, 29, 32, 22, 15, 26, 20, 23, 25, 26, 20, 23, 25, 41, 33, 29, 15, 23, 28, 26, 25, 31, 28, 26, 25, 31, 41, 26, 33, 23, 18, 1, 28, 31, 4, 1, 28, 31, 4, 41, 38, 34, 1, 8, 6, 5, 32, 35, 6, 5, 32, 35, 41, 35, 38, 8, 3, 8, 6, 35, 40, 8, 6, 35, 40, 41, 39, 35, 3, 11, 14, 8, 40, 39, 14, 8, 40, 39, 41, 36, 39, 11, 5, 16, 14, 39, 38, 16, 14, 39, 38, 41, 40, 36, 5, 14, 22, 16, 38, 37, 22, 16, 38, 37, 41, 37, 40, 14, 7, 24, 22, 37, 36, 24, 22, 37, 36, 41, 41, 37, 7, 17, 30, 24, 36, 33, 30, 24, 36, 33, 41, 34, 41, 17, 1, 5, 30, 33, 32, 5, 30, 33, 32], 
    "vertices": [1.71231508, -0.49538112, -0.3188827, -1.90100622, -0.53068376, -0.3610363, 1.985057, 0.15720749, -0.35906696, -1.99451733, 0.02689624, -0.2677685, 1.56323218, 0.10231161, 0.50007236, -1.66625762, -0.06725645, 0.28047848, 1.46011209, -0.45835662, 0.30995905, -1.52634382, -0.51911664, 0.28448826, -2.13288689, -0.25321627, -0.35236633, -0.2434054, 0.6750493, -0.95823377, 1.95125937, 0.19441032, 0.08609307, -1.97170997, 0.01687145, 0.07215309, -0.25621212, 0.19157028, 0.29696116, 1.66312051, -0.21416235, 0.51180047, -1.63657415, -0.30040646, 0.35523421, -0.10427338, -0.52399349, 0.15133357, 1.78175592, -0.46211672, 0.02787465, -1.83489525, -0.64748597, 0.03717154, 0.15624604, -0.58674073, -0.94942653, 2.14802217, -0.23218822, -0.4112345, -0.0488503, -0.18771338, -1.49037445, -0.23980993, 0.64476442, -0.1158815, -0.22925192, -0.20724988, 0.35931492, 0.03314134, -0.62198973, -0.30577788, -2.22733617, -0.34761906, 0.22356641, 2.22733617, -0.28492999, 0.31716192, 1.17514694, -0.51941681, -0.67146987, 1.20728397, 0.57749987, -0.91461772, 0.6517421, 0.19205093, 0.39598712, 0.65044785, -0.51625609, 0.25077197, 1.3618257, -0.28067708, -1.16125798, 0.97089279, 0.6462636, -0.04095459, 0.53939039, -0.20663738, 0.48992455, 0.91446131, -0.58381939, -0.20272046, -1.08886027, -0.62607503, -0.72535062, -1.17138457, 0.07434869, -0.5325259, -0.91528982, -0.08828282, 0.0644713, -0.85145783, -0.51290536, 0.14463961, -1.31558394, -0.2154572, -0.85906559, -1.07082474, 0.03445339, -0.15447831, -0.91484243, -0.26587176, 0.20695913, -0.9413507, -0.6750493, -0.20552668], 
    "materials": [], 
    "normals": [0.29350707, -0.93672591, -0.19078334, 0.16572209, -0.93463051, -0.31464577, 0.36420286, -0.06395473, -0.9291212, 0.83684909, -0.12499355, -0.53297299, 0.00830531, -0.91131693, -0.41162175, -0.1701678, -0.86637193, -0.46951312, -0.47454402, 0.04420333, -0.87912118, -0.08218097, 0.02945595, -0.99618208, -0.48336375, 0.77467698, -0.40771931, -0.16012101, 0.8266294, -0.53948599, 0.27819595, 0.76818323, -0.5766294, 0.67580026, 0.65823877, -0.33168617, 0.13723476, 0.95724189, 0.25466549, 0.52279252, 0.80166292, 0.28986967, -0.34546855, 0.90098739, 0.26243681, -0.19237614, 0.94159651, 0.27638268, -0.26559311, 0.62394547, 0.73495066, -0.21904501, 0.54861325, 0.80687213, -0.02323253, 0.55837095, 0.82926607, 0.14869621, 0.5669381, 0.81022859, -0.09353922, -0.20992334, 0.97323304, 0.20772548, -0.19049375, 0.95945936, -0.01772408, 0.03187342, 0.99933475, -0.17190818, -0.13086462, 0.97638202, 0.04607322, -0.79627168, 0.60318208, -0.02967287, -0.85682815, 0.51474738, -0.01113616, -0.8727268, 0.48808205, 0.06341752, -0.86953348, 0.48978558, 0.06632264, -0.99694479, 0.04125967, 0.25593996, -0.9592669, 0.11959011, 0.00382921, -0.99831867, 0.05783751, 0.03694678, -0.99863762, 0.03684569, -0.41190675, -0.78537893, -0.46207446, -0.26370183, -0.95381314, 0.14388151, -0.85565901, -0.23692314, 0.46012503, -0.76993287, 0.03716803, -0.63704139, 0.05295022, -0.71574432, 0.69635212, -0.05086697, -0.00213999, 0.99870312, 0.00696045, 0.74425805, 0.66785568, -0.32724807, 0.89083862, 0.31514302, -0.37620813, 0.87716269, -0.29841727, 0.86368573, -0.21166095, 0.45743483], 
    "metadata": {
        "formatVersion": 3.1, 
        "generatedBy": "Maya Exporter"
    }
}