{
    "uvs": [[0.13317900896072388, 0.46492213010787964, 0.17209434509277344, 0.41061651706695557, 0.15330082178115845, 0.3927094340324402, 0.10585331916809082, 0.47291815280914307, 0.23497647047042847, 0.3598121404647827, 0.32745420932769775, 0.3343488574028015, 0.34000712633132935, 0.31889379024505615, 0.22307002544403076, 0.3226875066757202, 0.3380967378616333, 0.335565984249115, 0.24237042665481567, 0.3525936007499695, 0.1810760498046875, 0.4106730818748474, 0.13219046592712402, 0.4678778052330017, 0.2025749683380127, 0.436819851398468, 0.1431180238723755, 0.5030410289764404, 0.347933828830719, 0.3682088255882263, 0.27830028533935547, 0.4014754891395569, 0.34920305013656616, 0.39706701040267944, 0.29368507862091064, 0.43949002027511597, 0.22563689947128296, 0.4602590799331665, 0.18319255113601685, 0.5139302015304565, 0.23761320114135742, 0.4713757634162903, 0.1716853380203247, 0.5313652753829956, 0.35177695751190186, 0.4060216546058655, 0.29721224308013916, 0.4425576329231262, 0.34352028369903564, 0.3966161012649536, 0.2836322784423828, 0.4289170503616333, 0.22893989086151123, 0.4615103602409363, 0.17604798078536987, 0.5042665004730225, 0.1991102695465088, 0.436082661151886, 0.145859956741333, 0.4974522590637207, 0.33780544996261597, 0.36743974685668945, 0.2606661319732666, 0.39883744716644287, 0.40967410802841187, 0.31924259662628174, 0.42113304138183594, 0.35646337270736694, 0.470905065536499, 0.36243736743927, 0.4295385479927063, 0.3091312646865845, 0.40324145555496216, 0.3872186541557312, 0.41574960947036743, 0.3907092809677124, 0.41458624601364136, 0.38264966011047363, 0.4315509796142578, 0.35441911220550537, 0.41876763105392456, 0.32195472717285156, 0.11260783672332764, 0.5423034429550171]], 
    "faces": [41, 0, 26, 30, 19, 0, 1, 2, 3, 0, 1, 2, 3, 41, 18, 34, 38, 20, 4, 5, 6, 7, 4, 5, 6, 7, 41, 20, 38, 35, 9, 7, 6, 8, 9, 7, 6, 8, 9, 41, 19, 30, 27, 2, 3, 2, 10, 11, 3, 2, 10, 11, 41, 2, 27, 31, 10, 11, 10, 12, 13, 11, 10, 12, 13, 41, 9, 35, 39, 21, 9, 8, 14, 15, 9, 8, 14, 15, 41, 21, 39, 36, 12, 15, 14, 16, 17, 15, 14, 16, 17, 41, 10, 31, 28, 4, 13, 12, 18, 19, 13, 12, 18, 19, 41, 4, 28, 32, 13, 19, 18, 20, 21, 19, 18, 20, 21, 41, 12, 36, 40, 22, 17, 16, 22, 23, 17, 16, 22, 23, 41, 22, 40, 37, 15, 23, 22, 24, 25, 23, 22, 24, 25, 41, 13, 32, 29, 6, 21, 20, 26, 27, 21, 20, 26, 27, 41, 6, 29, 33, 16, 27, 26, 28, 29, 27, 26, 28, 29, 41, 15, 37, 41, 23, 25, 24, 30, 31, 25, 24, 30, 31, 41, 23, 41, 34, 18, 31, 30, 5, 4, 31, 30, 5, 4, 41, 16, 33, 26, 0, 29, 28, 1, 0, 29, 28, 1, 0, 41, 1, 17, 24, 8, 32, 33, 34, 35, 32, 33, 34, 35, 41, 17, 7, 14, 24, 33, 36, 37, 34, 33, 36, 37, 34, 41, 24, 14, 5, 11, 34, 37, 38, 39, 34, 37, 38, 39, 41, 8, 24, 11, 3, 35, 34, 39, 40, 35, 34, 39, 40, 41, 6, 16, 25, 13, 27, 29, 41, 21, 27, 29, 41, 21, 41, 16, 0, 19, 25, 29, 0, 3, 41, 29, 0, 3, 41, 41, 25, 19, 2, 10, 41, 3, 11, 13, 41, 3, 11, 13, 41, 13, 25, 10, 4, 21, 41, 13, 19, 21, 41, 13, 19, 41, 30, 26, 18, 20, 2, 1, 4, 7, 2, 1, 4, 7, 41, 27, 30, 20, 9, 10, 2, 7, 9, 10, 2, 7, 9, 41, 31, 27, 9, 21, 12, 10, 9, 15, 12, 10, 9, 15, 41, 28, 31, 21, 12, 18, 12, 15, 17, 18, 12, 15, 17, 41, 32, 28, 12, 22, 20, 18, 17, 23, 20, 18, 17, 23, 41, 29, 32, 22, 15, 26, 20, 23, 25, 26, 20, 23, 25, 41, 33, 29, 15, 23, 28, 26, 25, 31, 28, 26, 25, 31, 41, 26, 33, 23, 18, 1, 28, 31, 4, 1, 28, 31, 4, 41, 38, 34, 1, 8, 6, 5, 32, 35, 6, 5, 32, 35, 41, 35, 38, 8, 3, 8, 6, 35, 40, 8, 6, 35, 40, 41, 39, 35, 3, 11, 14, 8, 40, 39, 14, 8, 40, 39, 41, 36, 39, 11, 5, 16, 14, 39, 38, 16, 14, 39, 38, 41, 40, 36, 5, 14, 22, 16, 38, 37, 22, 16, 38, 37, 41, 37, 40, 14, 7, 24, 22, 37, 36, 24, 22, 37, 36, 41, 41, 37, 7, 17, 30, 24, 36, 33, 30, 24, 36, 33, 41, 34, 41, 17, 1, 5, 30, 33, 32, 5, 30, 33, 32], 
    "vertices": [1.4281615, -0.36863798, -0.44488549, -1.67845094, -0.36324549, -0.32256556, 1.45139396, 0.11405647, -0.42435467, -1.7432574, 0.05319351, -0.25392294, 1.24150145, 0.12154001, 0.22622672, -1.40499747, -0.02552372, 0.24795258, 1.2549063, -0.34656399, 0.10742486, -1.28454411, -0.32396919, 0.23080599, -1.89987504, -0.15343153, -0.31072164, -0.0715636, 0.46099967, -0.86849403, 1.53239334, 0.19478595, -0.06711411, -1.69167912, 0.040797, 0.08931565, -0.08075082, 0.32073915, 0.13538933, 1.42742407, -0.15275961, 0.31907213, -1.37488019, -0.17533463, 0.3231554, -0.04682887, -0.40456957, -0.0057261, 1.48094928, -0.35509229, -0.10158962, -1.59178126, -0.43451434, 0.0550406, 0.02805984, -0.41962677, -0.84314919, 1.70330703, -0.13401425, -0.51210213, -0.05427754, -0.07130992, -1.22215509, -0.13756478, 0.49834675, -0.26860225, -0.09585083, -0.11818743, 0.17937183, 0.00116241, -0.48032385, -0.37913632, -1.99066436, -0.24763829, 0.35434413, 1.99066436, -0.2315383, 0.11907458, 0.82259262, -0.36826402, -0.71876955, 0.74552476, 0.09064519, -0.6735549, 0.60870087, 0.05812031, -0.02461815, 0.58648694, -0.4335981, 0.0026058, 0.89526689, -0.13156092, -0.96657133, 0.69058478, 0.21037805, -0.34131992, 0.56092131, -0.15542042, 0.13075742, 0.71675098, -0.45819524, -0.36492181, -0.89515316, -0.38011101, -0.60191202, -0.9807452, 0.09180152, -0.53843331, -0.7701273, 0.04341775, 0.04651558, -0.72343314, -0.37830952, 0.01433301, -1.08022153, -0.12625074, -0.67249846, -0.90290546, 0.1820308, -0.2083286, -0.74770045, -0.16335076, 0.13645101, -0.8195101, -0.49834675, -0.26538861], 
    "materials": [], 
    "normals": [0.29118848, -0.88355619, -0.36679387, 0.17044479, -0.87006247, -0.46253633, 0.37240061, 0.04536277, -0.92696285, 0.74823844, 0.0704579, -0.6596778, -0.03874254, -0.85614789, -0.51527625, -0.20924261, -0.82811552, -0.52004057, -0.43038478, 0.03946385, -0.90178233, -0.08909356, 0.06693178, -0.99377179, -0.39832565, 0.77870494, -0.48472199, -0.03856625, 0.8607409, -0.50758028, 0.30846211, 0.82594723, -0.47187108, 0.33541292, 0.84310544, -0.42032284, 0.22394589, 0.97373551, 0.04107709, 0.36245093, 0.923311, 0.12698799, -0.2694447, 0.95601332, 0.11592275, -0.03177486, 0.99182826, 0.12356003, -0.14649998, 0.67872339, 0.71963346, 0.0512077, 0.69487929, 0.71730077, 0.08978558, 0.75384051, 0.65089405, -0.05256359, 0.76355183, 0.64360362, -0.0342732, -0.104714, 0.99391168, 0.18329602, -0.01365633, 0.98296291, 0.05748341, -0.08947095, 0.99432927, 0.01824124, -0.10086943, 0.99473232, 0.06241861, -0.82627165, 0.55980247, 0.00398421, -0.83762079, 0.54623747, -0.00656398, -0.87441629, 0.48513204, 0.02420058, -0.8699308, 0.49257955, 0.07089852, -0.99698967, -0.03138359, 0.23623173, -0.97061348, 0.0458714, -0.04192581, -0.99908537, -0.00840866, -0.00051412, -0.99931991, -0.03686985, -0.36251113, -0.79907334, -0.47965357, -0.21664369, -0.97085601, 0.10248908, -0.80968803, -0.27172163, 0.5201661, -0.8124212, -0.05612938, -0.58036309, 0.13082245, -0.77142388, 0.62272835, 0.11433253, -0.0673238, 0.99115855, 0.03011728, 0.76617825, 0.64192194, -0.31400481, 0.92014015, 0.23397209, -0.39880982, 0.85318464, -0.33619431, 0.95059407, -0.01568965, 0.31003994], 
    "metadata": {
        "formatVersion": 3.1, 
        "generatedBy": "Maya Exporter"
    }
}