{
    "uvs": [[0.8370035886764526, 0.6589244604110718, 0.814667820930481, 0.7075891494750977, 0.8495199680328369, 0.7339189052581787, 0.8718588352203369, 0.6461701393127441, 0.7550104856491089, 0.7722959518432617, 0.657167911529541, 0.8115569353103638, 0.6470725536346436, 0.8310303688049316, 0.7644588947296143, 0.8195712566375732, 0.642809271812439, 0.8015906810760498, 0.7271767854690552, 0.79059898853302, 0.8276945352554321, 0.7233383655548096, 0.8580423593521118, 0.649695873260498, 0.7723486423492432, 0.6720987558364868, 0.835961103439331, 0.6197539567947388, 0.6331853866577148, 0.7704441547393799, 0.6901639699935913, 0.7309532165527344, 0.6344826221466064, 0.7481008768081665, 0.6707408428192139, 0.7025240659713745, 0.73047935962677, 0.6553617715835571, 0.7902436256408691, 0.6076856851577759, 0.7183891534805298, 0.6536984443664551, 0.7967789173126221, 0.6024383306503296, 0.6282104253768921, 0.7380186319351196, 0.6698862314224243, 0.6969279050827026, 0.6354436874389648, 0.7396154403686523, 0.6879135370254517, 0.706086277961731, 0.7368124723434448, 0.665674090385437, 0.7913722991943359, 0.6256736516952515, 0.7755200862884521, 0.6860193014144897, 0.8265664577484131, 0.6313644647598267, 0.6445872783660889, 0.7683210372924805, 0.7178409099578857, 0.7322878837585449, 0.5836966037750244, 0.8217594623565674, 0.5707480907440186, 0.7907133102416992, 0.534787654876709, 0.7949123382568359, 0.5669376850128174, 0.8314059972763062, 0.5815963745117188, 0.7595971822738647, 0.5706820487976074, 0.7594778537750244, 0.5718930959701538, 0.7660703659057617, 0.559538722038269, 0.7942957878112793, 0.5729665756225586, 0.8193100690841675, 0.845234751701355, 0.5912219285964966]], 
    "faces": [41, 0, 26, 30, 19, 0, 1, 2, 3, 0, 1, 2, 3, 41, 18, 34, 38, 20, 4, 5, 6, 7, 4, 5, 6, 7, 41, 20, 38, 35, 9, 7, 6, 8, 9, 7, 6, 8, 9, 41, 19, 30, 27, 2, 3, 2, 10, 11, 3, 2, 10, 11, 41, 2, 27, 31, 10, 11, 10, 12, 13, 11, 10, 12, 13, 41, 9, 35, 39, 21, 9, 8, 14, 15, 9, 8, 14, 15, 41, 21, 39, 36, 12, 15, 14, 16, 17, 15, 14, 16, 17, 41, 10, 31, 28, 4, 13, 12, 18, 19, 13, 12, 18, 19, 41, 4, 28, 32, 13, 19, 18, 20, 21, 19, 18, 20, 21, 41, 12, 36, 40, 22, 17, 16, 22, 23, 17, 16, 22, 23, 41, 22, 40, 37, 15, 23, 22, 24, 25, 23, 22, 24, 25, 41, 13, 32, 29, 6, 21, 20, 26, 27, 21, 20, 26, 27, 41, 6, 29, 33, 16, 27, 26, 28, 29, 27, 26, 28, 29, 41, 15, 37, 41, 23, 25, 24, 30, 31, 25, 24, 30, 31, 41, 23, 41, 34, 18, 31, 30, 5, 4, 31, 30, 5, 4, 41, 16, 33, 26, 0, 29, 28, 1, 0, 29, 28, 1, 0, 41, 1, 17, 24, 8, 32, 33, 34, 35, 32, 33, 34, 35, 41, 17, 7, 14, 24, 33, 36, 37, 34, 33, 36, 37, 34, 41, 24, 14, 5, 11, 34, 37, 38, 39, 34, 37, 38, 39, 41, 8, 24, 11, 3, 35, 34, 39, 40, 35, 34, 39, 40, 41, 6, 16, 25, 13, 27, 29, 41, 21, 27, 29, 41, 21, 41, 16, 0, 19, 25, 29, 0, 3, 41, 29, 0, 3, 41, 41, 25, 19, 2, 10, 41, 3, 11, 13, 41, 3, 11, 13, 41, 13, 25, 10, 4, 21, 41, 13, 19, 21, 41, 13, 19, 41, 30, 26, 18, 20, 2, 1, 4, 7, 2, 1, 4, 7, 41, 27, 30, 20, 9, 10, 2, 7, 9, 10, 2, 7, 9, 41, 31, 27, 9, 21, 12, 10, 9, 15, 12, 10, 9, 15, 41, 28, 31, 21, 12, 18, 12, 15, 17, 18, 12, 15, 17, 41, 32, 28, 12, 22, 20, 18, 17, 23, 20, 18, 17, 23, 41, 29, 32, 22, 15, 26, 20, 23, 25, 26, 20, 23, 25, 41, 33, 29, 15, 23, 28, 26, 25, 31, 28, 26, 25, 31, 41, 26, 33, 23, 18, 1, 28, 31, 4, 1, 28, 31, 4, 41, 38, 34, 1, 8, 6, 5, 32, 35, 6, 5, 32, 35, 41, 35, 38, 8, 3, 8, 6, 35, 40, 8, 6, 35, 40, 41, 39, 35, 3, 11, 14, 8, 40, 39, 14, 8, 40, 39, 41, 36, 39, 11, 5, 16, 14, 39, 38, 16, 14, 39, 38, 41, 40, 36, 5, 14, 22, 16, 38, 37, 22, 16, 38, 37, 41, 37, 40, 14, 7, 24, 22, 37, 36, 24, 22, 37, 36, 41, 41, 37, 7, 17, 30, 24, 36, 33, 30, 24, 36, 33, 41, 34, 41, 17, 1, 5, 30, 33, 32, 5, 30, 33, 32], 
    "vertices": [1.2709558, 0.76780748, -0.65789092, -1.41287112, 0.72238302, -0.65833998, 0.80690694, 1.11914945, -0.71226239, -0.83917582, 1.08235121, -0.70999479, 0.77826381, 0.97435498, 0.27549338, -0.82777941, 0.89958167, 0.27132058, 1.21697044, 0.63055515, 0.27286172, -1.24151278, 0.57391405, 0.27163482, -1.25733042, 0.98984027, -0.65499187, -0.06968141, 0.1755352, -0.77789402, 0.83104706, 1.32897067, -0.24813163, -0.86163211, 1.26707149, -0.24813485, -0.05181646, -0.15613413, 0.3164053, 1.07373381, 0.89533734, 0.29653156, -1.12380552, 0.85215688, 0.2933507, -0.04746747, -0.95525026, 0.1944139, 1.59612751, 0.84683776, -0.248137, -1.59612751, 0.74295187, -0.24813986, -0.04936194, -0.94357753, -0.75725889, 1.13601089, 1.0828774, -0.65640557, -0.05241156, -0.20038056, -0.96004605, -0.05329323, 0.34415722, -0.09912539, -0.05106783, -0.55127883, 0.33645368, -0.04598331, -1.32897091, -0.2558651, -1.37544262, 1.20415545, -0.24813342, 1.30048656, 1.27491307, -0.24813008, 0.81076145, -0.02494144, -0.90369558, 0.27873039, 0.6376102, -0.78441811, 0.41624808, 0.44797325, 0.36570454, 0.83588219, -0.00139856, 0.45102477, 0.49677849, 0.28145742, -1.00085998, 0.25544906, 0.77701735, -0.14425492, 0.60416532, 0.21672559, 0.46662402, 1.08838487, -0.10067129, -0.24858189, -0.86148238, -0.00339985, -0.78843856, -0.41526198, 0.60483861, -0.77098513, -0.48545051, 0.42758822, 0.2805922, -0.93677735, 0.00026941, 0.3585155, -0.60214257, 0.25767326, -0.9823699, -0.3701539, 0.76134014, -0.1440568, -0.65491652, 0.16989756, 0.38922668, -1.1971159, -0.09190917, -0.24798584], 
    "materials": [], 
    "normals": [0.70776516, -0.11668851, -0.69674402, 0.57610881, -0.43190408, -0.69394338, 0.05474045, 0.06357927, -0.99647433, 0.34583864, 0.49187762, -0.79903191, 0.01902693, -0.72931635, -0.68391192, -0.58311659, -0.44175696, -0.68178111, -0.12606013, 0.0127471, -0.99194068, -0.06909484, -0.16593781, -0.98371261, 0.55274957, 0.57675833, -0.60151267, -0.0312746, 0.65742993, -0.75286633, -0.57886797, 0.59437001, -0.55824363, -0.3580426, 0.69426364, -0.62434238, -0.73394823, 0.65892488, 0.16473587, -0.39611149, 0.91081095, 0.11627147, 0.7452035, 0.64843589, 0.15557207, -0.09281911, 0.9043687, 0.41653538, 0.47340643, 0.42399487, 0.77208471, -0.07984299, 0.28832275, 0.95419866, -0.48680946, 0.43398765, 0.75807071, -0.33638015, 0.64449656, 0.68663859, -0.02127162, 0.01839603, 0.99960446, 0.32846048, 0.48828205, 0.80851364, -0.00659584, -0.01296779, 0.99989408, -0.05046619, -0.17702731, 0.98291129, -0.60033405, -0.47681373, 0.64206505, 0.02579937, -0.77358329, 0.63316905, 0.59690505, -0.48964718, 0.63557059, 0.76215416, -0.16969715, 0.62475908, 0.79939514, -0.60065097, -0.01363475, 0.99079067, -0.13455844, 0.01509036, -0.79940212, -0.60066509, -0.01255887, 0.03635914, -0.99898148, -0.02672311, -0.71803969, -0.1733357, -0.67407244, -0.98634571, -0.15980799, 0.03979393, -0.56213939, 0.80939877, 0.16992085, -0.39048404, 0.4636462, -0.79533291, -0.72774208, -0.14302072, 0.67077303, -0.33534408, 0.48355085, 0.8085314, 0.33002642, 0.61327994, 0.71761429, 0.37521476, 0.92174596, 0.09797044, 0.33433998, 0.68663883, -0.64555711, 0.57005185, 0.8083896, 0.14678927], 
    "metadata": {
        "formatVersion": 3.1, 
        "generatedBy": "Maya Exporter"
    }
}