{
    "uvs": [[0.7317400574684143, 0.6047534346580505, 0.6288703083992004, 0.6047534346580505, 0.6219537258148193, 0.1786051243543625, 0.7962150573730469, 0.20168298482894897, 0.6803051829338074, 0.6949335932731628, 0.6699711084365845, 0.00182272435631603, 0.7925947308540344, 0.018141217529773712, 0.369800329208374, 0.09200287610292435, 0.463577002286911, 0.09200287610292435, 0.4635769724845886, 0.529690146446228, 0.3120703101158142, 0.5181511640548706, 0.463577002286911, 0.00182272435631603, 0.5573536157608032, 0.09200287610292435, 0.615083634853363, 0.5181511640548706, 0.463577002286911, 0.7030928134918213, 0.3564456105232239, 0.6949335336685181, 0.5707083940505981, 0.6949335336685181, 0.8101228475570679, 0.09200287610292435, 0.9129926562309265, 0.09200287610292435, 0.9774675965309143, 0.4950733184814453, 0.8032062649726868, 0.5181511640548706, 0.8615577816963196, 0.00182272435631603, 0.9738473296165466, 0.6786150932312012, 0.8512236475944519, 0.6949335336685181, 0.05972208455204964, 0.09200287610292435, 0.15349872410297394, 0.09200287610292435, 0.15349872410297394, 0.4835343360900879, 0.0019920216873288155, 0.4950733184814453, 0.15349872410297394, 0.00182272435631603, 0.24727535247802734, 0.09200287610292435, 0.30500540137290955, 0.4950733184814453, 0.15349872410297394, 0.6704557538032532, 0.04636731743812561, 0.6786150932312012, 0.26063013076782227, 0.6786150932312012, 0.15349872410297394, 0.7473185658454895, 0.9980079531669617, 0.9131878018379211, 0.8753842711448669, 0.9131878018379211, 0.9402421116828918, 0.8060564398765564, 0.8140724301338196, 0.8060564398765564, 0.8753842115402222, 0.6989250183105469, 0.9980078935623169, 0.6989250183105469]], 
    "faces": [41, 0, 1, 7, 6, 0, 1, 2, 3, 0, 1, 2, 3, 41, 1, 2, 8, 7, 7, 8, 9, 10, 4, 5, 6, 7, 41, 2, 3, 9, 8, 8, 12, 13, 9, 8, 9, 10, 11, 41, 3, 4, 10, 9, 17, 18, 19, 20, 12, 13, 14, 15, 41, 4, 5, 11, 10, 24, 25, 26, 27, 16, 17, 18, 19, 41, 5, 0, 6, 11, 25, 29, 30, 26, 20, 21, 22, 23, 41, 6, 7, 13, 12, 3, 2, 5, 6, 24, 25, 26, 27, 41, 7, 8, 14, 13, 10, 9, 14, 15, 28, 29, 30, 31, 41, 8, 9, 15, 14, 9, 13, 16, 14, 32, 33, 34, 35, 41, 9, 10, 16, 15, 20, 19, 22, 23, 36, 37, 38, 39, 41, 10, 11, 17, 16, 27, 26, 31, 32, 40, 41, 42, 43, 41, 11, 6, 12, 17, 26, 30, 33, 31, 44, 45, 46, 47, 40, 1, 0, 18, 1, 0, 4, 48, 49, 50, 40, 2, 1, 18, 8, 7, 11, 51, 52, 53, 40, 3, 2, 18, 12, 8, 11, 54, 55, 56, 40, 4, 3, 18, 18, 17, 21, 57, 58, 59, 40, 5, 4, 18, 25, 24, 28, 60, 61, 62, 40, 0, 5, 18, 29, 25, 28, 63, 64, 65, 40, 12, 13, 19, 35, 36, 37, 66, 67, 68, 40, 13, 14, 19, 36, 38, 37, 69, 70, 71, 40, 14, 15, 19, 38, 39, 37, 72, 73, 74, 40, 15, 16, 19, 39, 40, 37, 75, 76, 77, 40, 16, 17, 19, 32, 31, 34, 78, 79, 80, 40, 17, 12, 19, 31, 33, 34, 81, 82, 83], 
    "vertices": [0.09145511, 0.20412454, -0.28008503, -0.21578857, 0.20412454, -0.28008512, -0.36941043, 0.20412454, -5e-08, -0.21578865, 0.20412454, 0.28008503, 0.09145503, 0.20412454, 0.28008509, 0.24507688, 0.20412454, -0.0, 0.28402415, 1.40798485, -0.45250863, -0.23644647, 1.47691214, -0.45250875, -0.49668184, 1.51137578, -8e-08, -0.23644662, 1.47691226, 0.45250869, 0.284024, 1.40798485, 0.45250872, 0.54425931, 1.37352121, 0.0, 0.27321124, 1.95617342, -0.31997195, -0.09303174, 2.00491238, -0.31997201, -0.27615333, 2.02928185, -6e-08, -0.09303185, 2.00491238, 0.31997195, 0.27321115, 1.95617342, 0.31997198, 0.45633265, 1.93180394, 0.0, -0.06216679, -0.06521872, -0.0, 0.10068066, 2.16137218, 0.0], 
    "materials": [{
        "opacity": 0.0, 
        "colorDiffuse": [0.4000000059604645, 0.4000000059604645, 0.4000000059604645], 
        "depthWrite": true, 
        "blending": "NormalBlending", 
        "shading": "Lambert", 
        "DbgName": "lambert1", 
        "transparent": true, 
        "depthTest": true, 
        "vertexColors": false
    }], 
    "normals": [-0.01141848, -0.13712251, -0.99048829, -0.01141849, -0.13712253, -0.99048829, -0.01141848, -0.13712251, -0.99048817, -0.01141848, -0.13712251, -0.99048823, -0.86936736, -0.08240873, -0.4872466, -0.86936724, -0.08240873, -0.4872466, -0.8693673, -0.08240873, -0.48724657, -0.86936736, -0.08240874, -0.48724663, -0.86936748, -0.08240875, 0.48724636, -0.86936742, -0.08240873, 0.48724633, -0.86936742, -0.08240874, 0.4872463, -0.86936748, -0.08240875, 0.48724636, -0.01141883, -0.1371225, 0.99048829, -0.01141883, -0.1371225, 0.99048823, -0.01141883, -0.1371225, 0.99048829, -0.01141883, -0.13712248, 0.99048817, 0.84680009, -0.21093765, 0.48829791, 0.84680009, -0.21093765, 0.48829794, 0.84680009, -0.21093763, 0.48829788, 0.84680015, -0.21093766, 0.48829794, 0.84680021, -0.21093766, -0.48829773, 0.84680021, -0.21093763, -0.48829773, 0.84680021, -0.21093768, -0.48829776, 0.84680009, -0.21093765, -0.4882977, 0.0312392, 0.23541242, -0.97139341, 0.0312392, 0.23541242, -0.97139335, 0.03123921, 0.23541246, -0.97139341, 0.0312392, 0.23541243, -0.97139335, -0.80372649, 0.34142172, -0.4872933, -0.80372655, 0.34142175, -0.48729333, -0.80372649, 0.34142169, -0.48729327, -0.80372649, 0.34142169, -0.48729321, -0.80372667, 0.34142181, 0.48729303, -0.80372673, 0.34142184, 0.48729309, -0.80372667, 0.34142181, 0.48729303, -0.80372667, 0.34142181, 0.48729306, 0.03123897, 0.23541254, 0.97139335, 0.03123897, 0.23541258, 0.97139341, 0.03123897, 0.23541257, 0.97139341, 0.03123896, 0.23541254, 0.97139329, 0.86374861, 0.13522695, 0.4854399, 0.86374861, 0.13522695, 0.48543987, 0.86374867, 0.13522698, 0.48543996, 0.86374867, 0.13522695, 0.48543987, 0.86374867, 0.13522691, -0.48543966, 0.86374873, 0.13522692, -0.48543972, 0.86374873, 0.13522691, -0.48543966, 0.86374879, 0.13522692, -0.48543975, 1.9e-07, -0.72079355, -0.69314975, 1.9e-07, -0.72079355, -0.69314981, 1.9e-07, -0.72079349, -0.69314981, -0.61992788, -0.70716059, -0.34001979, -0.61992788, -0.70716059, -0.34001979, -0.6199277, -0.70716047, -0.3400197, -0.619928, -0.70716053, 0.34001967, -0.61992788, -0.70716041, 0.34001961, -0.61992794, -0.70716041, 0.34001964, -1.2e-07, -0.72079355, 0.69314975, -1.2e-07, -0.7207936, 0.69314981, -1.2e-07, -0.72079349, 0.69314975, 0.61992788, -0.70716053, 0.34001979, 0.61992782, -0.70716041, 0.34001973, 0.61992776, -0.70716041, 0.34001976, 0.61992794, -0.70716047, -0.34001967, 0.619928, -0.70716059, -0.3400197, 0.61992788, -0.70716047, -0.34001961, 0.11487252, 0.86319464, -0.49162915, 0.11487253, 0.8631947, -0.49162918, 0.11487252, 0.8631947, -0.49162915, -0.32005623, 0.91307276, -0.25270948, -0.32005623, 0.91307276, -0.25270948, -0.32005623, 0.91307276, -0.25270948, -0.32005632, 0.91307276, 0.25270948, -0.32005629, 0.91307271, 0.25270948, -0.32005629, 0.91307276, 0.25270945, 0.11487237, 0.8631947, 0.49162909, 0.11487238, 0.8631947, 0.49162912, 0.11487237, 0.8631947, 0.49162912, 0.52657217, 0.81577671, 0.23922816, 0.52657217, 0.81577677, 0.23922819, 0.52657211, 0.81577671, 0.23922814, 0.52657211, 0.81577671, -0.23922817, 0.52657211, 0.81577677, -0.23922817, 0.52657211, 0.81577671, -0.23922816], 
    "metadata": {
        "formatVersion": 3.1, 
        "generatedBy": "Maya Exporter"
    }
}