{
    "uvs": [[0.3181878328323364, 0.049568358808755875, 0.41219544410705566, 0.12344154715538025, 0.28947749733924866, 0.3241749107837677, 0.1477481722831726, 0.21232691407203674, 0.4316039979457855, 0.0019919867627322674, 0.45919889211654663, 0.16037851572036743, 0.36034291982650757, 0.3800981640815735, 0.15135855972766876, 0.45878392457962036, 0.05166943743824959, 0.38000762462615967, 0.27118438482284546, 0.012631387449800968, 0.07688351720571518, 0.15640367567539215, 0.2012031227350235, 0.49817168712615967, 0.06562627851963043, 0.47223323583602905, 0.001824878272600472, 0.340619832277298, 0.5038944482803345, 0.6232778429985046, 0.5979018807411194, 0.549404501914978, 0.7683417201042175, 0.7121636271476746, 0.6266118288040161, 0.8240110278129578, 0.4844858944416046, 0.5018283128738403, 0.644905686378479, 0.5124678611755371, 0.8392063975334167, 0.6562396287918091, 0.8644202947616577, 0.8798441290855408, 0.7647313475608826, 0.9586202502250671, 0.45689064264297485, 0.6602144241333008, 0.5557469725608826, 0.8799344897270203, 0.9142646789550781, 0.8404557704925537, 0.8504639863967896, 0.9720692038536072, 0.7148867845535278, 0.9980080127716064, 0.2369188368320465, 0.6602144241333008, 0.16734196245670319, 0.6232777833938599, 0.2369188368320465, 0.5018283128738403, 0.30649569630622864, 0.6232778429985046, 0.3816929757595062, 0.6622480750083923, 0.3121160864830017, 0.6152442693710327, 0.3816929757595062, 0.5018283128738403, 0.45126983523368835, 0.6152442693710327, 0.07598881423473358, 0.6423139572143555, 0.026144254952669144, 0.5720711350440979, 0.16172146797180176, 0.5720711350440979, 0.07598881423473358, 0.5018283128738403, 0.09404994547367096, 0.6459705829620361, 0.13343819975852966, 0.7162132263183594, 0.001824878272600472, 0.7162132263183594, 0.09404994547367096, 0.7864558696746826]], 
    "faces": [41, 0, 1, 7, 6, 0, 1, 2, 3, 0, 1, 2, 3, 41, 1, 2, 8, 7, 1, 5, 6, 2, 4, 5, 6, 7, 41, 2, 3, 9, 8, 23, 14, 17, 24, 8, 9, 10, 11, 41, 3, 4, 10, 9, 14, 15, 16, 17, 12, 13, 14, 15, 41, 4, 5, 11, 10, 15, 19, 20, 16, 16, 17, 18, 19, 41, 5, 0, 6, 11, 9, 0, 3, 10, 20, 21, 22, 23, 41, 6, 7, 13, 12, 3, 2, 7, 8, 24, 25, 26, 27, 41, 7, 8, 14, 13, 2, 6, 11, 7, 28, 29, 30, 31, 41, 8, 9, 15, 14, 24, 17, 22, 27, 32, 33, 34, 35, 41, 9, 10, 16, 15, 17, 16, 21, 22, 36, 37, 38, 39, 41, 10, 11, 17, 16, 16, 20, 25, 21, 40, 41, 42, 43, 41, 11, 6, 12, 17, 10, 3, 8, 13, 44, 45, 46, 47, 40, 1, 0, 18, 1, 0, 4, 48, 49, 50, 40, 2, 1, 18, 28, 29, 30, 51, 52, 53, 40, 3, 2, 18, 31, 28, 30, 54, 55, 56, 40, 4, 3, 18, 15, 14, 18, 57, 58, 59, 40, 5, 4, 18, 32, 33, 34, 60, 61, 62, 40, 0, 5, 18, 35, 32, 34, 63, 64, 65, 40, 12, 13, 19, 8, 7, 12, 66, 67, 68, 40, 13, 14, 19, 36, 37, 38, 69, 70, 71, 40, 14, 15, 19, 37, 39, 38, 72, 73, 74, 40, 15, 16, 19, 22, 21, 26, 75, 76, 77, 40, 16, 17, 19, 40, 41, 42, 78, 79, 80, 40, 17, 12, 19, 41, 43, 42, 81, 82, 83], 
    "vertices": [-0.00126125, 0.10678107, -0.09642607, -0.10364164, -0.02350282, -0.09642607, -0.15483178, -0.08864497, -3e-08, -0.10364176, -0.02350306, 0.09642601, -0.00126125, 0.10678107, 0.09642607, 0.04992889, 0.17192323, -1e-08, -0.2268274, 0.34299214, -0.13767201, -0.38183571, 0.14657027, -0.13767207, -0.45933975, 0.0483591, -3e-08, -0.38183583, 0.14657003, 0.13767201, -0.2268274, 0.34299214, 0.13767201, -0.149323, 0.44120295, -1e-08, -0.45921446, 0.47614653, -0.09734881, -0.56838931, 0.33798844, -0.09734887, -0.62297679, 0.26890928, -3e-08, -0.56838943, 0.33798844, 0.09734881, -0.45921446, 0.47614653, 0.09734881, -0.40462662, 0.54522545, -1e-08, 0.06467412, -0.0504009, -1e-08, -0.58702828, 0.45680446, -1e-08], 
    "materials": [{
        "opacity": 0.0, 
        "colorDiffuse": [0.4000000059604645, 0.4000000059604645, 0.4000000059604645], 
        "depthWrite": true, 
        "blending": "NormalBlending", 
        "shading": "Lambert", 
        "DbgName": "lambert1", 
        "transparent": true, 
        "depthTest": true, 
        "vertexColors": false
    }], 
    "normals": [0.099327, -0.07825262, -0.9919731, 0.09932701, -0.07825262, -0.9919731, 0.09932701, -0.07825262, -0.9919731, 0.09932699, -0.07825261, -0.99197304, -0.31611422, -0.68764365, -0.65361899, -0.31611425, -0.68764365, -0.65361905, -0.31611422, -0.68764365, -0.65361905, -0.31611425, -0.68764371, -0.65361905, -0.31611463, -0.68764389, 0.65361857, -0.31611466, -0.68764395, 0.65361863, -0.31611466, -0.687644, 0.65361863, -0.31611466, -0.68764395, 0.65361863, 0.09932685, -0.0782528, 0.9919731, 0.09932685, -0.0782528, 0.99197304, 0.09932684, -0.07825279, 0.99197292, 0.09932686, -0.07825281, 0.99197304, 0.60610306, 0.45621035, 0.65154511, 0.60610306, 0.45621032, 0.65154511, 0.60610312, 0.45621035, 0.65154517, 0.60610312, 0.45621035, 0.65154517, 0.60610324, 0.45621005, -0.65154505, 0.6061033, 0.45621014, -0.65154517, 0.6061033, 0.45621014, -0.65154517, 0.6061033, 0.45621011, -0.65154517, -0.11807731, 0.09323364, -0.98861784, -0.11807731, 0.09323363, -0.9886179, -0.11807731, 0.09323363, -0.98861784, -0.11807729, 0.09323363, -0.98861772, -0.60380268, -0.44877428, -0.65880489, -0.60380268, -0.44877431, -0.65880483, -0.60380274, -0.44877434, -0.65880489, -0.60380274, -0.44877434, -0.65880489, -0.60380316, -0.44877544, 0.65880358, -0.6038031, -0.44877538, 0.65880364, -0.60380322, -0.44877553, 0.6588037, -0.60380322, -0.44877547, 0.65880364, -0.11807743, 0.09323363, 0.98861778, -0.11807744, 0.09323364, 0.98861772, -0.11807744, 0.09323364, 0.98861778, -0.11807745, 0.09323365, 0.98861784, 0.28508675, 0.69790345, 0.65700549, 0.28508675, 0.69790351, 0.65700555, 0.28508675, 0.69790351, 0.65700555, 0.28508675, 0.69790345, 0.65700555, 0.28508663, 0.69790381, -0.65700531, 0.28508663, 0.69790381, -0.65700525, 0.28508663, 0.69790375, -0.65700525, 0.2850866, 0.69790375, -0.65700531, 0.42726654, -0.3357569, -0.83947039, 0.42726657, -0.3357569, -0.83947039, 0.42726651, -0.33575687, -0.83947033, 0.14883521, -0.85425466, -0.49809346, 0.1488352, -0.85425466, -0.49809343, 0.14883521, -0.85425466, -0.49809349, 0.14883511, -0.85425597, 0.4980911, 0.14883511, -0.85425591, 0.49809104, 0.14883511, -0.85425603, 0.4980911, 0.42726627, -0.33575737, 0.83947039, 0.42726627, -0.33575737, 0.83947039, 0.42726624, -0.33575734, 0.83947033, 0.86522341, 0.05738428, 0.49809176, 0.86522341, 0.05738429, 0.49809179, 0.86522341, 0.05738428, 0.49809185, 0.86522341, 0.0573843, -0.49809185, 0.86522341, 0.0573843, -0.49809179, 0.86522335, 0.0573843, -0.49809179, -0.58117598, 0.45925388, -0.67180383, -0.58117592, 0.45925382, -0.67180377, -0.58117586, 0.45925382, -0.67180383, -0.90639389, 0.1734143, -0.38519779, -0.90639395, 0.17341432, -0.38519788, -0.90639395, 0.17341432, -0.38519785, -0.90639454, 0.17341429, 0.38519651, -0.9063946, 0.17341429, 0.38519648, -0.9063946, 0.17341429, 0.38519651, -0.58117467, 0.45925549, 0.67180377, -0.58117473, 0.45925549, 0.67180383, -0.58117473, 0.45925555, 0.67180383, -0.40585327, 0.83722532, 0.36651969, -0.4058533, 0.83722544, 0.36651975, -0.40585324, 0.83722538, 0.36651966, -0.40585327, 0.83722544, -0.36651975, -0.40585324, 0.83722538, -0.36651969, -0.40585321, 0.83722538, -0.36651969], 
    "metadata": {
        "formatVersion": 3.1, 
        "generatedBy": "Maya Exporter"
    }
}