{
    "uvs": [[0.3626091182231903, 0.3810771703720093, 0.23302802443504333, 0.4413031041622162, 0.1150461956858635, 0.2655438482761383, 0.31086549162864685, 0.1748991459608078, 0.33836209774017334, 0.49842309951782227, 0.16823752224445343, 0.4714161455631256, 0.017136696726083755, 0.31086641550064087, 0.07049195468425751, 0.0975760817527771, 0.2083279937505722, 0.033853281289339066, 0.42739978432655334, 0.3509642481803894, 0.4087749123573303, 0.12957681715488434, 0.0015739890513941646, 0.1294373869895935, 0.11057508736848831, 0.016232380643486977, 0.27724596858024597, 0.0019920319318771362, 0.5571102499961853, 0.940887987613678, 0.42752909660339355, 0.8806620240211487, 0.47927290201187134, 0.6744840741157532, 0.6750920414924622, 0.7651287317276001, 0.4517761170864105, 0.9980078935623169, 0.36273840069770813, 0.850549042224884, 0.38136330246925354, 0.6291616559028625, 0.5818102359771729, 0.5334381461143494, 0.7196462750434875, 0.5971608757972717, 0.6219006776809692, 0.9710009694099426, 0.773001492023468, 0.810451328754425, 0.5128922462463379, 0.5015769004821777, 0.6795631051063538, 0.5158172845840454, 0.7885642051696777, 0.6290222406387329, 0.08635973185300827, 0.8460495471954346, 0.0015739890513941646, 0.7812590599060059, 0.08635975420475006, 0.6759249567985535, 0.171145498752594, 0.7812590599060059, 0.3247402012348175, 0.760710597038269, 0.29462727904319763, 0.8454962968826294, 0.17728132009506226, 0.760710597038269, 0.29462727904319763, 0.6759248375892639, 0.14208504557609558, 0.672771155834198, 0.07316708564758301, 0.5871740579605103, 0.23983795940876007, 0.5871740579605103, 0.14208504557609558, 0.5015769004821777, 0.27654698491096497, 0.672771155834198, 0.24468567967414856, 0.5871740579605103, 0.35789069533348083, 0.5871740579605103, 0.27654704451560974, 0.5015769004821777]], 
    "faces": [41, 0, 1, 7, 6, 0, 1, 2, 3, 0, 1, 2, 3, 41, 1, 2, 8, 7, 1, 5, 6, 2, 4, 5, 6, 7, 41, 2, 3, 9, 8, 23, 14, 17, 24, 8, 9, 10, 11, 41, 3, 4, 10, 9, 14, 15, 16, 17, 12, 13, 14, 15, 41, 4, 5, 11, 10, 15, 19, 20, 16, 16, 17, 18, 19, 41, 5, 0, 6, 11, 9, 0, 3, 10, 20, 21, 22, 23, 41, 6, 7, 13, 12, 3, 2, 7, 8, 24, 25, 26, 27, 41, 7, 8, 14, 13, 2, 6, 11, 7, 28, 29, 30, 31, 41, 8, 9, 15, 14, 24, 17, 22, 27, 32, 33, 34, 35, 41, 9, 10, 16, 15, 17, 16, 21, 22, 36, 37, 38, 39, 41, 10, 11, 17, 16, 16, 20, 25, 21, 40, 41, 42, 43, 41, 11, 6, 12, 17, 10, 3, 8, 13, 44, 45, 46, 47, 40, 1, 0, 18, 1, 0, 4, 48, 49, 50, 40, 2, 1, 18, 28, 29, 30, 51, 52, 53, 40, 3, 2, 18, 31, 28, 30, 54, 55, 56, 40, 4, 3, 18, 15, 14, 18, 57, 58, 59, 40, 5, 4, 18, 32, 33, 34, 60, 61, 62, 40, 0, 5, 18, 35, 32, 34, 63, 64, 65, 40, 12, 13, 19, 8, 7, 12, 66, 67, 68, 40, 13, 14, 19, 40, 41, 42, 69, 70, 71, 40, 14, 15, 19, 41, 43, 42, 72, 73, 74, 40, 15, 16, 19, 22, 21, 26, 75, 76, 77, 40, 16, 17, 19, 36, 37, 38, 78, 79, 80, 40, 17, 12, 19, 37, 39, 38, 81, 82, 83], 
    "vertices": [0.2393263, -0.06185632, -0.15885949, 0.12648338, 0.18093438, -0.15885955, 0.07006192, 0.30232949, -4e-08, 0.12648338, 0.18093438, 0.15885949, 0.23932624, -0.06185632, 0.15885949, 0.29574764, -0.18325191, -1e-08, 0.62563342, 0.03509362, -0.22681123, 0.45579618, 0.40199203, -0.22681129, 0.37087721, 0.58544083, -5e-08, 0.45579618, 0.40199203, 0.22681123, 0.6256333, 0.03509386, 0.22681123, 0.71055192, -0.14835517, -1e-08, 0.88990504, 0.22721381, -0.1603798, 0.77051038, 0.48547144, -0.16037983, 0.71081311, 0.61460013, -4e-08, 0.7705105, 0.48547144, 0.16037977, 0.88990504, 0.22721381, 0.1603798, 0.94960219, 0.09808512, -1e-08, 0.01946014, -0.01642566, -1e-08, 0.92292065, 0.41036935, -1e-08], 
    "materials": [{
        "opacity": 0.0, 
        "colorDiffuse": [0.4000000059604645, 0.4000000059604645, 0.4000000059604645], 
        "depthWrite": true, 
        "blending": "NormalBlending", 
        "shading": "Lambert", 
        "DbgName": "lambert1", 
        "transparent": true, 
        "depthTest": true, 
        "vertexColors": false
    }], 
    "normals": [-0.15514673, -0.07193344, -0.98526901, -0.15514673, -0.07193344, -0.98526901, -0.15514676, -0.07193345, -0.98526907, -0.15514673, -0.07193343, -0.98526901, -0.521635, 0.56590444, -0.63847399, -0.521635, 0.5659045, -0.63847393, -0.521635, 0.5659045, -0.63847399, -0.521635, 0.56590444, -0.63847393, -0.521635, 0.56590456, 0.63847375, -0.52163506, 0.56590462, 0.63847387, -0.521635, 0.56590456, 0.63847381, -0.52163506, 0.56590462, 0.63847381, -0.15514682, -0.07193325, 0.98526907, -0.15514681, -0.07193325, 0.98526901, -0.15514679, -0.07193325, 0.98526901, -0.15514681, -0.07193325, 0.98526901, 0.07277051, -0.76929289, 0.63473845, 0.07277051, -0.76929289, 0.63473839, 0.07277051, -0.76929283, 0.63473839, 0.07277051, -0.76929295, 0.63473845, 0.0727703, -0.76929289, -0.6347385, 0.0727703, -0.76929289, -0.63473845, 0.0727703, -0.76929295, -0.63473845, 0.0727703, -0.76929283, -0.63473845, 0.18414785, 0.08519688, -0.97919917, 0.18414788, 0.08519689, -0.97919917, 0.18414785, 0.08519687, -0.97919917, 0.18414786, 0.08519688, -0.97919917, -0.06636091, 0.76411772, -0.64165425, -0.06636092, 0.76411778, -0.64165431, -0.06636091, 0.76411772, -0.64165425, -0.06636092, 0.76411778, -0.64165431, -0.06636097, 0.76411778, 0.64165419, -0.06636097, 0.76411784, 0.64165425, -0.06636096, 0.76411772, 0.64165419, -0.06636097, 0.76411778, 0.64165419, 0.18414782, 0.08519705, 0.97919917, 0.18414782, 0.08519703, 0.97919917, 0.18414782, 0.08519705, 0.97919923, 0.1841478, 0.08519704, 0.97919911, 0.55157131, -0.53624076, 0.63891691, 0.55157131, -0.53624076, 0.63891685, 0.55157137, -0.53624076, 0.63891691, 0.55157131, -0.53624082, 0.63891697, 0.55157161, -0.53624058, -0.63891673, 0.55157173, -0.53624064, -0.63891679, 0.55157167, -0.53624058, -0.63891679, 0.55157167, -0.53624064, -0.63891679, -0.59961987, -0.27868831, -0.7501924, -0.59961998, -0.27868837, -0.75019246, -0.59961998, -0.27868837, -0.7501924, -0.89363045, 0.14186242, -0.4257929, -0.8936305, 0.14186241, -0.42579293, -0.89363045, 0.14186241, -0.42579287, -0.89363062, 0.14186177, 0.42579305, -0.89363056, 0.14186175, 0.42579302, -0.89363056, 0.14186174, 0.42579296, -0.59962028, -0.27868778, 0.75019228, -0.5996204, -0.2786878, 0.75019234, -0.59962034, -0.27868778, 0.75019228, -0.46769637, -0.7745707, 0.42579401, -0.46769631, -0.77457058, 0.42579401, -0.46769631, -0.77457058, 0.42579398, -0.46769655, -0.77457035, -0.42579418, -0.46769649, -0.77457035, -0.42579415, -0.46769652, -0.77457035, -0.42579418, 0.75545025, 0.34925112, -0.55436337, 0.75545013, 0.34925103, -0.55436337, 0.75545013, 0.34925103, -0.55436331, 0.66025758, 0.68572241, -0.30634081, 0.66025764, 0.68572247, -0.30634084, 0.66025758, 0.68572241, -0.30634081, 0.6602577, 0.68572277, 0.30633974, 0.6602577, 0.68572277, 0.30633974, 0.6602577, 0.68572283, 0.30633974, 0.75544995, 0.34925154, 0.55436331, 0.75545001, 0.34925154, 0.55436325, 0.75545001, 0.34925151, 0.55436331, 0.95373517, 0.08148679, 0.28939402, 0.95373523, 0.08148681, 0.28939408, 0.95373523, 0.08148679, 0.28939405, 0.95373529, 0.08148625, -0.28939411, 0.95373523, 0.08148625, -0.28939411, 0.95373529, 0.08148625, -0.28939411], 
    "metadata": {
        "formatVersion": 3.1, 
        "generatedBy": "Maya Exporter"
    }
}