{
    "uvs": [[0.3142845630645752, 0.5662380456924438, 0.1564018875360489, 0.5655578374862671, 0.12119951844215393, 0.29552286863327026, 0.359614759683609, 0.29697906970977783, 0.2348085194826126, 0.6900448799133301, 0.07746031135320663, 0.5652172565460205, 0.0019921374041587114, 0.294794499874115, 0.155729740858078, 0.07484929263591766, 0.3235103487968445, 0.07596979290246964, 0.39322614669799805, 0.5665776133537292, 0.47882214188575745, 0.2977079153060913, 0.07183931767940521, 0.07428880035877228, 0.2340886890888214, 0.0017875474877655506, 0.407400518655777, 0.07653029263019562, 0.6399369239807129, 0.12627509236335754, 0.7978195548057556, 0.12559467554092407, 0.8431495428085327, 0.3948536217212677, 0.6047345399856567, 0.39630985260009766, 0.7183435559272766, 0.001787790795788169, 0.8767611384391785, 0.1252545863389969, 0.9623571634292603, 0.3941247761249542, 0.8070451021194458, 0.6158629059791565, 0.6392645239830017, 0.6169834136962891, 0.56099534034729, 0.12661519646644592, 0.4855271279811859, 0.39703819155693054, 0.8909355401992798, 0.6153023838996887, 0.7176237106323242, 0.690045177936554, 0.5553743243217468, 0.6175438761711121, 0.7402018308639526, 0.8956488966941833, 0.6563113927841187, 0.7948426604270935, 0.818560779094696, 0.7948426604270935, 0.7402015924453735, 0.6940364837646484, 0.9141175746917725, 0.6940364837646484, 0.9980080127716064, 0.7948426604270935, 0.8246961832046509, 0.7948426604270935, 0.9141178131103516, 0.8956493735313416, 0.49282780289649963, 0.7938876152038574, 0.5717693567276001, 0.6940367221832275, 0.6501759886741638, 0.7938876152038574, 0.5717693567276001, 0.8937384486198425, 0.4866923987865448, 0.7938876152038574, 0.40775081515312195, 0.8937384486198425, 0.32827478647232056, 0.7938876152038574, 0.40775081515312195, 0.6940367221832275]], 
    "faces": [41, 0, 1, 7, 6, 0, 1, 2, 3, 0, 1, 2, 3, 41, 1, 2, 8, 7, 1, 5, 6, 2, 4, 5, 6, 7, 41, 2, 3, 9, 8, 23, 14, 17, 24, 8, 9, 10, 11, 41, 3, 4, 10, 9, 14, 15, 16, 17, 12, 13, 14, 15, 41, 4, 5, 11, 10, 15, 19, 20, 16, 16, 17, 18, 19, 41, 5, 0, 6, 11, 9, 0, 3, 10, 20, 21, 22, 23, 41, 6, 7, 13, 12, 3, 2, 7, 8, 24, 25, 26, 27, 41, 7, 8, 14, 13, 2, 6, 11, 7, 28, 29, 30, 31, 41, 8, 9, 15, 14, 24, 17, 22, 27, 32, 33, 34, 35, 41, 9, 10, 16, 15, 17, 16, 21, 22, 36, 37, 38, 39, 41, 10, 11, 17, 16, 16, 20, 25, 21, 40, 41, 42, 43, 41, 11, 6, 12, 17, 10, 3, 8, 13, 44, 45, 46, 47, 40, 1, 0, 18, 1, 0, 4, 48, 49, 50, 40, 2, 1, 18, 36, 37, 38, 51, 52, 53, 40, 3, 2, 18, 39, 36, 38, 54, 55, 56, 40, 4, 3, 18, 15, 14, 18, 57, 58, 59, 40, 5, 4, 18, 40, 41, 42, 60, 61, 62, 40, 0, 5, 18, 43, 40, 42, 63, 64, 65, 40, 12, 13, 19, 8, 7, 12, 66, 67, 68, 40, 13, 14, 19, 28, 29, 30, 69, 70, 71, 40, 14, 15, 19, 29, 31, 30, 72, 73, 74, 40, 15, 16, 19, 22, 21, 26, 75, 76, 77, 40, 16, 17, 19, 32, 33, 34, 78, 79, 80, 40, 17, 12, 19, 33, 35, 34, 81, 82, 83], 
    "vertices": [0.08029096, 0.07813502, -0.10820544, -0.09080203, 0.07887221, -0.10820544, -0.17634858, 0.0792408, -3e-08, -0.09080203, 0.07887221, 0.10820544, 0.08029096, 0.07813502, 0.10820544, 0.16583745, 0.07776642, -1e-08, 0.12941377, 0.36992264, -0.15448999, -0.12894972, 0.37150097, -0.15449005, -0.25813146, 0.3722899, -4e-08, -0.12894984, 0.37150097, 0.15448999, 0.12941365, 0.36992264, 0.15448999, 0.25859539, 0.36913324, -1e-08, 0.09028839, 0.60942412, -0.10924101, -0.09153052, 0.61063815, -0.10924095, -0.18243994, 0.61124564, -3e-08, -0.09153058, 0.61063838, 0.10924095, 0.09028833, 0.60942412, 0.10924095, 0.18119781, 0.60881687, -1e-08, -0.00583513, -0.05603122, -1e-08, -0.00661506, 0.68981314, -1e-08], 
    "materials": [{
        "opacity": 0.0, 
        "colorDiffuse": [0.4000000059604645, 0.4000000059604645, 0.4000000059604645], 
        "depthWrite": true, 
        "blending": "NormalBlending", 
        "shading": "Lambert", 
        "DbgName": "lambert1", 
        "transparent": true, 
        "depthTest": true, 
        "vertexColors": false
    }], 
    "normals": [-0.00084323, -0.1564301, -0.98768872, -0.00084323, -0.15643011, -0.98768872, -0.00084323, -0.15643008, -0.9876886, -0.00084323, -0.15643007, -0.9876886, -0.75837708, -0.20421259, -0.61900032, -0.75837702, -0.20421258, -0.61900026, -0.75837713, -0.20421261, -0.61900038, -0.75837708, -0.20421259, -0.61900032, -0.75837719, -0.20421275, 0.61900002, -0.75837725, -0.20421277, 0.61900008, -0.75837725, -0.20421275, 0.61900002, -0.75837719, -0.20421278, 0.61900008, -0.0008434, -0.15642998, 0.98768866, -0.0008434, -0.15642996, 0.98768866, -0.0008434, -0.15642998, 0.98768866, -0.0008434, -0.15642995, 0.9876886, 0.75262213, -0.23202088, 0.61621916, 0.75262213, -0.23202088, 0.61621916, 0.75262219, -0.23202091, 0.61621922, 0.75262225, -0.23202091, 0.61621928, 0.75262249, -0.23202081, -0.61621881, 0.75262249, -0.23202083, -0.61621881, 0.75262254, -0.23202081, -0.61621886, 0.75262249, -0.23202081, -0.61621881, 0.00117852, 0.1857861, -0.98258954, 0.00117852, 0.18578608, -0.98258948, 0.00117852, 0.18578607, -0.98258942, 0.00117852, 0.18578608, -0.98258948, -0.7455799, 0.23540159, -0.62345552, -0.74557972, 0.23540151, -0.62345535, -0.74557984, 0.23540154, -0.62345546, -0.74557978, 0.23540156, -0.62345541, -0.74558049, 0.23540166, 0.62345451, -0.74558055, 0.23540168, 0.62345457, -0.74558055, 0.23540166, 0.62345451, -0.74558055, 0.23540166, 0.62345457, 0.00117866, 0.1857862, 0.98258954, 0.00117866, 0.1857862, 0.98258954, 0.00117866, 0.18578619, 0.98258954, 0.00117866, 0.18578619, 0.98258936, 0.74594444, 0.24005394, 0.62124133, 0.7459445, 0.24005395, 0.62124133, 0.74594456, 0.240054, 0.62124145, 0.7459445, 0.24005394, 0.62124133, 0.7459448, 0.24005388, -0.62124103, 0.7459448, 0.24005385, -0.62124097, 0.74594474, 0.24005386, -0.62124103, 0.7459448, 0.24005386, -0.62124103, -0.00270036, -0.62672287, -0.77923751, -0.00270036, -0.62672287, -0.77923751, -0.00270036, -0.62672287, -0.77923745, -0.55839068, -0.7038641, -0.43906173, -0.55839056, -0.70386398, -0.43906167, -0.55839056, -0.7038641, -0.43906167, -0.55839092, -0.70386392, 0.43906164, -0.55839092, -0.70386386, 0.43906167, -0.55839092, -0.70386386, 0.43906167, -0.00270036, -0.62672287, 0.77923751, -0.00270036, -0.62672287, 0.77923751, -0.00270036, -0.62672287, 0.77923745, 0.55230498, -0.70864934, 0.43906188, 0.55230498, -0.70864934, 0.43906188, 0.55230492, -0.70864934, 0.43906188, 0.55230486, -0.7086494, -0.43906188, 0.55230486, -0.70864934, -0.43906191, 0.55230492, -0.7086494, -0.43906191, 0.00539288, 0.80768937, -0.58958352, 0.00539288, 0.80768943, -0.58958352, 0.00539288, 0.80768943, -0.58958352, -0.38571474, 0.86318421, -0.32578695, -0.38571474, 0.86318421, -0.32578698, -0.38571474, 0.86318415, -0.32578695, -0.38571489, 0.86318409, 0.32578695, -0.38571492, 0.86318421, 0.32578695, -0.38571486, 0.86318409, 0.32578692, 0.0053941, 0.80769056, 0.58958191, 0.0053941, 0.8076905, 0.58958191, 0.0053941, 0.80769056, 0.58958197, 0.37667522, 0.87342781, 0.3086091, 0.37667519, 0.87342787, 0.30860907, 0.37667513, 0.87342769, 0.30860907, 0.37667516, 0.87342793, -0.30860895, 0.3766751, 0.87342781, -0.30860892, 0.37667513, 0.87342793, -0.30860892], 
    "metadata": {
        "formatVersion": 3.1, 
        "generatedBy": "Maya Exporter"
    }
}