{
    "uvs": [[0.41874444484710693, 0.36760151386260986, 0.30310821533203125, 0.4546048641204834, 0.1457752287387848, 0.3009335398674011, 0.32060402631759644, 0.1698266565799713, 0.421049565076828, 0.4910127520561218, 0.24529008567333221, 0.49810701608657837, 0.058360885828733444, 0.3664869964122772, 0.06342935562133789, 0.14029636979103088, 0.18650877475738525, 0.04809343069791794, 0.4765625596046448, 0.3240993618965149, 0.40801844000816345, 0.10427320748567581, 0.0018896441906690598, 0.1863979697227478, 0.08504359424114227, 0.05004585534334183, 0.24804842472076416, 0.0019920868799090385, 0.7732565402984619, 0.5453951358795166, 0.8888927102088928, 0.6323987245559692, 0.7907522320747375, 0.8301734924316406, 0.6159235239028931, 0.6990665793418884, 0.8911978602409363, 0.508987545967102, 0.9467108845710754, 0.6759005188941956, 0.8781667947769165, 0.8957269191741943, 0.6566570401191711, 0.9519067406654358, 0.5335776209831238, 0.859703779220581, 0.7154384255409241, 0.5018931031227112, 0.5285091996192932, 0.6335133910179138, 0.7181967496871948, 0.9980080723762512, 0.5551919341087341, 0.9499542713165283, 0.47203800082206726, 0.8136022090911865, 0.3803534209728241, 0.6776525378227234, 0.294488787651062, 0.6198344230651855, 0.3803534209728241, 0.5018931031227112, 0.4662180542945862, 0.6198344230651855, 0.339074969291687, 0.7673034071922302, 0.29557329416275024, 0.8531678915023804, 0.17216207087039948, 0.7673034071922302, 0.29557329416275024, 0.6814388632774353, 0.1984182894229889, 0.675265908241272, 0.15231668949127197, 0.5885794162750244, 0.28866881132125854, 0.5885794162750244, 0.1984182894229889, 0.5018931031227112, 0.10335475951433182, 0.6790522933006287, 0.1648944616317749, 0.7657385468482971, 0.0018896441906690598, 0.7657385468482971, 0.10335481911897659, 0.8524248003959656]], 
    "faces": [41, 0, 1, 7, 6, 0, 1, 2, 3, 0, 1, 2, 3, 41, 1, 2, 8, 7, 1, 5, 6, 2, 4, 5, 6, 7, 41, 2, 3, 9, 8, 23, 14, 17, 24, 8, 9, 10, 11, 41, 3, 4, 10, 9, 14, 15, 16, 17, 12, 13, 14, 15, 41, 4, 5, 11, 10, 15, 19, 20, 16, 16, 17, 18, 19, 41, 5, 0, 6, 11, 9, 0, 3, 10, 20, 21, 22, 23, 41, 6, 7, 13, 12, 3, 2, 7, 8, 24, 25, 26, 27, 41, 7, 8, 14, 13, 2, 6, 11, 7, 28, 29, 30, 31, 41, 8, 9, 15, 14, 24, 17, 22, 27, 32, 33, 34, 35, 41, 9, 10, 16, 15, 17, 16, 21, 22, 36, 37, 38, 39, 41, 10, 11, 17, 16, 16, 20, 25, 21, 40, 41, 42, 43, 41, 11, 6, 12, 17, 10, 3, 8, 13, 44, 45, 46, 47, 40, 1, 0, 18, 1, 0, 4, 48, 49, 50, 40, 2, 1, 18, 28, 29, 30, 51, 52, 53, 40, 3, 2, 18, 31, 28, 30, 54, 55, 56, 40, 4, 3, 18, 15, 14, 18, 57, 58, 59, 40, 5, 4, 18, 32, 33, 34, 60, 61, 62, 40, 0, 5, 18, 35, 32, 34, 63, 64, 65, 40, 12, 13, 19, 8, 7, 12, 66, 67, 68, 40, 13, 14, 19, 36, 37, 38, 69, 70, 71, 40, 14, 15, 19, 37, 39, 38, 72, 73, 74, 40, 15, 16, 19, 22, 21, 26, 75, 76, 77, 40, 16, 17, 19, 40, 41, 42, 78, 79, 80, 40, 17, 12, 19, 41, 43, 42, 81, 82, 83], 
    "vertices": [0.07589605, 0.2092967, -0.18262559, -0.17005087, 0.0242486, -0.18262562, -0.29302431, -0.06827593, -4e-08, -0.17005087, 0.0242486, 0.18262559, 0.07589596, 0.2092967, 0.18262559, 0.19886946, 0.30182075, -1e-08, -0.13283897, 0.62994432, -0.2607432, -0.50468273, 0.35109305, -0.26074326, -0.69060446, 0.2116673, -5e-08, -0.50468279, 0.35109305, 0.2607432, -0.13283912, 0.62994432, 0.26074326, 0.05308293, 0.76936984, -1e-08, -0.41804648, 0.88885879, -0.18437332, -0.67982424, 0.69275212, -0.18437335, -0.81071318, 0.5946989, -4e-08, -0.67982436, 0.69275236, 0.18437329, -0.41804654, 0.88885879, 0.18437332, -0.2871576, 0.98691201, -1e-08, 0.08079877, -0.0531869, -1e-08, -0.63385297, 0.88470626, -1e-08], 
    "materials": [{
        "opacity": 0.0, 
        "colorDiffuse": [0.4000000059604645, 0.4000000059604645, 0.4000000059604645], 
        "depthWrite": true, 
        "blending": "NormalBlending", 
        "shading": "Lambert", 
        "DbgName": "lambert1", 
        "transparent": true, 
        "depthTest": true, 
        "vertexColors": false
    }], 
    "normals": [0.10010792, -0.13331692, -0.98600459, 0.10010792, -0.13331692, -0.98600453, 0.10010792, -0.1333169, -0.98600453, 0.10010792, -0.1333169, -0.98600447, -0.44903088, -0.62415898, -0.63937205, -0.44903091, -0.62415892, -0.63937211, -0.44903097, -0.62415904, -0.63937211, -0.44903097, -0.62415898, -0.63937211, -0.44903114, -0.62415922, 0.63937175, -0.44903111, -0.62415922, 0.63937169, -0.44903111, -0.62415922, 0.63937169, -0.44903114, -0.62415928, 0.63937181, 0.10010782, -0.13331704, 0.98600447, 0.10010783, -0.13331707, 0.98600459, 0.10010782, -0.13331704, 0.98600447, 0.10010781, -0.13331704, 0.98600453, 0.73447162, 0.23724157, 0.63582063, 0.7344715, 0.23724155, 0.63582057, 0.73447156, 0.23724157, 0.63582063, 0.73447156, 0.23724157, 0.63582063, 0.73447168, 0.23724167, -0.63582039, 0.7344718, 0.2372417, -0.63582039, 0.73447174, 0.23724169, -0.63582039, 0.73447174, 0.2372417, -0.63582045, -0.11867939, 0.15832537, -0.9802286, -0.11867942, 0.15832539, -0.98022872, -0.11867942, 0.15832537, -0.98022866, -0.1186794, 0.15832539, -0.98022872, -0.73071814, -0.22996792, -0.64277977, -0.73071814, -0.22996794, -0.64277977, -0.73071808, -0.22996794, -0.64277977, -0.73071808, -0.22996789, -0.64277971, -0.73071831, -0.22996809, 0.64277935, -0.73071831, -0.2299681, 0.64277941, -0.73071831, -0.22996809, 0.64277935, -0.73071831, -0.22996807, 0.64277935, -0.11867952, 0.15832525, 0.98022866, -0.1186795, 0.15832524, 0.9802286, -0.1186795, 0.15832524, 0.9802286, -0.11867951, 0.15832523, 0.98022866, 0.41456023, 0.64680326, 0.64014482, 0.41456023, 0.64680326, 0.64014482, 0.4145602, 0.6468032, 0.64014477, 0.4145602, 0.64680314, 0.64014477, 0.41456026, 0.64680314, -0.64014482, 0.41456023, 0.64680314, -0.64014488, 0.41456023, 0.64680314, -0.64014482, 0.41456023, 0.6468032, -0.64014482, 0.39166158, -0.52055627, -0.75869787, 0.39166158, -0.52055633, -0.75869787, 0.39166152, -0.52055621, -0.75869775, 0.0363729, -0.90111786, -0.43204582, 0.03637289, -0.9011178, -0.43204582, 0.03637289, -0.90111786, -0.43204582, 0.03637276, -0.90111792, 0.4320457, 0.03637276, -0.90111786, 0.43204567, 0.03637276, -0.90111786, 0.43204564, 0.39166138, -0.52055603, 0.75869817, 0.39166132, -0.52055597, 0.75869811, 0.39166135, -0.52055597, 0.75869811, 0.85576367, -0.28461522, 0.43204471, 0.85576373, -0.28461522, 0.43204474, 0.85576367, -0.28461522, 0.43204474, 0.85576355, -0.28461531, -0.43204492, 0.85576349, -0.28461528, -0.43204489, 0.85576355, -0.28461531, -0.43204495, -0.49492511, 0.66066319, -0.56442297, -0.49492508, 0.66066313, -0.56442291, -0.49492511, 0.66066325, -0.56442302, -0.81095058, 0.49455556, -0.31268814, -0.81095058, 0.49455556, -0.31268814, -0.81095064, 0.49455559, -0.31268811, -0.8109501, 0.49455652, 0.31268817, -0.81095004, 0.49455655, 0.31268817, -0.8109501, 0.49455655, 0.31268817, -0.49492502, 0.66066378, 0.56442225, -0.49492505, 0.66066378, 0.56442219, -0.49492502, 0.66066384, 0.56442231, -0.2701363, 0.91633767, 0.29555285, -0.27013636, 0.91633773, 0.29555288, -0.2701363, 0.91633767, 0.29555285, -0.27013627, 0.91633767, -0.29555285, -0.27013636, 0.91633785, -0.29555291, -0.2701363, 0.91633767, -0.29555288], 
    "metadata": {
        "formatVersion": 3.1, 
        "generatedBy": "Maya Exporter"
    }
}