{
    "uvs": [[0.25136786699295044, 0.5770021677017212, 0.09273998439311981, 0.5378475785255432, 0.12171091884374619, 0.2634393870830536, 0.3611486554145813, 0.3229890465736389, 0.14191967248916626, 0.6795077919960022, 0.013426178134977818, 0.5182698965072632, 0.001992052886635065, 0.23366492986679077, 0.20904722809791565, 0.05462169274687767, 0.3775247037410736, 0.09662280976772308, 0.3306817412376404, 0.5965797901153564, 0.4808674156665802, 0.3527638912200928, 0.12480852007865906, 0.03362131118774414, 0.3052743077278137, 0.001799331628717482, 0.4617634117603302, 0.11762355268001556, 0.5782240629196167, 0.14345954358577728, 0.7368519306182861, 0.1043049618601799, 0.8466325998306274, 0.3583180606365204, 0.6071949601173401, 0.4178677201271057, 0.627403736114502, 0.001799331628717482, 0.8161658048629761, 0.08472730964422226, 0.9663515090942383, 0.3285432457923889, 0.8630086779594421, 0.5846843123435974, 0.694531261920929, 0.6266854405403137, 0.49891024827957153, 0.16303719580173492, 0.487476110458374, 0.44764217734336853, 0.9472474455833435, 0.5636835694313049, 0.7907583713531494, 0.6795077919960022, 0.6102926135063171, 0.6476858258247375, 0.5141537189483643, 0.7914692759513855, 0.43483981490135193, 0.8994395732879639, 0.32539162039756775, 0.7914692759513855, 0.43483981490135193, 0.6834990978240967, 0.9017809629440308, 0.9015059471130371, 0.8175422549247742, 0.7925024032592773, 0.9980080723762512, 0.7925024032592773, 0.9017809629440308, 0.6834989190101624, 0.5202890038490295, 0.7914692759513855, 0.5996028184890747, 0.6834990978240967, 0.6487825512886047, 0.7914692759513855, 0.5996028184890747, 0.8994395732879639, 0.7271681427955627, 0.6834989190101624, 0.8114069700241089, 0.7925024032592773, 0.65491783618927, 0.7925024032592773, 0.7271682620048523, 0.9015059471130371]], 
    "faces": [41, 0, 1, 7, 6, 0, 1, 2, 3, 0, 1, 2, 3, 41, 1, 2, 8, 7, 1, 5, 6, 2, 4, 5, 6, 7, 41, 2, 3, 9, 8, 23, 14, 17, 24, 8, 9, 10, 11, 41, 3, 4, 10, 9, 14, 15, 16, 17, 12, 13, 14, 15, 41, 4, 5, 11, 10, 15, 19, 20, 16, 16, 17, 18, 19, 41, 5, 0, 6, 11, 9, 0, 3, 10, 20, 21, 22, 23, 41, 6, 7, 13, 12, 3, 2, 7, 8, 24, 25, 26, 27, 41, 7, 8, 14, 13, 2, 6, 11, 7, 28, 29, 30, 31, 41, 8, 9, 15, 14, 24, 17, 22, 27, 32, 33, 34, 35, 41, 9, 10, 16, 15, 17, 16, 21, 22, 36, 37, 38, 39, 41, 10, 11, 17, 16, 16, 20, 25, 21, 40, 41, 42, 43, 41, 11, 6, 12, 17, 10, 3, 8, 13, 44, 45, 46, 47, 40, 1, 0, 18, 1, 0, 4, 48, 49, 50, 40, 2, 1, 18, 36, 37, 38, 51, 52, 53, 40, 3, 2, 18, 39, 36, 38, 54, 55, 56, 40, 4, 3, 18, 15, 14, 18, 57, 58, 59, 40, 5, 4, 18, 28, 29, 30, 60, 61, 62, 40, 0, 5, 18, 31, 28, 30, 63, 64, 65, 40, 12, 13, 19, 8, 7, 12, 66, 67, 68, 40, 13, 14, 19, 32, 33, 34, 69, 70, 71, 40, 14, 15, 19, 33, 35, 34, 72, 73, 74, 40, 15, 16, 19, 22, 21, 26, 75, 76, 77, 40, 16, 17, 19, 40, 41, 42, 78, 79, 80, 40, 17, 12, 19, 41, 43, 42, 81, 82, 83], 
    "vertices": [0.14481914, 0.03687589, -0.15781021, -0.08703265, 0.09410493, -0.15781024, -0.20295856, 0.12271945, -4e-08, -0.08703271, 0.09410493, 0.15781021, 0.14481911, 0.03687589, 0.15781021, 0.26074496, 0.00826137, -1e-08, 0.30527565, 0.40814369, -0.22531313, -0.04468856, 0.49518197, -0.22531319, -0.21967075, 0.53870051, -5e-08, -0.04468862, 0.49518197, 0.22531313, 0.3052755, 0.40814369, 0.22531313, 0.4802576, 0.36462419, -1e-08, 0.32921099, 0.73900239, -0.15932044, 0.0829629, 0.80039136, -0.1593205, -0.04016117, 0.83108633, -4e-08, 0.08296284, 0.8003916, 0.15932044, 0.3292109, 0.73900239, 0.15932047, 0.45233497, 0.70830791, -1e-08, -0.01515136, -0.11294682, -1e-08, 0.22360915, 0.87759726, -1e-08], 
    "materials": [{
        "opacity": 0.0, 
        "colorDiffuse": [0.4000000059604645, 0.4000000059604645, 0.4000000059604645], 
        "depthWrite": true, 
        "blending": "NormalBlending", 
        "shading": "Lambert", 
        "DbgName": "lambert1", 
        "transparent": true, 
        "depthTest": true, 
        "vertexColors": false
    }], 
    "normals": [-0.04012424, -0.16181779, -0.98600465, -0.04012424, -0.16181777, -0.98600459, -0.04012423, -0.16181776, -0.98600447, -0.04012424, -0.16181777, -0.98600459, -0.79841632, -0.02465541, -0.60160065, -0.79841632, -0.0246554, -0.60160065, -0.79841638, -0.02465541, -0.60160071, -0.79841638, -0.02465541, -0.60160071, -0.79841632, -0.02465538, 0.60160077, -0.79841632, -0.02465538, 0.60160077, -0.79841626, -0.02465538, 0.60160077, -0.79841632, -0.02465538, 0.60160077, -0.04012442, -0.16181765, 0.98600459, -0.04012442, -0.16181767, 0.98600459, -0.04012442, -0.16181765, 0.98600459, -0.04012442, -0.16181765, 0.98600459, 0.68587679, -0.41370547, 0.5986824, 0.68587679, -0.4137055, 0.59868252, 0.68587673, -0.41370547, 0.59868246, 0.68587685, -0.4137055, 0.59868252, 0.68587697, -0.41370562, -0.59868234, 0.68587697, -0.41370559, -0.59868228, 0.68587685, -0.41370556, -0.59868228, 0.68587691, -0.41370556, -0.59868228, 0.04780062, 0.19200774, -0.9802286, 0.04780062, 0.19200772, -0.98022854, 0.04780063, 0.19200775, -0.98022866, 0.04780062, 0.19200772, -0.98022848, -0.67834228, 0.4155775, -0.60592663, -0.67834222, 0.41557744, -0.60592651, -0.67834216, 0.41557741, -0.60592651, -0.67834234, 0.4155775, -0.60592663, -0.67834252, 0.41557717, 0.60592639, -0.67834264, 0.4155772, 0.60592645, -0.67834258, 0.4155772, 0.60592639, -0.67834252, 0.4155772, 0.60592645, 0.04780038, 0.19200744, 0.9802286, 0.04780038, 0.19200747, 0.98022872, 0.04780038, 0.19200742, 0.9802286, 0.04780038, 0.19200745, 0.98022866, 0.7947107, 0.06375274, 0.60363114, 0.79471064, 0.06375274, 0.60363114, 0.79471058, 0.06375273, 0.60363108, 0.79471064, 0.06375273, 0.60363108, 0.79471099, 0.06375279, -0.60363072, 0.79471093, 0.06375279, -0.60363072, 0.79471105, 0.06375279, -0.60363078, 0.79471093, 0.06375278, -0.60363072, -0.15611291, -0.63246024, -0.75869805, -0.15611291, -0.6324603, -0.75869817, -0.15611291, -0.6324603, -0.75869811, -0.71007919, -0.56587678, -0.41901183, -0.71007919, -0.56587672, -0.41901186, -0.71007919, -0.56587684, -0.41901186, -0.71007985, -0.56587619, 0.41901165, -0.71007985, -0.56587613, 0.41901159, -0.71007991, -0.56587619, 0.41901165, -0.15611315, -0.63246059, 0.75869781, -0.15611316, -0.63246053, 0.75869781, -0.15611316, -0.63246059, 0.75869769, 0.36520907, -0.83129597, 0.41900989, 0.3652091, -0.83129597, 0.41900989, 0.3652091, -0.83129597, 0.41900989, 0.36520904, -0.83129543, -0.419011, 0.36520904, -0.83129531, -0.41901103, 0.36520907, -0.83129543, -0.41901103, 0.19967994, 0.80097097, -0.56442297, 0.19967994, 0.80097097, -0.56442297, 0.19967997, 0.80097103, -0.56442302, -0.1652007, 0.93687725, -0.30817133, -0.1652007, 0.93687731, -0.30817133, -0.1652007, 0.93687731, -0.30817136, -0.16520086, 0.93687803, 0.30816901, -0.16520086, 0.93687809, 0.30816904, -0.16520087, 0.93687809, 0.30816907, 0.19968076, 0.80097127, 0.56442231, 0.19968073, 0.80097127, 0.56442219, 0.19968075, 0.80097127, 0.56442225, 0.56905347, 0.76884478, 0.29164296, 0.56905353, 0.76884478, 0.29164293, 0.56905359, 0.7688449, 0.29164299, 0.56905359, 0.76884472, -0.29164305, 0.56905359, 0.76884478, -0.29164305, 0.56905359, 0.76884484, -0.29164305], 
    "metadata": {
        "formatVersion": 3.1, 
        "generatedBy": "Maya Exporter"
    }
}