{
    "uvs": [[0.6159399151802063, 0.3966926336288452, 0.5099266171455383, 0.4499914050102234, 0.3545295000076294, 0.19162169098854065, 0.5245343446731567, 0.12594163417816162, 0.6012592911720276, 0.49957412481307983, 0.3383445143699646, 0.04815533757209778, 0.4580002725124359, 0.0019921851344406605, 0.6689465641975403, 0.37004324793815613, 0.6095367670059204, 0.09310183674097061, 0.17346028983592987, 0.05157480016350746, 0.27947360277175903, 0.10487345606088638, 0.18806804716587067, 0.3756244480609894, 0.01806316338479519, 0.30994462966918945, 0.2647930085659027, 0.0019920177292078733, 0.332480251789093, 0.13152283430099487, 0.27307048439979553, 0.4084644615650177, 0.12153395265340805, 0.49957412481307983, 0.001878221519291401, 0.4534108638763428, 0.638540506362915, 0.7883570194244385, 0.7897663116455078, 0.7555170059204102, 0.7897663116455078, 0.9087416529655457, 0.6828334927558899, 0.9318232536315918, 0.6860421299934387, 0.5299872159957886, 0.7897663116455078, 0.5033378005027771, 0.940991997718811, 0.7883570194244385, 0.8966991305351257, 0.9318232536315918, 0.7897663116455078, 0.9980080127716064, 0.8934904932975769, 0.5299872159957886, 0.0761236697435379, 0.6070616841316223, 0.12913033366203308, 0.5033375024795532, 0.22046299278736115, 0.6070616841316223, 0.1291302740573883, 0.7107858657836914, 0.3557784855365753, 0.607062041759491, 0.32912909984588623, 0.7107862830162048, 0.2262476235628128, 0.607062041759491, 0.32912909984588623, 0.5033378005027771, 0.48121923208236694, 0.7614962458610535, 0.36156341433525085, 0.7614962458610535, 0.40385231375694275, 0.6545633673667908, 0.5410470962524414, 0.6545633673667908, 0.6327557563781738, 0.6545633673667908, 0.5477532744407654, 0.805789053440094, 0.48121917247772217, 0.5476305484771729, 0.5477532744407654, 0.5033376812934875, 0.36156341433525085, 0.5476305484771729]], 
    "faces": [41, 0, 1, 7, 6, 0, 1, 2, 3, 0, 1, 2, 3, 41, 1, 2, 8, 7, 22, 23, 19, 18, 4, 5, 6, 7, 41, 2, 3, 9, 8, 23, 27, 24, 19, 8, 9, 10, 11, 41, 3, 4, 10, 9, 9, 10, 11, 12, 12, 13, 14, 15, 41, 4, 5, 11, 10, 10, 14, 15, 11, 16, 17, 18, 19, 41, 5, 0, 6, 11, 7, 0, 3, 8, 20, 21, 22, 23, 41, 6, 7, 13, 12, 3, 2, 5, 6, 24, 25, 26, 27, 41, 7, 8, 14, 13, 18, 19, 20, 21, 28, 29, 30, 31, 41, 8, 9, 15, 14, 19, 24, 25, 20, 32, 33, 34, 35, 41, 9, 10, 16, 15, 12, 11, 16, 17, 36, 37, 38, 39, 41, 10, 11, 17, 16, 43, 40, 39, 42, 40, 41, 42, 43, 41, 11, 6, 12, 17, 40, 41, 36, 39, 44, 45, 46, 47, 40, 1, 0, 18, 1, 0, 4, 48, 49, 50, 40, 2, 1, 18, 28, 29, 30, 51, 52, 53, 40, 3, 2, 18, 31, 28, 30, 54, 55, 56, 40, 4, 3, 18, 10, 9, 13, 57, 58, 59, 40, 5, 4, 18, 32, 33, 34, 60, 61, 62, 40, 0, 5, 18, 35, 32, 34, 63, 64, 65, 40, 12, 13, 19, 36, 37, 38, 66, 67, 68, 40, 13, 14, 19, 21, 20, 26, 69, 70, 71, 40, 14, 15, 19, 20, 25, 26, 72, 73, 74, 40, 15, 16, 19, 44, 42, 38, 75, 76, 77, 40, 16, 17, 19, 42, 39, 38, 78, 79, 80, 40, 17, 12, 19, 39, 36, 38, 81, 82, 83], 
    "vertices": [0.1079821, 0.16841688, -0.24497721, -0.14240166, 0.04253521, -0.2449773, -0.26759353, -0.02040563, -4e-08, -0.14240172, 0.04253521, 0.24497724, 0.10798201, 0.16841688, 0.24497727, 0.23317388, 0.23135772, -0.0, -0.10790089, 0.80788043, -0.35716712, -0.50942078, 0.65275672, -0.35716718, -0.71018079, 0.5751948, -6e-08, -0.5094209, 0.65275666, 0.35716712, -0.10790089, 0.80788031, 0.35716718, 0.092859, 0.88544216, 0.0, -0.2650421, 1.1006262, -0.25255531, -0.54764667, 0.99159726, -0.25255534, -0.6889489, 0.93708285, -4e-08, -0.54764679, 0.99159726, 0.25255531, -0.26504216, 1.1006262, 0.25255531, -0.12373981, 1.1551406, 0.0, 0.07330915, -0.07457009, -0.0, -0.44776824, 1.14791342, 0.0], 
    "materials": [{
        "opacity": 0.0, 
        "colorDiffuse": [0.4000000059604645, 0.4000000059604645, 0.4000000059604645], 
        "depthWrite": true, 
        "blending": "NormalBlending", 
        "shading": "Lambert", 
        "DbgName": "lambert1", 
        "transparent": true, 
        "depthTest": true, 
        "vertexColors": false
    }], 
    "normals": [0.06360202, -0.14754982, -0.98700756, 0.06360203, -0.14754982, -0.98700756, 0.06360202, -0.14754981, -0.9870075, 0.06360202, -0.14754979, -0.98700744, -0.6978538, -0.51487404, -0.49790043, -0.69785374, -0.51487398, -0.49790043, -0.69785374, -0.51487398, -0.49790046, -0.69785374, -0.51487404, -0.49790046, -0.69785392, -0.51487398, 0.49790019, -0.69785386, -0.51487398, 0.49790022, -0.69785398, -0.51487398, 0.49790022, -0.69785392, -0.51487404, 0.49790022, 0.06360178, -0.14754997, 0.98700756, 0.06360178, -0.14754997, 0.9870075, 0.06360178, -0.14754996, 0.9870075, 0.06360178, -0.14754999, 0.98700756, 0.84441972, 0.18905318, 0.50121284, 0.84441966, 0.18905318, 0.50121284, 0.84441966, 0.18905318, 0.50121289, 0.8444196, 0.18905316, 0.50121284, 0.84441972, 0.18905325, -0.50121284, 0.84441972, 0.18905324, -0.50121278, 0.8444196, 0.18905319, -0.50121278, 0.84441966, 0.18905322, -0.50121284, -0.10891257, 0.28207108, -0.95319146, -0.10891257, 0.28207108, -0.95319146, -0.10891258, 0.28207108, -0.95319146, -0.10891257, 0.28207105, -0.95319146, -0.87564296, 0.05047017, -0.48031455, -0.87564301, 0.05047016, -0.48031461, -0.87564301, 0.05047017, -0.48031461, -0.87564301, 0.05047016, -0.48031458, -0.87564325, 0.05047015, 0.48031405, -0.87564325, 0.05047016, 0.48031411, -0.87564319, 0.05047015, 0.48031411, -0.87564319, 0.05047015, 0.48031408, -0.10891267, 0.28207105, 0.95319146, -0.10891268, 0.28207105, 0.95319146, -0.10891265, 0.28207102, 0.9531914, -0.10891265, 0.28207102, 0.95319146, 0.67707658, 0.54241598, 0.4973453, 0.67707658, 0.54241598, 0.4973453, 0.67707646, 0.54241592, 0.49734521, 0.67707652, 0.54241604, 0.4973453, 0.67707652, 0.54241598, -0.49734524, 0.67707652, 0.54241598, -0.49734524, 0.67707646, 0.54241592, -0.49734524, 0.67707652, 0.54241592, -0.49734524, 0.34689397, -0.68998611, -0.63528246, 0.34689397, -0.68998611, -0.63528246, 0.34689394, -0.68998605, -0.63528246, -0.14883788, -0.93676227, -0.31673923, -0.14883788, -0.93676221, -0.31673926, -0.14883788, -0.93676227, -0.31673926, -0.14883794, -0.93676233, 0.31673911, -0.14883792, -0.93676227, 0.31673911, -0.14883792, -0.93676227, 0.31673911, 0.34689382, -0.68998581, 0.6352827, 0.34689388, -0.68998593, 0.63528275, 0.34689382, -0.68998581, 0.6352827, 0.84065485, -0.43929002, 0.31673902, 0.84065485, -0.43928999, 0.31673902, 0.84065485, -0.43929002, 0.31673905, 0.84065503, -0.43928987, -0.31673887, 0.84065503, -0.43928984, -0.31673884, 0.84065503, -0.43928981, -0.31673887, -0.33005297, 0.85550183, -0.39897561, -0.33005303, 0.85550195, -0.3989757, -0.330053, 0.85550183, -0.39897561, -0.64464682, 0.73744857, -0.20149426, -0.64464688, 0.73744857, -0.20149429, -0.64464676, 0.73744851, -0.20149425, -0.6446479, 0.73744768, 0.20149438, -0.64464778, 0.73744762, 0.20149437, -0.6446479, 0.73744774, 0.2014944, -0.33005282, 0.85550189, 0.3989757, -0.33005276, 0.85550189, 0.39897567, -0.33005282, 0.85550189, 0.3989757, -0.02185153, 0.97970599, 0.19924504, -0.02185153, 0.97970611, 0.19924502, -0.02185153, 0.97970605, 0.19924505, -0.02185152, 0.97970581, -0.19924563, -0.02185152, 0.97970581, -0.19924565, -0.02185152, 0.97970593, -0.19924566], 
    "metadata": {
        "formatVersion": 3.1, 
        "generatedBy": "Maya Exporter"
    }
}